,1.3857598235013788,1.9185512814384875,1.9179343618294697,8.30504966032172,1.119877560244094,0.9407007348962795,0.8513347339554169,1.905140592027844,2.0157764385306356,1.8380226469404495
"[0, 1, 0, 1, 1, 1, 0, 1, 0, 0, 0, 0, 0, 0, 0, 0, 0, 0, 0, 0, 0, 1, 1, 1]",1.009340915654056,2.0782537733019075,2.1150273409917846,3.014236973756754,0.9718678003418236,0.8444641849581183,1.4370918650142592,2.0981254361620456,2.103819625606371,1.5869206807843022
"[0, 0, 0, 1, 1, 1, 0, 0, 0, 0, 0, 0, 0, 0, 0, 0, 0, 0, 0, 0, 0, 1, 1, 1]",0.9665461582311081,1.7998773979091613,7.087161067331332,1.753938899234221,0.5242938400660089,1.4679782473220904,1.6519130485306321,1.773602747888156,1.0251931865190207,1.5562861046199274
"[0, 0, 1, 1, 1, 1, 0, 0, 1, 0, 0, 0, 0, 0, 0, 0, 0, 0, 0, 0, 0, 1, 1, 1]",1.4057184246268333,0.28018985428633403,1.4798787469042873,0.6461891050084289,0.4341175105916589,0.895099711692797,1.1479541243633546,1.0953154345730733,0.5156108409077322,1.3492771212688934
"[0, 0, 1, 1, 1, 1, 0, 0, 1, 0, 0, 0, 0, 0, 0, 0, 0, 0, 0, 0, 0, 0, 1, 1]",-4.721610005256012,-4.355150899977069,-2.6186921395689446,-8.926796127434555,-2.6010566302167057,-1.9025809063408796,-0.6563400794644754,-8.307498024443907,-10.819115098365874,-4.608677405715175
"[0, 0, 0, 1, 1, 1, 0, 0, 0, 0, 0, 0, 0, 0, 0, 0, 0, 0, 0, 0, 0, 0, 1, 1]",-10.931336100221323,1.727499687336486,-0.6983022298525086,-4.5648298845249675,-2.5235566618051166,-4.6073360927818605,-4.733024422591906,-16.95557572361312,-18.46831810305318,-5.184007687553281
"[0, 0, 1, 0, 0, 1, 0, 0, 1, 0, 0, 0, 0, 0, 0, 0, 0, 0, 0, 0, 0, 0, 1, 1]",-28.996450841213473,-14.048142702754996,-9.70174176533489,-28.378269431779135,-1.8420420768112442,-13.193362096156221,-22.698858401547994,-14.06512019296735,-18.071824943583835,-51.42198032867271
"[0, 0, 1, 0, 0, 1, 0, 0, 1, 0, 0, 0, 0, 0, 0, 0, 0, 0, 0, 0, 0, 1, 1, 1]",-0.42364457834705616,-0.5418482876836935,1.8089402807700026,-0.563898718625348,-0.12899124252050204,-0.5509021419653728,-0.15887315113216527,-0.550877748883762,-0.30608002434849974,-0.35407541929716213
"[0, 0, 0, 0, 0, 0, 0, 0, 0, 0, 0, 0, 0, 0, 0, 0, 0, 0, 0, 0, 0, 0, 1, 1]",-8.648089682995831,-26.403117081289228,-31.90163323043648,0.6267754069375897,-52.70790538199325,-4.369002187096805,-26.14079244042193,-25.608711841802787,-5.735126941230959,-4.465456299981163
"[0, 0, 0, 1, 1, 1, 0, 0, 0, 0, 0, 0, 1, 1, 1, 0, 0, 0, 0, 0, 0, 0, 1, 1]",-76.98548745284842,1.347546857914998,-45.314559668219665,-40.32947192856115,-41.69731498288951,-83.9280049952002,-21.07207190007083,-68.51830720344594,-30.236413342999377,-49.651469158317354
"[0, 0, 1, 0, 0, 1, 1, 1, 1, 0, 0, 0, 0, 0, 0, 0, 0, 0, 0, 0, 0, 1, 0, 1]",-1.0919105395313617,-1.0880525286867364,-1.091916069028635,-1.0373981625271376,-0.31320416763624753,-0.5004916897028444,-0.2025123480682137,-1.0805967601567044,-1.0795873865798704,-0.4844731290535088
"[0, 0, 0, 0, 0, 0, 1, 1, 1, 0, 0, 0, 0, 0, 0, 0, 0, 0, 0, 0, 0, 1, 0, 1]",1.9046088397483443,1.6274898519626602,1.4343560337418015,2.6164856168883563,-0.04510530135519564,0.6018052837524037,-0.02207806504925654,74.13010032622941,2.7198364278760003,0.8391953842894622
"[0, 0, 0, 0, 0, 0, 0, 0, 0, 0, 0, 0, 0, 0, 0, 0, 0, 0, 0, 0, 0, 1, 1, 1]",0.21324904568204922,1.4920226308337026,9.397118014590228,0.9169198133535509,0.13291539938349864,-0.009966093155486883,-0.07141145086653441,1.5305848850535015,0.04308940950544295,0.904440690877321
"[0, 0, 1, 0, 0, 1, 1, 1, 1, 0, 0, 0, 0, 0, 0, 0, 0, 0, 0, 0, 0, 0, 0, 1]",-12.681607896281331,-19.21248652669477,-22.73105025775766,-20.09542669726148,-46.296341523073515,-2.297277755498422,-7.128193089041039,-19.763675219074877,-14.713684840144332,-6.960731877158219
"[0, 0, 0, 0, 0, 0, 1, 1, 1, 0, 0, 0, 0, 0, 0, 0, 0, 0, 0, 0, 0, 0, 0, 1]",-8.777586127004215,-19.74556275885799,-8.609504555751151,-33.777075263050016,-15.209448658758383,-11.785209011785534,-12.601435102173287,0.8773357042012266,-6.027842977417922,-48.13541091897502
"[0, 0, 0, 0, 0, 0, 1, 1, 1, 0, 0, 0, 0, 0, 0, 1, 1, 1, 0, 0, 0, 0, 0, 1]",-94.76318469270197,-92.85322550088992,-94.74133388630919,-95.44168518639727,-69.89463214947034,-51.06847636646424,-95.76784024093817,-95.448961290147,-96.15717493967821,-96.53260815736303
"[0, 0, 1, 0, 0, 1, 1, 1, 1, 0, 0, 0, 0, 0, 0, 1, 1, 1, 0, 0, 0, 0, 0, 1]",-96.4596779755917,-95.25905328964704,-72.48372538330622,-93.54939658820467,-93.53006034805962,-93.02359644818289,-94.37166231278641,-96.08793166904199,-96.71780723898166,-94.83431031669859
"[0, 1, 0, 0, 1, 0, 0, 1, 0, 0, 0, 0, 0, 0, 0, 0, 0, 0, 0, 0, 0, 0, 1, 1]",-6.123136652629286,-11.93986291224268,-59.15320277644403,-6.442817103456811,-12.272739963839546,-6.755185410194952,-28.1933419588838,-1.617823796823239,-12.803943451373495,-6.564274012625377
"[0, 0, 1, 1, 1, 1, 0, 0, 1, 0, 0, 0, 1, 1, 1, 0, 0, 0, 0, 0, 0, 0, 1, 1]",-9.86368201632303,-66.37668203803429,-71.34962162592976,-79.09196744568202,-51.15103078325052,-74.41051921595613,1.467561715827641,-37.517548889221416,-46.08256096389606,-89.64871051644118
"[0, 1, 0, 1, 1, 1, 0, 1, 0, 0, 1, 0, 1, 1, 1, 0, 1, 0, 0, 0, 0, 0, 1, 1]",-58.762434096989075,-51.01099005454319,-32.383766578974104,-55.80565084345555,-86.35667123693669,-59.13288173676207,-91.41144830505525,-83.4649561369865,-1.7582873097694813,-75.9548053957817
"[0, 1, 0, 0, 1, 0, 0, 1, 0, 0, 1, 0, 0, 1, 0, 0, 1, 0, 0, 0, 0, 0, 1, 1]",-89.15110097141456,-94.33335022746692,-81.49480830425237,-96.22142046594993,-87.86842201334578,-95.18937719290972,-95.54714789288435,-94.24906878431936,-38.98955923960309,-96.26510444252379
"[0, 0, 0, 0, 0, 0, 0, 0, 0, 0, 0, 1, 1, 1, 1, 0, 0, 1, 0, 0, 0, 1, 1, 1]",2.161144237801402,0.0,0.0,0.0,0.0,0.0,-0.00039188608911366885,0.99,-0.9,0.0
"[0, 1, 0, 0, 1, 0, 0, 1, 0, 0, 0, 0, 0, 0, 0, 0, 0, 0, 0, 0, 0, 1, 1, 1]",0.22869163349817376,2.9116277030461797,1.886888980541527,1.7939481126029837,0.030580129565464194,0.11359058931927352,0.2562062718754703,1.8542941734658518,1.8874282720100342,0.8819776263404311
"[0, 1, 0, 1, 1, 1, 0, 1, 0, 0, 0, 0, 0, 0, 0, 0, 0, 0, 0, 0, 0, 0, 1, 1]",-9.201145763935362,-2.5066429840025846,-6.294852752960747,-3.992335888773443,-9.501475458383792,-15.123537773224548,-9.003229171460145,1.3851990832108734,-5.247923486232202,-10.81122989519654
"[0, 1, 0, 0, 1, 0, 1, 1, 1, 0, 1, 0, 0, 1, 0, 1, 1, 1, 0, 0, 0, 0, 0, 1]",-95.05453310774197,-97.95758085845554,-96.88280065258377,-95.77199361736673,-96.24666086808048,-74.8370474673127,-94.81694666540147,-44.56295308144609,-95.92275355892613,-21.1326955768674
"[0, 1, 0, 0, 1, 0, 1, 1, 1, 0, 0, 0, 0, 0, 0, 0, 0, 0, 0, 0, 0, 1, 0, 1]",0.37313793022861635,1.7583499345626188,1.1306134755069772,0.33982552405368355,0.6524232907154424,0.03192310441242994,0.4238467412160896,1.8217272305237941,0.890793850546769,-0.35183522415765
"[0, 0, 0, 0, 0, 0, 0, 0, 0, 0, 0, 1, 0, 0, 1, 0, 0, 1, 0, 0, 0, 1, 1, 1]",-61.048169621588684,-53.06669679865471,37.109471574925266,0.0,0.8213663523185684,0.7754658933239166,0.0,0.0,1.2203751408523813,0.0
"[0, 0, 1, 0, 0, 0, 0, 0, 1, 0, 0, 0, 0, 0, 0, 0, 0, 0, 0, 0, 0, 0, 1, 1]",-0.8677496402183854,-0.4431424374917645,-0.9122382442386048,-0.21743410623861492,-0.04014454295857938,-1.7350328507062032,-1.4215750896613466,-6.515035804432728,-48.53559761541939,-0.9
"[0, 0, 1, 0, 0, 0, 0, 0, 1, 0, 0, 0, 0, 0, 0, 0, 0, 0, 0, 0, 0, 1, 1, 1]",1.9899884153712468,-0.9,1.8860835348394018,0.0,1.5887977400208015,1.5212223912883047,1.5413031394872323,2.3799491261135253,1.9025125997050742,2.0272004637760626
"[0, 0, 1, 0, 0, 1, 0, 0, 0, 0, 0, 0, 0, 0, 0, 0, 0, 0, 0, 0, 0, 1, 1, 1]",1.3532992254434555,1.8358524555498223,1.931803290486959,5.254382166365989,1.8715705745752156,0.4566496438776056,0.7191022055996918,1.6832973875287394,1.1591701014920437,1.1087056597755431
"[0, 0, 0, 0, 0, 1, 1, 1, 1, 0, 0, 0, 0, 0, 0, 0, 0, 0, 0, 0, 0, 1, 0, 1]",0.7991668214480232,3.4245253885532687,1.3522806176330142,1.0316063918739753,1.6265614046292425,1.7243218712235984,1.5734343605793768,0.9212681191626317,1.1594740590645214,1.3263965733025316
"[0, 0, 0, 1, 0, 0, 1, 1, 1, 0, 0, 0, 0, 0, 0, 0, 0, 0, 0, 0, 0, 1, 0, 1]",3.247791348002938,7.880099210159955,1.3164785053578032,0.4797703330440691,1.3378825568928028,0.6405941172765054,1.051729398241007,1.927100625722791,1.5783836180025912,1.7917367361147787
"[0, 0, 0, 0, 1, 0, 1, 1, 1, 0, 0, 0, 0, 0, 0, 0, 0, 0, 0, 0, 0, 1, 0, 1]",1.3620762069885592,4.53219365536116,1.34137960265048,0.8482669085721584,0.6399275213955882,1.5020649785517186,1.1509903799018641,2.522585796096592,1.6815237102871055,-0.11198860165640873
"[0, 0, 1, 0, 0, 1, 1, 1, 1, 0, 0, 0, 0, 0, 0, 0, 0, 0, 0, 0, 0, 1, 0, 0]",7.540523403360792,93.62068488826289,7.074524484318125,263.3333333327894,4.041653968530143,6.557693885764923,7.491216080699775,88.89509667131209,7.4052172722717895,5.53788954621368
"[0, 0, 1, 0, 0, 1, 0, 0, 1, 1, 0, 0, 1, 0, 0, 1, 0, 0, 0, 0, 0, 1, 1, 1]",-74.96560059526666,-129.02835923545325,-84.80307271927074,-90.0,-81.64814717264484,-90.0,-82.60318512246842,-120.09788169126331,-89.07724532450607,-90.0
"[0, 0, 0, 1, 1, 1, 0, 0, 1, 0, 0, 0, 0, 0, 0, 0, 0, 0, 0, 0, 0, 0, 1, 1]",-0.9,3.9503807363874266,0.0,0.0,0.0,0.0,0.0,0.0,0.0,0.0
"[0, 0, 0, 1, 1, 1, 1, 0, 0, 0, 0, 0, 0, 0, 0, 0, 0, 0, 0, 0, 0, 0, 1, 1]",-0.9,4.983274784796336,0.0,0.0,0.0,0.0,0.0,0.0,0.0,0.0
"[0, 0, 0, 1, 1, 1, 0, 1, 0, 0, 0, 0, 1, 1, 1, 0, 0, 0, 0, 0, 0, 0, 1, 1]",-0.9,-75.55892096467802,-74.0093761629625,0.0,-0.9,-0.9,0.0,0.0,0.0,0.0
"[0, 0, 1, 1, 1, 1, 0, 0, 1, 0, 0, 0, 0, 0, 0, 0, 0, 0, 0, 0, 0, 1, 1, 0]",-0.9,145.8768033672261,138.08830157406265,142.47805405656206,24.745185360805323,142.8976927846161,20.138500499539475,0.0,10.359233999806106,79.97517249919173
"[0, 0, 1, 0, 0, 1, 0, 0, 1, 0, 0, 0, 0, 0, 0, 0, 0, 0, 0, 0, 0, 1, 1, 0]",4.130118346454651,5.0491933334846255,164.3333333189383,3.943004028998842,1.514678525088098,5.190538670537997,2.960087724250127,3.6293773878352757,6.172843265870747,7.297303786209567
"[0, 1, 0, 0, 1, 0, 0, 1, 0, 0, 0, 0, 0, 0, 0, 1, 0, 1, 0, 0, 0, 1, 1, 1]",1.858282959452082,1.9557851879293977,0.0,0.9,1.6217618420391589,1.3203434569172436,1.4087835783542688,1.9617057816425616,0.0,1.556268142618322
"[0, 0, 0, 0, 0, 0, 0, 0, 0, 0, 0, 1, 0, 0, 1, 1, 1, 1, 0, 0, 0, 1, 1, 1]",0.3894539245390056,0.0,0.0,-15.309524079139514,0.7733931532281049,0.0,0.48613016612664384,-28.695088421571302,0.7295972196237788,0.0
"[0, 0, 0, 1, 0, 0, 1, 1, 1, 0, 0, 0, 0, 0, 0, 0, 0, 0, 0, 0, 0, 0, 0, 1]",-1.1781272060028196,-15.977537864737261,-2.2742425443445917,-50.9700486627621,-1.6490847347816744,-1.2476830256811984,-2.5665523843199023,-0.03599497724754713,-1.2527155016235794,-1.3171924429813342
"[0, 0, 0, 0, 1, 0, 1, 1, 1, 0, 0, 0, 0, 0, 0, 0, 0, 0, 0, 0, 0, 0, 0, 1]",-2.1408076675129335,-3.5169852214072552,-2.5634499903070376,-2.2468761578141745,-3.878643239316114,-1.5955525124018703,-2.2763957877593364,-2.1465239343929206,-2.2956894618180796,-2.1771331139559864
"[0, 1, 0, 0, 1, 0, 0, 0, 0, 0, 0, 0, 0, 0, 0, 0, 0, 0, 0, 0, 0, 0, 1, 1]",-74.54499589506764,-80.39072470189565,-6.3408169795456155,-40.40138527436087,-8.887575168136586,-0.9745682046033635,-79.14332043612416,-4.343073425201091,-49.22747932130027,-4.306568455069121
"[0, 1, 0, 0, 1, 0, 0, 0, 0, 0, 1, 0, 0, 0, 0, 1, 1, 1, 0, 0, 0, 1, 1, 1]",-0.9,103.82853183617416,0.0,0.0,0.0,0.0,0.0,0.0,0.0,0.0
"[0, 0, 0, 0, 0, 0, 0, 0, 0, 0, 0, 0, 0, 0, 0, 1, 1, 1, 0, 0, 0, 1, 1, 1]",-0.33638480853603625,-72.56029998532655,2.1400863417205507,0.0,0.0,0.0,0.0,0.0,0.0,0.0
"[0, 1, 0, 0, 1, 0, 1, 1, 1, 0, 0, 0, 0, 0, 0, 0, 0, 0, 0, 0, 0, 0, 0, 1]",-38.54000272711207,-7.796774713741444,-7.912516452981311,-16.84093659203465,-17.03729905093255,-8.102471190365833,-4.347704886073393,-1.9739817188517255,-38.087057084811505,-13.462507503061204
"[0, 1, 0, 0, 1, 0, 1, 1, 1, 1, 0, 1, 0, 0, 0, 0, 0, 0, 0, 0, 0, 1, 0, 1]",-90.0,-90.0,-99.0,-90.0,-90.0,2.400869916215767,0.0,0.0,0.0,0.0
"[0, 0, 1, 0, 0, 1, 1, 1, 1, 0, 0, 0, 1, 0, 0, 0, 0, 0, 0, 0, 0, 1, 0, 1]",-0.9,-0.9,33.29355911779747,8.982539896062859,0.0,0.0,0.0,0.0,0.0,-5.214937790016353
"[0, 0, 0, 0, 0, 0, 0, 0, 0, 0, 0, 0, 0, 0, 0, 0, 0, 1, 0, 0, 0, 1, 1, 1]",1.0632003299484565,0.0,4.95190620996493,-20.019912218653367,1.2108052482497582,1.1894337791903937,1.7003004129392276,1.8995205500756742,1.2886907166083579,0.0
"[0, 0, 0, 0, 0, 0, 0, 0, 0, 0, 0, 1, 0, 0, 0, 0, 0, 1, 0, 0, 0, 1, 1, 1]",1.055772717122312,-59.738585491882105,2.571181746622835,-7.642012647387819,0.0,1.1905621613481057,1.0068778062572243,0.0,1.5569145709061147,0.0
"[0, 0, 0, 1, 1, 1, 0, 0, 0, 0, 0, 1, 0, 0, 0, 1, 1, 1, 0, 0, 0, 1, 1, 1]",-0.9,0.8874956590743537,0.0,0.0,0.0,32.37944937992799,0.7689925987548896,3.5204483738148156,0.0,0.0
"[0, 0, 1, 1, 1, 1, 0, 0, 1, 1, 0, 0, 0, 0, 0, 1, 1, 1, 0, 0, 0, 1, 1, 1]",15.595879284830753,-90.0,-90.0,-90.0,-54.62857745013554,-80.7560313613314,-53.00279728275191,-81.77185209085542,-90.0,-89.7256635298899
"[0, 0, 1, 1, 1, 1, 0, 0, 0, 0, 0, 0, 0, 0, 0, 0, 0, 0, 0, 0, 0, 1, 1, 1]",-0.9,-0.9,5.627293855808934,0.0,22.66534758186045,0.0,0.0,7.672123263653441,0.0,2.9448131199450462
"[0, 0, 0, 0, 0, 1, 0, 0, 1, 0, 0, 0, 0, 0, 0, 0, 0, 0, 0, 0, 0, 1, 1, 1]",1.2443892455615206,2.070174294870478,2.0760805263252733,1.1876602056089303,1.3272673104757045,1.149711996594597,1.7635977048003166,0.8739290055495925,1.3947137973649248,-1.90616746440466
"[0, 0, 0, 1, 0, 0, 1, 0, 0, 0, 0, 0, 0, 0, 0, 0, 0, 0, 0, 0, 0, 1, 1, 1]",1.2789617039246355,1.9948690775127287,1.0550058698819422,2.034552604293252,1.1547618185148836,1.327687791183738,1.745380646676235,2.016707663043562,0.9947648695452875,1.6964055906809852
"[0, 0, 0, 0, 1, 0, 0, 1, 0, 0, 0, 0, 0, 0, 0, 0, 0, 0, 0, 0, 0, 1, 1, 1]",1.0896137876646983,1.899796658105995,1.9751408718407928,1.9827359539577734,1.396307869200113,1.5020141830662386,1.8630499681485282,1.9917246190809488,1.773055431957027,-0.3185240616618481
"[0, 0, 1, 0, 0, 1, 0, 0, 1, 0, 0, 0, 0, 0, 0, 1, 0, 0, 0, 0, 0, 1, 1, 1]",0.370587565206856,0.31492776602112815,-34.26118080427107,0.0,0.9405870219251319,-83.64120003816325,0.8858803915091781,0.0,1.474452286040777,0.3908830096012593
"[1, 0, 0, 1, 1, 1, 1, 0, 0, 0, 0, 0, 0, 0, 0, 0, 0, 0, 0, 0, 0, 0, 1, 1]",-0.9,2.032542735163917,0.0,0.0,0.0,0.0,0.0,0.0,0.0,0.0
"[0, 1, 0, 0, 1, 0, 0, 1, 0, 0, 0, 1, 0, 0, 1, 1, 0, 1, 0, 0, 0, 1, 1, 1]",-0.9,-8.089502578397287,-39.25922782790329,-7.033726678448561,0.2801749316629676,0.0,0.8021723861457233,-66.89107662467899,-68.11437889601604,1.3379287059224216
"[0, 0, 0, 0, 0, 0, 0, 0, 0, 1, 0, 0, 1, 0, 0, 1, 1, 1, 0, 0, 0, 1, 1, 1]",-84.40044866083102,-76.07557639390002,-90.0,-86.77321535214327,-89.98196713735666,-78.04583842781665,-84.93241792121295,-83.46477428005616,-154.7053870632189,-88.07503561343228
"[0, 0, 1, 0, 0, 1, 0, 0, 1, 1, 0, 0, 0, 0, 0, 1, 0, 0, 0, 0, 0, 1, 1, 1]",-114.99017486419962,-87.55257291165036,-99.24833032836473,-128.15345023101946,-88.57504227467058,-92.62956939868717,-93.56777485548433,-86.5057397655387,-93.10537374301826,-90.0
"[0, 0, 0, 0, 0, 0, 0, 0, 0, 1, 0, 0, 1, 0, 0, 1, 0, 0, 0, 0, 0, 1, 1, 1]",-160.9630693761352,-93.21044003708658,-150.0289391830982,-98.31790726969913,-93.28019061914507,-100.82042535847428,-98.69786282363086,-67.6065648752569,-98.01463081322345,-96.06798444466624
"[0, 0, 1, 1, 1, 1, 0, 0, 1, 1, 0, 0, 0, 0, 0, 1, 1, 1, 0, 0, 0, 0, 1, 1]",0.0,0.0,0.0,0.0,0.0,0.0,0.0,0.0,0.0,0.0
"[0, 0, 0, 1, 0, 0, 1, 0, 0, 0, 0, 0, 0, 0, 0, 0, 0, 0, 0, 0, 0, 0, 1, 1]",-75.46388524049549,-5.003758104468403,-1.4748160858804908,-3.2164355317279956,-82.97646252755015,-3.121670637913282,-3.260744516997292,0.38080986409072454,-1.1484725339035744,-14.759042350957287
"[0, 0, 0, 0, 1, 0, 0, 1, 0, 0, 0, 0, 0, 0, 0, 0, 0, 0, 0, 0, 0, 0, 1, 1]",-78.25195399662213,-30.823703438210124,-67.59491599664791,-82.60643935309785,-0.2007053623917321,-73.37137709834883,-31.716914632777446,-45.53517831258002,-80.67069798852218,-9.666789972896002
"[0, 1, 0, 0, 1, 0, 0, 0, 0, 0, 1, 0, 0, 0, 0, 0, 0, 0, 0, 0, 0, 0, 1, 1]",-0.9,0.0,0.0,0.0,0.0,0.0,0.0,0.0,0.0,0.0
"[0, 0, 0, 0, 1, 0, 0, 0, 0, 0, 0, 0, 0, 0, 0, 0, 0, 0, 0, 0, 0, 0, 1, 1]",-0.7375118433670033,-1.016380328665317,-77.9009626334811,-46.445392615340296,-0.5949819449759679,-1.0823480787419606,-0.7553676847552447,0.0,0.0,0.0
"[0, 0, 0, 0, 1, 0, 0, 0, 0, 0, 0, 0, 0, 0, 0, 0, 0, 0, 0, 0, 0, 1, 1, 1]",-0.9,2.2098238623802517,0.0,0.0,0.0,1.3117595305621295,0.0,0.0,0.0,1.5721970526903881
"[0, 1, 0, 0, 1, 0, 0, 1, 0, 0, 0, 1, 0, 0, 0, 0, 0, 1, 0, 0, 0, 1, 1, 1]",1.5911160064279994,-61.347005582403725,1.5749879253622456,-26.198737916332313,1.29563015257789,0.6635146296012735,0.0,1.1349002761837288,2.0924456303326733,1.0163407336358803
"[0, 0, 0, 0, 0, 0, 0, 0, 0, 1, 0, 0, 0, 0, 0, 1, 0, 0, 0, 0, 0, 1, 1, 1]",-108.0178381413911,-92.18786091835287,-90.0,-90.0,-71.50900629960346,-93.1804350071506,-92.27165490874731,-90.6563980083941,-96.37306219030735,-90.0
"[0, 1, 0, 0, 1, 0, 0, 1, 0, 0, 0, 0, 0, 0, 0, 0, 0, 1, 0, 0, 0, 1, 1, 1]",-0.9,2.0820282345806973,2.1618389922470946,0.0,1.1200270171531155,1.5840139560352824,0.8404292428675164,0.0,2.1567408143705182,1.923692620479222
"[0, 0, 0, 0, 0, 0, 0, 0, 0, 0, 0, 0, 0, 0, 0, 1, 0, 0, 0, 0, 0, 1, 1, 1]",-72.01904340687535,1.6616021949127542,0.07996254223814248,1.5229179643992894,1.2620733876580712,0.3763013028216399,1.0411171180290837,1.1372183285593802,0.32618435993968653,1.489501020318471
"[0, 0, 1, 0, 0, 0, 1, 1, 1, 0, 0, 0, 0, 0, 0, 0, 0, 0, 0, 0, 0, 1, 0, 1]",2.01179808921716,1.312749259506447,1.3049637008278916,1.1578189781963073,1.5348703699356387,1.3988220727922336,0.8944696858452745,2.070285945472134,2.04037496678389,1.9063821496415334
"[0, 1, 0, 0, 1, 0, 0, 0, 0, 0, 0, 0, 0, 0, 0, 0, 0, 0, 0, 0, 0, 1, 1, 1]",1.779042925946789,1.8850573028257105,1.9062692187500982,1.861004646286106,0.7775248810147652,1.5600867210793354,1.069362806315014,1.8825043163001935,0.8853553550417498,0.9929811985000245
"[0, 1, 0, 0, 0, 0, 1, 1, 1, 0, 0, 0, 0, 0, 0, 0, 0, 0, 0, 0, 0, 1, 0, 1]",0.9071409311750004,1.8385945441334406,0.7975689141976762,1.2011273992679623,1.8720330381531944,1.702230464112903,1.1376248671057914,1.8955175906456152,1.556543317732904,1.4097966921652718
"[0, 0, 1, 0, 0, 1, 0, 0, 1, 0, 0, 0, 0, 0, 0, 0, 1, 0, 0, 0, 0, 1, 1, 1]",-0.9,-0.5788288052640888,1.5124955604684944,0.9652786619816989,0.0,0.0,1.301912955450117,0.09543608335159195,-61.65989075504549,1.0925273828497222
"[0, 0, 0, 0, 0, 1, 0, 0, 0, 0, 0, 0, 0, 0, 0, 0, 0, 0, 0, 0, 0, 1, 1, 1]",-0.9,2.607361023659012,0.0,0.0,2.2805081716239046,0.0,0.0,0.0,0.0,0.0
"[0, 0, 0, 1, 0, 0, 0, 0, 0, 0, 0, 0, 0, 0, 0, 0, 0, 0, 0, 0, 0, 1, 1, 1]",-0.9,2.4729902764692824,0.0,0.0,0.0,0.0,1.4274176361562683,0.0,0.0,0.0
"[0, 1, 0, 1, 1, 1, 0, 1, 0, 0, 0, 0, 1, 1, 1, 0, 0, 0, 0, 0, 0, 0, 1, 1]",-0.9,-78.13125082058029,3.34661906122711,0.0,-0.05954820835355645,0.0,0.0,-47.13069570378727,-71.0257161395707,-17.737363652596216
"[0, 1, 0, 1, 1, 1, 0, 1, 0, 0, 0, 0, 0, 0, 0, 0, 0, 1, 0, 0, 0, 1, 1, 1]",0.0,0.0,0.0,-58.212318222882615,0.0,0.0,0.0,0.0,0.0,5.178717123684088
"[0, 1, 0, 1, 1, 1, 0, 1, 0, 0, 0, 0, 0, 0, 0, 0, 0, 1, 0, 0, 0, 0, 1, 1]",-0.9,1.9446301959576262,3.3043036276178808,0.0,0.0,0.0,3.627285190749114,0.0,0.0,2.126810096616014
"[0, 0, 0, 0, 0, 0, 0, 0, 0, 0, 1, 0, 0, 1, 0, 0, 1, 0, 0, 0, 0, 1, 1, 1]",4.755997573552611,5.186780443224714,5.023470576648084,5.263007675416049,0.0,4.706993088297473,0.0,0.0,0.5606248101281004,2.822046652030511
"[0, 0, 1, 0, 0, 0, 1, 1, 1, 0, 0, 0, 0, 0, 0, 0, 0, 0, 0, 0, 0, 0, 0, 1]",0.9174404796187043,0.1894366379983593,-0.9,0.20197156657946513,-0.14634835131336282,-2.854898906733628,0.08788312003677379,1.3088346312128813,0.22670163655055975,0.21983263605509407
"[0, 0, 0, 0, 0, 0, 0, 0, 1, 0, 0, 0, 0, 0, 0, 0, 0, 0, 0, 0, 0, 0, 1, 1]",-0.9,4.011567224791845,0.0,0.0,0.0,0.0,0.0,0.0,0.0,0.0
"[0, 0, 0, 0, 0, 0, 1, 0, 0, 0, 0, 0, 0, 0, 0, 0, 0, 0, 0, 0, 0, 0, 1, 1]",-0.9,4.308434357984098,0.0,0.0,0.0,0.0,0.0,0.0,0.0,0.0
"[0, 0, 0, 0, 0, 0, 1, 0, 0, 0, 0, 0, 0, 0, 0, 1, 1, 0, 0, 0, 0, 1, 1, 1]",-0.9,0.9,0.0,0.0,0.0,0.0,0.0,0.0,0.0,0.0
"[0, 0, 0, 0, 0, 0, 0, 1, 0, 0, 0, 0, 0, 0, 0, 0, 1, 0, 0, 0, 0, 1, 1, 1]",20.081248514655314,0.0,0.0,0.0,0.0,0.0,0.0,0.0,0.0,0.0
"[0, 0, 0, 0, 0, 0, 0, 0, 0, 0, 0, 0, 0, 0, 0, 0, 1, 0, 0, 0, 0, 1, 1, 1]",0.9834061602515644,1.7425066651341101,0.0,0.0,0.0,0.0,0.0,1.8427560105966527,0.0,-1.3535160091097103
"[0, 0, 1, 0, 0, 1, 1, 1, 1, 1, 1, 1, 1, 0, 0, 0, 0, 0, 0, 0, 0, 1, 0, 1]",-90.0,-90.0,-28.02806242456713,-72.85597039523549,-90.0,-90.0,-92.9093905224094,-82.5,-74.99999999999999,-68.54447019374999
"[0, 1, 0, 0, 1, 0, 0, 1, 0, 1, 0, 1, 0, 0, 0, 0, 0, 0, 0, 0, 0, 1, 1, 1]",-90.0,-154.39790154553492,-88.54003664736365,-88.93124358853117,-90.0,-87.34062936732082,-91.67369920140072,-92.29607173628169,-92.53525853578822,-89.14984491712944
"[0, 1, 0, 0, 1, 0, 1, 1, 1, 0, 0, 0, 1, 0, 1, 0, 0, 0, 0, 0, 0, 1, 0, 1]",-0.04098977824396355,-80.026909026519,-0.9,-0.9,-88.88630733805684,-0.99,-4.319061654127556,-48.715096178743735,-0.7749999999999999,2.0307412910437312
"[0, 0, 0, 0, 0, 0, 0, 0, 0, 0, 0, 0, 0, 1, 0, 0, 0, 0, 0, 0, 0, 1, 1, 1]",4.633410124858402,12.463022845262298,0.0,0.0,0.0,0.0,0.0,0.0,0.0,14.380466701474763
"[0, 0, 1, 0, 0, 1, 1, 1, 1, 0, 0, 0, 0, 0, 0, 0, 0, 0, 0, 0, 0, 0, 0, 0]",1.804821644660015,1.9640926552679474,118.81972551065265,-0.3213976683491877,-3.7509275028874742,2.0896772794026814,-4.245125925239311,2.578406107528747,2.1966268298345524,2.421696720122812
"[0, 0, 0, 1, 1, 1, 0, 0, 0, 0, 0, 0, 0, 0, 0, 1, 0, 0, 0, 0, 0, 1, 1, 1]",-0.9,10.747266055734986,0.0,6.390869934019403,1.3172020583940571,0.0,0.0,0.0,0.0,0.0
"[0, 0, 0, 0, 0, 0, 1, 1, 1, 0, 0, 0, 1, 0, 0, 0, 0, 0, 0, 0, 0, 1, 0, 1]",15.64486042126858,13.331304124604525,0.0,0.0,0.0,5.078554368415574,0.0,0.0,0.0,0.0
"[0, 0, 1, 0, 0, 1, 1, 1, 1, 0, 0, 0, 0, 1, 0, 0, 0, 0, 0, 0, 0, 1, 0, 1]",7.5055077708892615,0.0,9.477317448698354,0.0,0.0,0.0,0.0,0.0,0.0,0.0
"[0, 0, 0, 0, 0, 0, 1, 1, 1, 0, 0, 1, 1, 1, 1, 0, 0, 0, 0, 0, 0, 1, 0, 1]",-0.9,-65.65871498860287,0.0,-0.08901974623600693,-84.0148962925195,0.0,-0.17099999999999996,0.0,0.0,0.0
"[0, 1, 0, 0, 0, 0, 1, 1, 1, 0, 1, 0, 0, 0, 0, 0, 0, 0, 0, 0, 0, 1, 0, 1]",6.346053934948365,0.0,-0.9,0.0,0.0,0.0,0.0,0.0,0.0,0.0
"[0, 0, 1, 0, 0, 1, 0, 0, 0, 0, 0, 0, 0, 0, 0, 0, 0, 0, 0, 0, 0, 0, 1, 1]",-75.53549474463058,-70.53336949975896,-73.20265257609462,-4.128137647702912,-75.61429955292947,-73.29895331632027,-75.51529328949212,-75.22952251815175,-50.88888537015062,-84.1021298421724
"[0, 0, 0, 0, 0, 1, 1, 1, 1, 0, 0, 0, 0, 0, 0, 0, 0, 0, 0, 0, 0, 0, 0, 1]",-2.3215487743118843,-8.719271593453378,-4.787806444709357,-2.3700943605053197,-18.93336441683782,-5.019519695220515,-11.213675395228726,-2.334095943404737,-3.710676073390025,-2.372936232895374
"[0, 0, 0, 0, 0, 0, 0, 0, 0, 0, 0, 0, 0, 0, 1, 0, 0, 0, 0, 0, 0, 1, 1, 1]",5.487893630036135,0.0,0.0,6.342027977826577,0.0,0.0,5.396799993905157,0.0,0.0,0.0
"[0, 1, 0, 1, 1, 1, 0, 0, 0, 0, 0, 0, 0, 0, 0, 0, 0, 0, 0, 0, 0, 1, 1, 1]",-0.9,11.242468578572424,11.59379217345616,13.81184499067045,0.0,12.801146710613382,0.0,10.241176762595224,0.0,0.0
"[0, 1, 0, 0, 0, 0, 0, 0, 0, 0, 0, 0, 0, 0, 0, 0, 0, 0, 0, 0, 0, 1, 1, 1]",7.695225586156344,4.96375270637289,0.0,0.0,0.0,0.0,0.0,0.0,0.0,0.0
"[0, 1, 0, 0, 0, 0, 0, 1, 0, 0, 0, 0, 0, 0, 0, 0, 0, 0, 0, 0, 0, 1, 1, 1]",3.1345381440203766,4.155646332756009,3.470733269187465,4.332832937440648,3.164298478180392,3.7404896870486435,4.523457263578807,3.222856939290634,3.8288405773404808,0.0
"[0, 0, 0, 0, 0, 0, 1, 1, 1, 0, 1, 0, 0, 1, 0, 0, 0, 0, 0, 0, 0, 0, 0, 1]",-0.9,-4.120724652224536,0.0,0.0,0.0,0.0,0.0,0.0,0.0,0.0
"[0, 0, 1, 1, 1, 1, 0, 0, 1, 0, 0, 0, 0, 0, 0, 0, 1, 0, 0, 0, 0, 1, 1, 1]",3.1907300610185327,0.0,2.765225815355687,4.192009440127785,0.0,0.0,0.0,0.0,0.0,0.9
"[0, 0, 0, 0, 0, 0, 0, 0, 0, 0, 1, 0, 0, 0, 0, 0, 1, 0, 0, 0, 0, 1, 1, 1]",0.974501912765225,0.0,-81.72537560156258,0.0,-0.3762186661470741,2.2538520721610977,3.234817345803335,0.0,0.0,0.9
"[0, 0, 1, 0, 0, 1, 0, 0, 1, 0, 0, 0, 0, 0, 0, 0, 0, 0, 0, 0, 0, 0, 1, 0]",2.3845920821217756,2.787359511738918,31.284924125019835,2.3645377751645897,2.0592112637101057,2.4929887514750195,-3.421093281995491,2.206435883655942,-2.642198058508601,1.7373439929643653
"[0, 1, 0, 0, 1, 0, 0, 1, 0, 0, 0, 0, 0, 0, 0, 1, 0, 0, 0, 0, 0, 1, 1, 1]",2.381965428663937,0.0,0.0,3.3520696430033117,1.2710002897410764,2.6255723750848485,0.0,0.0,0.0,0.0
"[0, 0, 0, 0, 1, 0, 1, 1, 1, 0, 0, 0, 0, 0, 0, 1, 1, 1, 0, 0, 0, 0, 0, 1]",-82.07855699672827,-59.24487657090499,-76.93653076641662,-81.34704593743632,-23.8548854435206,-65.85705938715537,-65.57532310747017,-82.02294456917642,-92.82126275686466,-86.30642125902459
"[0, 0, 1, 0, 0, 1, 0, 0, 1, 0, 1, 0, 0, 1, 0, 0, 1, 0, 0, 0, 0, 1, 1, 1]",0.08818829255771066,-0.9,-11.958733632959394,-0.11920958616319643,-59.965419342360306,0.07056068416546935,-9.720219381276248,-0.04624931190501347,-72.52800856451216,-8.72250162645964
"[0, 1, 0, 0, 1, 0, 1, 1, 1, 0, 0, 1, 1, 0, 1, 0, 0, 0, 0, 0, 0, 1, 0, 1]",-0.9,-38.89766821938767,-0.9,-83.29065787218346,-0.7644314471311996,-59.47471507203373,-35.08968488516681,-59.094178955429996,-0.17099999999999996,1.5231722707774429
"[0, 0, 0, 0, 0, 0, 1, 1, 1, 1, 0, 0, 1, 1, 1, 0, 0, 0, 0, 0, 0, 1, 0, 1]",-86.41391353258835,-90.52491474112547,-90.0,-90.0,10.868592227760143,-89.46741494380184,-90.0,-161.47434923181498,-89.61427620356909,-88.6808587420432
"[0, 1, 0, 0, 0, 0, 1, 1, 1, 0, 0, 0, 0, 0, 0, 0, 0, 0, 0, 0, 0, 0, 0, 1]",-1.012467520458617,-1.0963376577918675,-0.7351947093422952,-0.9076164424674044,-0.7008533519415586,-1.0100674411332289,-0.6126906875688445,-11.508641303501244,-0.8652482065566147,-0.9594702216559888
"[0, 1, 0, 0, 0, 0, 1, 1, 1, 0, 0, 0, 0, 0, 0, 1, 1, 1, 0, 0, 0, 0, 0, 1]",-75.93957165759245,-6.763610046813754,-2.538819,-2.46429,-81.98528922002943,-75.9887323549776,-8.02909142291675,-1.0714322136763192,-82.03967429197374,-90.13851
"[0, 0, 0, 0, 0, 0, 1, 1, 1, 1, 1, 1, 0, 0, 1, 0, 0, 0, 0, 0, 0, 1, 0, 1]",-90.0,-74.73992969246237,-90.0,-90.0,-89.54192816396754,-81.28805656390247,-74.83665342856676,-59.99999999999998,0.0,0.0
"[0, 1, 0, 0, 1, 0, 0, 1, 0, 1, 0, 1, 0, 0, 0, 0, 0, 0, 0, 0, 0, 0, 1, 1]",-0.9,0.9,0.0,0.0,0.0,0.0,0.0,0.0,0.0,0.0
"[0, 0, 0, 0, 0, 0, 0, 0, 0, 1, 1, 1, 0, 0, 1, 0, 0, 1, 0, 0, 0, 0, 1, 1]",-4.308181665948793,-90.0,-50.224645933160765,-48.313236470712496,-49.77499999999996,-49.75358984120603,-49.999999999999964,-49.999999999999964,-49.74264406575075,-49.999999999999964
"[0, 0, 0, 0, 0, 0, 0, 0, 0, 0, 1, 0, 0, 1, 0, 0, 1, 0, 0, 0, 0, 0, 1, 1]",2.187004194994743,-0.6753516114092442,3.8693495947284706,-0.40211716010457366,-0.9,0.0,-0.9,0.0,0.0,0.0
"[0, 0, 0, 0, 0, 1, 0, 0, 1, 0, 0, 0, 0, 0, 0, 0, 0, 0, 0, 0, 0, 0, 1, 1]",-79.95555894585382,-77.22887936971169,-75.62658526244846,-82.95521529023965,-77.06602749869995,-84.77938455476387,-3.7512689209967887,-77.05467723491483,-74.33794298896349,-87.63376358663832
"[0, 0, 1, 0, 0, 1, 0, 0, 1, 0, 0, 1, 0, 0, 1, 0, 0, 1, 0, 0, 0, 0, 1, 0]",4.131614798827485,-15.47818486745983,1.9731430805720436,-5.077543459124712,-60.36351201885944,-1.8756724174241626,-60.0806626909804,5.2706838889499785,4.146008270739199,-8.856843394559299
"[0, 1, 0, 1, 1, 1, 0, 1, 0, 0, 0, 0, 0, 0, 0, 1, 0, 1, 0, 0, 0, 1, 1, 1]",20.217985457887348,18.93842247306494,0.0,0.0,0.0,0.0,0.4844439,9.096878319778927,0.0,0.0
"[0, 0, 1, 1, 1, 1, 0, 0, 1, 0, 0, 0, 0, 0, 0, 0, 0, 0, 0, 0, 0, 0, 1, 0]",-0.9,-0.9,57.451480975019734,0.0,0.0,0.0,0.0,0.0,15.040081892594173,0.0
"[0, 0, 1, 0, 0, 1, 0, 0, 1, 0, 0, 0, 0, 1, 0, 0, 0, 0, 0, 0, 0, 1, 1, 0]",0.0,0.0,0.0,0.0,0.0,0.0,0.0,0.0,0.0,271.77136079331194
"[0, 0, 1, 0, 0, 1, 0, 0, 1, 0, 0, 0, 0, 1, 0, 0, 0, 0, 0, 0, 0, 0, 1, 0]",224.98212964912008,0.0,0.0,0.0,0.0,0.0,0.0,116.03139759959913,0.0,0.0
"[0, 0, 0, 0, 0, 0, 1, 1, 1, 0, 1, 0, 0, 1, 0, 0, 0, 0, 0, 0, 0, 1, 0, 1]",16.753002158265964,-71.28657633220034,4.557968752645719,6.452479037631505,0.0,0.0,0.0,0.0,0.0,0.0
"[0, 0, 1, 0, 0, 1, 0, 0, 1, 0, 0, 0, 0, 0, 0, 1, 1, 1, 0, 0, 0, 1, 1, 1]",-0.15167279605314143,2.9535514946376615,1.7455842620024455,1.3047481583636653,0.0,2.144291008780156,1.6504558287360038,2.6001254843506127,-0.6695256977705014,-0.7214611094624814
"[0, 0, 1, 0, 0, 1, 0, 0, 1, 0, 0, 0, 0, 0, 0, 1, 1, 1, 0, 0, 0, 0, 1, 1]",-0.17099999999999996,19.315132294866515,0.0,0.0,-0.09000809999999991,0.0,0.0,-0.7844979385563114,0.0,0.0
"[0, 1, 0, 0, 0, 0, 0, 1, 0, 0, 0, 0, 0, 0, 0, 0, 0, 0, 0, 0, 0, 0, 1, 1]",-17.344531690199915,-28.259968971644852,-5.155485359393154,-44.00109070662622,-80.90328271214423,-0.3494503927727453,-82.5758200392363,-50.272212700740354,-70.80750859833215,-1.6492597494320074
"[0, 0, 1, 0, 0, 1, 0, 0, 1, 0, 1, 0, 0, 1, 0, 1, 1, 1, 0, 0, 0, 1, 1, 1]",1.4539949114447277,0.4778588505529946,-78.07329872832301,0.8698704804294703,-54.36220451644566,0.9905086915371463,-76.36028211361608,0.571126287002681,-70.72203642715245,1.4425068226296838
"[0, 1, 0, 0, 0, 0, 1, 1, 1, 0, 0, 1, 1, 1, 1, 0, 0, 0, 0, 0, 0, 1, 0, 1]",-0.9,0.9,0.0,0.0,0.0,0.0,0.0,0.0,0.0,0.0
"[0, 1, 0, 1, 1, 1, 0, 1, 0, 0, 0, 1, 0, 0, 0, 0, 0, 1, 0, 0, 0, 1, 1, 1]",-0.9,-52.04999767438231,2.0862458404858293,0.0,0.0,0.0,0.0,0.0,0.0,0.0
"[0, 0, 0, 1, 1, 1, 0, 0, 0, 1, 0, 0, 0, 0, 0, 1, 0, 0, 0, 0, 0, 1, 1, 1]",-97.5400832818148,-80.98049814644763,-86.05170413689366,-1.1985046304352238,-89.08482260892293,-90.0,-89.1794822608923,-69.9022865557406,-88.15059636976657,-85.4052254365508
"[0, 0, 0, 1, 1, 1, 0, 0, 0, 0, 0, 0, 0, 0, 0, 0, 0, 1, 0, 0, 0, 1, 1, 1]",-0.9,10.208696190073422,9.007734968628236,0.0,0.0,0.0,0.0,0.0,0.0,0.0
"[0, 0, 1, 0, 0, 1, 0, 0, 1, 1, 1, 1, 1, 0, 0, 1, 0, 0, 0, 0, 0, 1, 1, 1]",-90.0,-90.0,-69.6627604600591,0.23036470062880413,0.0,0.0,0.0,0.0,0.0,0.0
"[0, 0, 1, 1, 1, 1, 0, 0, 1, 0, 0, 0, 0, 0, 0, 0, 1, 0, 0, 0, 0, 0, 1, 1]",-0.9,1.3175533332430909,0.0,0.0,0.0,0.0,0.0,0.0,0.0,0.0
"[0, 0, 0, 0, 0, 1, 1, 1, 1, 0, 0, 0, 0, 0, 0, 1, 1, 1, 0, 0, 0, 0, 0, 1]",-64.49612993176568,-81.06531827258821,-57.727470665400745,-74.8225382791204,-69.45615818416837,-6.009770938618078,-81.54734636784275,-90.0,-71.72121827670121,-84.30369519505017
"[0, 0, 1, 1, 1, 1, 0, 0, 1, 0, 1, 0, 0, 0, 0, 1, 1, 1, 0, 0, 0, 1, 1, 1]",-0.9,1.634012215516924,-56.98437035576264,-0.9,-0.6986365661415221,0.4859850385323005,0.0,4.998475611519757,0.0,9.64347505473544
"[0, 0, 1, 0, 0, 1, 1, 1, 1, 0, 0, 1, 0, 0, 1, 1, 1, 1, 0, 0, 0, 0, 0, 0]",-44.15130191028862,-37.49202118486947,-5.493360409412361,-14.126231611431805,-33.35296318465413,-45.73632549806106,-57.05803832141798,-5.885153680373307,-48.17457084733367,-52.49802635698559
"[0, 0, 1, 0, 0, 1, 0, 0, 1, 0, 0, 0, 1, 1, 0, 0, 0, 0, 0, 0, 0, 1, 1, 0]",-0.9,-0.9,567.7127206180774,0.0,0.0,0.0,0.0,0.0,0.0,0.0
"[0, 0, 1, 0, 0, 1, 0, 0, 1, 1, 1, 1, 0, 1, 0, 0, 1, 0, 0, 0, 0, 1, 1, 1]",-90.0,-70.1886974451782,-90.0,-90.819,-85.45699583301283,-85.43254135401102,-86.05170413689366,-155.139999678221,-157.2701497593123,-90.0
"[0, 0, 1, 0, 0, 1, 0, 0, 1, 1, 1, 1, 0, 1, 0, 0, 1, 0, 0, 0, 0, 0, 1, 1]",-90.0,-90.0,-90.0,-90.0,-90.0,-3.515923519182185,-0.4548038319426304,-6.595810117622505,0.0,0.0
"[0, 0, 1, 1, 1, 1, 0, 0, 1, 0, 0, 0, 0, 0, 0, 1, 0, 0, 0, 0, 0, 1, 1, 1]",24.67558662212683,-0.9,2.4127814832060412,0.0,21.706334423343293,0.0,0.0,0.0,0.0,0.0
"[0, 0, 1, 0, 0, 1, 1, 1, 1, 0, 1, 0, 1, 1, 1, 0, 0, 0, 0, 0, 0, 1, 0, 1]",-83.3641396145103,-8.458276751459124,1.0981359721255217,-84.75312484323665,-1.8621563643493744,-66.65143833273056,-68.10845480656165,1.3382143929133739,-34.965187359696074,1.3890835857729087
"[0, 1, 0, 0, 1, 0, 0, 1, 0, 0, 0, 0, 1, 0, 1, 0, 0, 0, 0, 0, 0, 1, 1, 1]",-0.9,3.3637940147809506,0.0,0.0,0.0,0.0,0.0,0.0,0.0,0.0
"[0, 0, 1, 0, 0, 1, 0, 0, 1, 0, 0, 0, 1, 0, 0, 0, 0, 0, 0, 0, 0, 1, 1, 1]",6.128256370502919,0.0,0.0,0.0,0.0,0.0,0.0,0.0,0.0,0.0
"[0, 0, 0, 0, 0, 0, 1, 1, 1, 1, 1, 1, 1, 0, 0, 0, 0, 0, 0, 0, 0, 1, 0, 1]",-90.0,-162.6939543514212,-90.0,-90.0,0.0,0.0,0.0,0.0,0.0,0.0
"[0, 1, 0, 0, 1, 0, 0, 1, 0, 0, 0, 1, 0, 0, 1, 0, 0, 0, 0, 0, 0, 1, 1, 1]",-0.9,6.771205804994974,62.35444554398172,0.0,0.0,11.458838911205332,0.0,0.0,0.0,0.0
"[0, 0, 0, 0, 0, 0, 0, 0, 0, 1, 0, 0, 1, 0, 0, 0, 0, 0, 0, 0, 0, 1, 1, 1]",-73.23416223184137,-78.41180988817354,-75.4653542940474,-66.74562424140713,-46.36393870604209,0.0,0.0,0.0,0.0,0.0
"[0, 0, 0, 0, 0, 0, 1, 1, 1, 0, 0, 0, 0, 0, 1, 0, 0, 0, 0, 0, 0, 1, 0, 1]",-0.9,93.76577540733166,0.0,0.0,0.0,0.0,0.0,0.0,0.0,0.0
"[0, 0, 1, 0, 0, 1, 0, 0, 1, 0, 1, 0, 0, 1, 0, 0, 1, 0, 0, 0, 0, 0, 1, 1]",-0.9,-0.9,-71.1130680598729,0.0,0.0,-0.6910297775011367,0.0,0.0,0.0,0.5137040189045079
"[0, 0, 0, 1, 0, 0, 1, 1, 1, 0, 0, 0, 0, 0, 0, 1, 1, 1, 0, 0, 0, 0, 0, 1]",-86.83717892801275,-81.50304363741287,-88.8559746953203,-82.42718099637014,-90.02131520176823,-82.57443235508597,-92.15627296200321,-91.28096777280686,-90.0,-88.74171733284008
"[0, 0, 0, 0, 1, 0, 1, 1, 1, 0, 0, 0, 0, 1, 0, 0, 0, 0, 0, 0, 0, 1, 0, 1]",14.172294528396879,12.753198469940862,0.0,0.0,0.0,0.0,10.2640861154919,0.0,0.0,0.9
"[0, 0, 0, 0, 0, 0, 0, 0, 0, 1, 0, 0, 0, 0, 0, 1, 0, 0, 0, 0, 0, 0, 1, 1]",-0.9,-4.917193780425207,-90.0,-7.723438305950662,9.414878494526631,0.0,0.0,0.0,0.0,0.0
"[0, 0, 0, 0, 0, 0, 1, 1, 1, 0, 1, 0, 1, 1, 1, 0, 0, 0, 0, 0, 0, 1, 0, 1]",-0.9,-62.78861972192719,-0.9,7.290766275498113,0.0,0.0,0.0,-44.528849219825446,0.0,0.0
"[0, 0, 1, 0, 0, 1, 1, 1, 1, 0, 0, 0, 1, 1, 1, 0, 0, 0, 0, 0, 0, 1, 0, 1]",3.2511440046521254,0.0,0.0,0.0,-44.84668165572617,0.0,0.0,-76.57390874880755,9.319795758036312,0.0
"[0, 0, 1, 0, 0, 1, 0, 0, 1, 0, 1, 0, 0, 1, 0, 1, 1, 1, 0, 0, 0, 0, 1, 1]",-0.9,-0.9,0.44434969549131403,0.009837176872484754,0.0,0.0,0.0,0.0,-0.9,0.0
"[0, 0, 0, 0, 1, 0, 0, 1, 0, 0, 0, 0, 0, 1, 0, 0, 0, 0, 0, 0, 0, 1, 1, 1]",-0.9,10.6418106963007,14.866828664107878,0.0,0.0,0.0,0.0,0.0,0.0,0.0
"[0, 0, 1, 0, 0, 1, 1, 1, 1, 1, 1, 1, 0, 0, 0, 0, 0, 0, 0, 0, 0, 1, 0, 1]",-91.56429,-79.54697290782933,-90.0,-50.839959962686585,-90.0,-89.16167279605315,-90.0,-90.0,-67.77892468822698,-90.0
"[0, 0, 1, 0, 0, 1, 0, 0, 1, 0, 1, 0, 1, 1, 1, 0, 1, 0, 0, 0, 0, 1, 1, 1]",-0.9,6.93779721958267,3.7931453659555423,0.0,0.0,0.0,0.0,0.0,0.0,3.037427792264343
"[0, 0, 1, 1, 1, 1, 0, 0, 1, 0, 0, 1, 1, 1, 1, 0, 0, 1, 0, 0, 0, 0, 1, 0]",-0.9,34.099017705612106,42.30948495202605,-1.3731954178270982,0.0,0.0,0.0,0.0,0.0,0.0
"[0, 0, 0, 1, 1, 1, 0, 0, 0, 0, 1, 0, 0, 0, 0, 0, 1, 0, 0, 0, 0, 1, 1, 1]",-0.9,16.694755247439673,0.0,0.0,0.0,0.0,0.0,0.0,0.0,0.9
"[0, 0, 0, 0, 0, 0, 0, 0, 0, 1, 0, 0, 1, 1, 1, 1, 0, 0, 0, 0, 0, 1, 1, 1]",-90.0,-85.46709296880633,-84.60402976151809,-16.991128862636288,-89.1981,-150.18427564580554,-90.0,-147.98175795533956,-85.41986185492978,-90.0
"[0, 0, 0, 1, 1, 1, 0, 0, 0, 0, 1, 0, 0, 0, 0, 0, 1, 0, 0, 0, 0, 0, 1, 1]",0.0,0.0,0.0,0.0,0.0,0.0,0.0,0.0,-0.6793283351676305,0.0
"[0, 0, 1, 0, 0, 1, 0, 0, 1, 1, 0, 0, 1, 0, 0, 1, 1, 1, 0, 0, 0, 1, 1, 1]",-0.9,-0.9,-89.86210794299099,-90.0,-82.38694560280067,0.0,0.0,0.0,0.0,0.0
"[0, 1, 0, 0, 1, 0, 0, 1, 0, 0, 0, 1, 0, 0, 1, 0, 0, 1, 0, 0, 0, 1, 1, 1]",-0.9,-11.737506764978804,-55.470302851787295,-38.63213181940061,-0.239311518642353,-83.40952112226239,0.22665613539005428,-72.65544120404078,1.8846404113570883,-0.14894062797835517
"[0, 0, 0, 0, 0, 0, 0, 0, 0, 0, 0, 1, 0, 0, 1, 1, 1, 1, 0, 0, 0, 0, 1, 1]",-0.9,0.0,0.9856406351757492,-0.856835899559611,0.0,0.0,0.5514286348147772,0.0,0.0,-0.08643284641663547
"[0, 0, 1, 0, 0, 1, 1, 1, 1, 1, 1, 1, 1, 0, 0, 0, 0, 0, 0, 0, 0, 0, 0, 1]",-89.19464385406336,-101.7568359,-90.0,-90.0,-90.0,-2.2923900000000006,-89.18999643284643,-90.0,-90.0,-90.0
"[0, 1, 0, 0, 1, 0, 0, 1, 0, 0, 0, 0, 0, 0, 0, 0, 1, 0, 0, 0, 0, 0, 1, 1]",-0.9,0.0,0.0,0.0,0.0,0.0,0.0,0.0,0.0,0.0
"[0, 1, 0, 0, 1, 0, 0, 1, 0, 0, 0, 0, 0, 0, 0, 0, 1, 0, 0, 0, 0, 1, 1, 1]",-0.9,2.9842437875942043,0.0,0.0,0.0,0.0,0.0,0.0,0.0,0.0
"[0, 1, 0, 0, 1, 0, 0, 1, 0, 1, 0, 0, 1, 0, 0, 1, 0, 0, 0, 0, 0, 1, 1, 1]",-90.0,-83.40843572298026,-90.0,-88.89947623242405,-153.0108093065057,-90.0,-90.0,-80.33937725337901,-148.4737032445346,-90.0
"[0, 1, 0, 0, 1, 0, 0, 1, 0, 1, 0, 0, 0, 0, 0, 1, 0, 0, 0, 0, 0, 1, 1, 1]",-90.0,-90.0,-90.0,-82.52007906865646,-90.0,-69.31763057033386,0.0,0.0,0.0,0.0
"[0, 0, 1, 0, 0, 1, 0, 0, 1, 0, 0, 0, 1, 1, 1, 0, 0, 0, 0, 0, 0, 0, 1, 1]",-0.9,-0.9,-10.934098314065322,-0.9,15.991142547555796,0.0,0.0,0.0,0.0,9.466062800148539
"[0, 0, 1, 0, 0, 1, 0, 0, 1, 0, 0, 0, 0, 1, 0, 0, 0, 0, 0, 0, 0, 1, 1, 1]",2.631587284839374,0.0,5.661033158080429,0.0,0.0,6.765929777072727,0.0,0.0,5.727324478465733,0.0
"[0, 1, 0, 1, 1, 1, 0, 1, 0, 0, 0, 0, 0, 0, 0, 1, 0, 0, 0, 0, 0, 1, 1, 1]",-0.9,27.915029793710094,0.0,0.0,0.0,0.0,0.0,0.0,0.0,0.875
"[0, 0, 0, 1, 1, 1, 0, 0, 0, 0, 0, 0, 0, 0, 0, 0, 1, 0, 0, 0, 0, 1, 1, 1]",4.740570478473846,0.0,0.0,0.0,0.0,0.0,0.0,0.0,0.0,0.0
"[0, 0, 0, 1, 1, 1, 0, 0, 0, 0, 0, 1, 0, 0, 0, 0, 0, 1, 0, 0, 0, 1, 1, 1]",-0.9,-45.437020406879256,4.152334084670695,0.0,0.0,0.0,3.778507139076752,0.0,0.0,0.0
"[0, 0, 0, 1, 1, 1, 0, 0, 0, 0, 0, 0, 0, 0, 0, 1, 0, 0, 0, 0, 0, 0, 1, 1]",-2.0077192131350836,18.556847252141495,0.0,0.0,0.0,0.0,0.0,0.0,0.0,0.0
"[0, 0, 0, 0, 0, 0, 0, 0, 0, 0, 1, 0, 0, 1, 0, 1, 1, 1, 0, 0, 0, 1, 1, 1]",-0.9,6.69206418650861,1.0060129992394624,0.17099999999999996,0.0,0.0,0.0,0.0,0.0,0.0
"[0, 0, 0, 0, 0, 0, 0, 0, 0, 1, 1, 1, 0, 0, 1, 0, 0, 1, 0, 0, 0, 1, 1, 1]",-90.0,-89.60403375513499,-83.57021606337781,-82.83928171703047,-90.0,-86.68481764723367,-89.17774140779287,-95.47346755585741,-92.39878740745506,-90.0
"[0, 0, 1, 0, 0, 1, 0, 0, 0, 1, 0, 0, 1, 0, 0, 1, 0, 0, 0, 0, 0, 1, 1, 1]",-90.0,-90.0,0.0,0.0,0.0,0.0,0.0,0.0,0.0,0.0
"[0, 1, 0, 0, 1, 0, 0, 1, 0, 0, 0, 0, 0, 0, 0, 1, 0, 1, 0, 0, 0, 0, 1, 1]",-0.9,-0.1538279491105683,0.0,0.0,0.0,-0.673469723024023,-0.3628556267346365,0.0,0.0,0.0
"[0, 0, 1, 1, 1, 1, 0, 0, 1, 1, 0, 0, 0, 0, 0, 1, 0, 0, 0, 0, 0, 1, 1, 1]",-90.0,-90.0,-77.34185693578146,-90.0,-83.26648227631772,-142.22351452094853,-86.83282154654323,-90.0,-60.50403379249658,-89.95720108178695
"[0, 0, 0, 0, 0, 0, 1, 1, 1, 1, 0, 0, 1, 0, 0, 0, 0, 0, 0, 0, 0, 1, 0, 1]",-90.819,-86.29586279349866,-99.0,-90.0,-89.08278492160483,-150.72901519944241,-3.252284052855515,-73.18819898938233,-90.819,-90.0
"[0, 1, 0, 0, 1, 0, 1, 1, 1, 1, 0, 1, 0, 0, 1, 0, 0, 0, 0, 0, 0, 1, 0, 1]",-137.75625,-90.0,-90.0,-90.0,-90.0,-90.78944101358583,-90.49060621176102,-90.0,-90.0,-98.41513775655999
"[0, 1, 0, 0, 1, 0, 0, 1, 0, 1, 0, 0, 1, 0, 0, 0, 0, 0, 0, 0, 0, 1, 1, 1]",-81.68651550097086,-82.08186586768736,-82.52723367942704,0.0,0.0,0.0,0.0,0.0,0.0,0.0
"[0, 0, 0, 0, 0, 0, 0, 0, 0, 1, 1, 1, 1, 0, 0, 1, 0, 0, 0, 0, 0, 1, 1, 1]",-98.4795020009928,-87.53298371040175,-90.0,-86.99155716409518,-90.0,-88.80616820301073,-98.39940231889167,-5.954309109732861,-89.271,-90.0
"[0, 1, 0, 0, 1, 0, 0, 1, 0, 0, 0, 1, 0, 0, 1, 1, 0, 1, 0, 0, 0, 0, 1, 1]",-0.9,-3.035309244926126,0.0,0.0,0.0,0.0,0.0,0.0,0.9406249999999999,0.0
"[0, 0, 1, 0, 0, 1, 0, 0, 1, 0, 0, 0, 0, 0, 0, 1, 1, 0, 0, 0, 0, 1, 1, 0]",0.0,0.0,0.9,0.0,0.0,0.0,0.0,0.0,0.0,0.0
"[0, 0, 1, 0, 0, 1, 0, 0, 1, 1, 1, 0, 0, 0, 0, 0, 0, 0, 0, 0, 0, 1, 1, 0]",-90.0,-0.9,305.42045296963437,0.0,0.0,0.0,0.0,110.199029793725,0.0,0.0
"[0, 0, 0, 0, 0, 0, 0, 0, 0, 0, 0, 1, 0, 0, 1, 0, 0, 1, 0, 0, 0, 0, 1, 1]",-0.6317661597227527,1.2313042865071813,0.0,0.0,-0.07251903654697678,-0.7388991265899142,0.0,0.9,0.6107169640138121,0.0
"[0, 0, 0, 0, 0, 0, 0, 0, 0, 0, 1, 0, 0, 1, 0, 0, 0, 0, 0, 0, 0, 1, 1, 1]",-0.9,8.406577841957912,0.0,10.182559445058256,0.0,3.7989735441534194,-0.9,0.0,0.0,0.0
"[0, 1, 0, 0, 1, 0, 0, 1, 0, 1, 0, 1, 0, 0, 1, 0, 0, 1, 0, 0, 0, 1, 1, 1]",-90.0,-98.53669958330129,-90.85341158752088,-87.62188227008266,-90.0,-89.10556341830932,-90.0912603453709,-98.01762808060852,-86.53700976585584,-89.271
"[0, 0, 1, 0, 0, 1, 1, 1, 1, 0, 1, 0, 0, 1, 0, 0, 0, 0, 0, 0, 0, 1, 0, 0]",-0.9,-0.9,88.18257201630583,86.55937894428325,0.0,0.0,0.0,0.0,101.24071844886159,0.0
"[0, 0, 1, 0, 0, 1, 0, 0, 1, 1, 0, 0, 1, 0, 0, 1, 0, 0, 0, 0, 0, 1, 1, 0]",-90.0,-0.9,-90.0,0.0,0.0,0.0,0.0,0.0,0.0,0.0
"[0, 0, 1, 1, 1, 1, 0, 0, 1, 0, 0, 0, 0, 0, 0, 1, 1, 1, 0, 0, 0, 1, 1, 1]",-0.9,-0.9,-52.238318104309414,-0.9,16.379089000359702,0.0,0.0,0.0,0.0,0.0
"[0, 0, 0, 0, 0, 0, 1, 1, 1, 0, 0, 1, 0, 0, 1, 0, 0, 0, 0, 0, 0, 1, 0, 1]",-0.9,9.352706288215064,0.0,0.0,0.0,19.359770358778974,8.583062511140769,0.0,0.0,0.0
"[0, 0, 0, 0, 0, 0, 0, 0, 0, 1, 0, 0, 1, 0, 0, 1, 0, 0, 0, 0, 0, 0, 1, 1]",-86.8238477483723,-87.93781429214323,-87.09553407239929,-85.37842733355507,-89.15510413579123,-83.38265048258623,-96.63061793936068,-90.0111977391144,-86.23523558092204,-87.5
"[0, 1, 0, 0, 1, 0, 1, 1, 1, 0, 0, 1, 0, 0, 1, 0, 0, 0, 0, 0, 0, 1, 0, 1]",-0.9,-58.101718991243345,-0.5249999999999997,-0.06635003464105904,0.02196558635669498,0.0,0.0,0.0,0.0,-76.95446937753127
"[0, 0, 1, 1, 1, 1, 0, 0, 1, 0, 1, 0, 0, 0, 0, 0, 1, 0, 0, 0, 0, 1, 1, 1]",6.925386319836342,-0.9,15.758026862869997,0.0,0.0,0.0,0.0,0.0,0.0,0.0
"[0, 0, 1, 0, 0, 1, 1, 1, 1, 1, 1, 1, 0, 1, 0, 0, 0, 0, 0, 0, 0, 1, 0, 1]",-171.9,-168.94336232218544,-171.9,-68.73284538527517,-90.0,-98.69546840344142,-90.0,-90.0,-90.0,-98.97456226560756
"[0, 0, 0, 0, 0, 0, 0, 0, 0, 1, 0, 0, 1, 0, 0, 1, 1, 1, 0, 0, 0, 0, 1, 1]",-90.0,-87.39206796167919,-89.6821013647943,-89.1768347750796,-3.704434625845605,-87.37906078914742,-87.5,-0.0181481796283548,-1.2777153494540818,-0.6213309677113871
"[0, 0, 1, 0, 0, 1, 0, 0, 1, 0, 0, 0, 0, 0, 0, 0, 1, 0, 0, 0, 0, 0, 1, 1]",-0.9,-0.9,-2.275826401685925,-3.1154374117150594,-0.7510277951226387,5.4976694319418336,0.0,0.0,0.0,0.0
"[0, 0, 1, 0, 0, 1, 1, 1, 1, 0, 1, 0, 0, 1, 0, 0, 0, 0, 0, 0, 0, 1, 0, 1]",0.3823309126142842,-0.9,1.8794378602738104,2.069047535256372,-63.25118502957579,0.0,-50.3253770161094,1.827214722045258,0.0,0.0
"[0, 1, 0, 0, 1, 0, 1, 1, 1, 0, 0, 0, 0, 0, 0, 1, 1, 1, 0, 0, 0, 0, 0, 1]",-0.9,-3.1718347694065248,-0.9,-0.9,-69.72515071852538,-0.9,1.375466240889402,0.0,0.0,0.0
"[0, 0, 0, 0, 0, 0, 0, 0, 0, 0, 0, 0, 1, 1, 1, 0, 0, 0, 0, 0, 0, 1, 1, 1]",-0.9,12.37762896052486,0.0,0.0,-0.9,0.0,0.0,0.0,0.0,0.0
"[0, 0, 0, 0, 0, 0, 0, 0, 0, 0, 0, 0, 1, 0, 1, 0, 0, 0, 0, 0, 0, 1, 1, 1]",3.190921335342701,0.0,0.0,0.0,0.0,0.0,0.0,0.0,0.0,0.0
"[0, 0, 0, 0, 0, 0, 1, 1, 1, 0, 0, 0, 1, 1, 0, 0, 0, 0, 0, 0, 0, 1, 0, 1]",-0.9,16.8832010778625,0.0,0.0,0.0,0.0,0.0,0.0,0.0,0.0
"[0, 0, 1, 0, 0, 1, 1, 1, 1, 0, 0, 0, 0, 1, 0, 0, 0, 0, 0, 0, 0, 1, 0, 0]",192.1781902640568,0.0,0.0,0.0,0.0,0.0,0.0,245.66433411388604,0.0,0.0
"[0, 0, 1, 0, 0, 1, 0, 0, 1, 0, 1, 0, 0, 1, 0, 0, 0, 0, 0, 0, 0, 1, 1, 1]",4.422755391309348,-0.9,31.19445191378253,0.0,6.306394317281096,0.0,0.0,6.238959481092749,0.0,0.0
"[0, 1, 0, 0, 1, 0, 1, 1, 1, 0, 0, 0, 0, 0, 1, 0, 0, 0, 0, 0, 0, 1, 0, 1]",-0.9,17.98927340360981,13.227546258189923,0.0,0.0,15.454310979792865,0.0,0.0,0.0,0.0
"[0, 1, 0, 0, 1, 0, 0, 1, 0, 0, 1, 0, 0, 1, 1, 0, 1, 0, 0, 0, 0, 0, 1, 1]",-0.9,0.0,0.0,0.0,0.0,0.0,0.0,0.0,0.0,0.0
"[0, 1, 0, 0, 1, 0, 0, 1, 0, 0, 0, 0, 0, 0, 1, 0, 0, 0, 0, 0, 0, 1, 1, 1]",-0.9,10.501225849586351,0.0,11.619927969319,11.995587263782424,0.0,0.0,5.188614254539935,13.377640841514534,8.87877887924978
"[0, 1, 0, 0, 1, 0, 0, 1, 0, 0, 0, 0, 0, 0, 0, 0, 0, 1, 0, 0, 0, 0, 1, 1]",-0.9,-4.770750518773431,0.11232813551635368,0.0,0.0,0.0,0.0,0.0,9.07703711206621,0.0
"[0, 1, 0, 0, 1, 0, 0, 1, 0, 0, 0, 0, 1, 0, 0, 0, 0, 0, 0, 0, 0, 0, 1, 1]",0.0,1.8365683849865564,0.0,0.0,0.0,0.0,0.0,0.0,0.0,0.0
"[0, 0, 0, 0, 0, 0, 0, 0, 0, 0, 0, 0, 0, 1, 0, 0, 0, 0, 0, 0, 0, 0, 1, 1]",-0.9,10.932491241539402,0.0,0.0,0.0,0.0,-0.7954853845695611,0.0,0.0,0.0
"[0, 1, 0, 0, 1, 0, 0, 1, 0, 0, 0, 1, 0, 0, 0, 0, 0, 1, 0, 0, 0, 0, 1, 1]",-0.6040732393993697,-6.74531296710596,6.251353247096592,-53.73218572126596,0.0,0.0,0.0,0.0,0.0,0.0
"[0, 0, 0, 1, 1, 1, 0, 1, 0, 0, 0, 0, 0, 0, 0, 0, 0, 0, 0, 0, 0, 0, 1, 1]",0.1939666494254615,-0.59815303220383,1.404971075487393,0.7156825195384346,0.0,3.3699993936320802,1.3096967111597415,0.0,6.271972913057082,0.0
"[0, 1, 0, 0, 1, 0, 0, 1, 0, 1, 0, 0, 1, 0, 0, 0, 0, 0, 0, 0, 0, 0, 1, 1]",4.828772154769752,0.0,0.0,0.0,0.0,0.0,0.0,0.0,0.0,0.0
"[0, 0, 0, 0, 0, 0, 0, 0, 0, 0, 1, 0, 1, 1, 1, 0, 1, 0, 0, 0, 0, 1, 1, 1]",4.2105741088091335,0.0,0.0,12.113336699475006,0.0,0.0,0.0,0.0,0.0,-3.20876620276839
"[0, 0, 0, 0, 0, 0, 0, 0, 0, 0, 0, 0, 1, 0, 0, 0, 0, 0, 0, 0, 0, 1, 1, 1]",-0.9,7.454147075539341,14.988523652573885,16.516261039962956,0.0,0.0,0.0,0.0,0.0,0.0
"[0, 1, 0, 0, 1, 0, 0, 0, 0, 0, 1, 0, 0, 0, 0, 0, 0, 0, 0, 0, 0, 1, 1, 1]",-0.9,4.196925081096571,0.0,0.0,0.0,0.0,0.0,0.0,0.0,0.0
"[0, 0, 0, 0, 0, 0, 0, 0, 0, 0, 0, 1, 1, 1, 1, 0, 0, 1, 0, 0, 0, 0, 1, 1]",-0.9,0.999,0.0,0.0,0.0,0.0,0.0,0.0,0.0,0.0
"[0, 0, 1, 0, 0, 1, 0, 0, 1, 1, 0, 0, 1, 1, 1, 1, 0, 0, 0, 0, 0, 0, 1, 1]",-0.25792290437596516,-90.0,-90.0,-90.0,0.0,0.0,0.0,0.0,0.0,0.0
"[0, 0, 0, 0, 0, 0, 0, 0, 0, 0, 0, 0, 0, 0, 0, 1, 1, 0, 0, 0, 0, 1, 1, 1]",9.906237959292417,6.616462662767089,0.0,0.0,0.0,0.0,0.0,0.0,0.0,0.5088855901021488
"[0, 0, 1, 0, 0, 1, 1, 1, 1, 1, 0, 0, 1, 1, 1, 0, 0, 0, 0, 0, 0, 1, 0, 1]",-77.91826604368464,-90.0,-90.0,-90.0,-89.18901974623601,-0.9,-90.0,-90.0,-79.81592299224342,5.024071479076681
"[0, 0, 1, 0, 0, 1, 0, 0, 1, 1, 1, 1, 0, 0, 0, 0, 0, 0, 0, 0, 0, 1, 1, 1]",-90.0,-90.0,4.963375504806862,-90.0,-87.18802432465633,-81.60407484630052,-88.70294706160355,-90.819,-93.03660556134298,-81.25737496846088
"[0, 0, 1, 0, 0, 1, 1, 1, 1, 0, 0, 0, 1, 1, 0, 0, 0, 0, 0, 0, 0, 1, 0, 0]",-0.9,-0.9,214.0605503589982,0.0,0.0,0.0,0.0,0.0,0.0,0.7499999999999999
"[0, 0, 1, 0, 0, 1, 0, 0, 1, 0, 0, 0, 0, 0, 0, 0, 1, 0, 0, 0, 0, 1, 1, 0]",-0.9,0.0,0.0,0.0,0.0,94.19958900593252,0.0,0.0,0.0,52.34042868334447
"[0, 0, 1, 0, 0, 1, 0, 0, 1, 0, 0, 0, 0, 0, 0, 0, 1, 0, 0, 0, 0, 0, 1, 0]",166.19847212343603,0.0,0.0,0.0,0.0,0.0,0.0,0.0,-0.9,0.0
"[0, 0, 0, 0, 0, 0, 0, 0, 0, 0, 1, 0, 0, 1, 0, 1, 1, 1, 0, 0, 0, 0, 1, 1]",0.1375870360238282,0.0,3.465432846230936,0.0,0.0,0.0,0.0,0.0,0.0,0.0
"[0, 0, 0, 0, 0, 0, 1, 1, 1, 1, 1, 1, 0, 1, 0, 0, 0, 0, 0, 0, 0, 0, 0, 1]",-90.0,-90.0,-2.4920664673658437,-90.0,0.0,0.0,0.0,-89.08592359646252,0.0,0.0
"[0, 0, 1, 0, 0, 1, 0, 0, 1, 0, 1, 0, 0, 0, 0, 0, 0, 0, 0, 0, 0, 1, 1, 0]",-0.9,-0.9,211.43339683282787,0.0,0.0,0.0,0.0,0.0,0.0,0.0
"[1, 0, 0, 1, 1, 1, 1, 0, 0, 0, 0, 0, 0, 0, 0, 0, 0, 0, 0, 0, 0, 1, 1, 1]",-0.9,7.949552861143799,0.0,0.0,0.0,0.0,0.0,0.0,0.0,0.0
"[0, 0, 1, 0, 0, 1, 1, 1, 1, 1, 1, 1, 0, 1, 0, 0, 0, 0, 0, 0, 0, 0, 0, 1]",-2.7144122721397963,-55.67724999999997,-50.67499999999996,-76.39460239132532,-89.5992871443654,-88.90079154124227,-47.50840710629785,-86.75422586935981,-1.0810881630262308,-1.3108075687296292
"[0, 1, 0, 0, 1, 0, 0, 1, 0, 1, 0, 0, 1, 0, 0, 1, 0, 0, 0, 0, 0, 0, 1, 1]",-90.0,-73.48258841442728,0.0,0.0,0.0,0.0,0.0,0.0,0.0,0.0
"[0, 0, 1, 0, 0, 1, 0, 0, 1, 0, 1, 0, 0, 0, 0, 0, 1, 0, 0, 0, 0, 1, 1, 1]",0.4872201791500641,1.1105931225981411,-49.17077316367081,1.0234005705926164,0.0,0.0,0.7700560729739812,0.5653887003470455,0.0,0.08189034386154548
"[0, 0, 0, 1, 1, 1, 0, 0, 0, 1, 1, 1, 0, 0, 0, 0, 1, 0, 0, 0, 0, 1, 1, 1]",-90.0,-90.0,-51.014926610049045,-66.50475506899953,0.0,0.0,0.0,0.0,0.0,0.0
"[0, 1, 0, 0, 0, 0, 1, 1, 1, 0, 1, 0, 1, 1, 1, 0, 0, 0, 0, 0, 0, 1, 0, 1]",-0.9,169.91043122159547,0.0,0.0,0.0,0.0,0.0,0.0,0.0,0.0
"[0, 0, 0, 0, 0, 0, 1, 1, 1, 0, 0, 0, 1, 1, 1, 0, 0, 0, 0, 0, 0, 1, 0, 1]",28.06838840098291,0.0,0.0,0.0,0.0,-0.9,0.0,0.0,0.0,0.0
"[0, 0, 1, 1, 1, 1, 0, 0, 1, 0, 1, 0, 0, 0, 0, 1, 1, 1, 0, 0, 0, 0, 1, 1]",-0.9,-0.9,1.7588702338084827,2.749300759344079,0.0,0.0,0.0,0.0,0.0,0.0
"[0, 0, 0, 0, 0, 0, 1, 1, 1, 0, 0, 1, 1, 1, 1, 0, 0, 0, 0, 0, 0, 0, 0, 1]",-0.9,-89.5702131,-1.0203686240802332,-0.9,-0.21902964942222838,-89.271,-3.903672850954404,-3.163271337546444,-1.5053121233909612,-1.762259065558174
"[0, 0, 1, 0, 0, 1, 1, 1, 1, 1, 0, 0, 1, 1, 1, 0, 0, 0, 0, 0, 0, 0, 0, 1]",3.1433162578601697,0.0,0.0,0.0,-0.9,0.0,0.0,0.0,0.0,0.0
"[0, 0, 0, 1, 0, 0, 1, 0, 0, 0, 0, 0, 0, 0, 0, 1, 1, 0, 0, 0, 0, 0, 1, 1]",-0.9,0.0,0.0,0.0,0.0,0.0,0.0,0.0,0.0,0.0
"[0, 0, 0, 1, 0, 0, 1, 0, 0, 0, 0, 0, 0, 0, 0, 1, 1, 0, 0, 0, 0, 1, 1, 1]",-0.9,9.33263689557129,0.0,0.0,0.0,0.0,0.0,0.0,0.0,0.0
"[0, 1, 0, 0, 1, 0, 0, 1, 0, 0, 0, 1, 1, 0, 1, 0, 0, 1, 0, 0, 0, 1, 1, 1]",7.6970333867789495,5.81215603778087,8.859107779070975,0.0,0.0,0.2424212068002234,0.0,0.0,9.86859331987693,0.0
"[0, 0, 0, 0, 0, 0, 0, 0, 0, 0, 1, 0, 0, 1, 0, 0, 0, 0, 0, 0, 0, 0, 1, 1]",0.0,0.0,0.0,0.0,0.0,0.0,5.226466407271532,0.0,0.0,0.0
"[0, 0, 1, 0, 0, 1, 0, 0, 1, 0, 1, 0, 1, 1, 1, 0, 1, 0, 0, 0, 0, 0, 1, 1]",-0.6690510082571052,-0.5484428893966872,3.189156889717356,0.0,0.0,0.0,0.0,0.0,0.0,0.0
"[0, 0, 1, 1, 1, 1, 0, 0, 1, 0, 1, 0, 0, 0, 0, 0, 1, 0, 0, 0, 0, 0, 1, 1]",-0.9,-0.9,3.78958857726818,0.0,0.0,0.0,0.0,0.0,0.0,0.0
"[0, 0, 0, 1, 1, 1, 1, 0, 0, 0, 0, 0, 0, 0, 0, 0, 0, 0, 0, 0, 0, 1, 1, 1]",-0.9,4.693295374654209,0.0,0.0,0.0,0.0,0.0,8.919548417083575,0.0,0.0
"[0, 0, 0, 1, 1, 1, 0, 1, 0, 0, 0, 0, 0, 0, 0, 0, 0, 0, 0, 0, 0, 1, 1, 1]",0.0,0.0,9.180634446933734,0.0,0.0,0.0,0.0,0.0,0.0,8.160680236871164
"[0, 0, 0, 0, 0, 0, 0, 0, 0, 0, 0, 1, 0, 0, 1, 0, 0, 0, 0, 0, 0, 1, 1, 1]",-0.9,0.0,0.0,0.0,0.0,27.6855488524777,0.0,0.0,0.0,0.0
"[0, 1, 0, 0, 1, 0, 0, 1, 0, 0, 0, 1, 0, 0, 1, 0, 0, 1, 0, 0, 0, 0, 1, 1]",-0.9,-59.54086809387866,1.450173932067725,0.0,0.0,0.0,0.0,0.0,0.0,0.0
"[0, 0, 0, 1, 1, 1, 0, 0, 1, 0, 0, 0, 1, 1, 1, 0, 0, 0, 0, 0, 0, 0, 1, 1]",-0.9,10.780576646258965,0.0,0.0,0.0,0.0,0.0,0.0,0.0,0.0
"[0, 0, 0, 1, 1, 1, 1, 0, 0, 0, 0, 0, 1, 1, 1, 0, 0, 0, 0, 0, 0, 0, 1, 1]",-0.17099999999999996,-86.59322977740594,-0.9,-73.7654922574636,19.13070447849011,0.0,0.0,0.0,0.0,0.0
"[0, 1, 0, 0, 1, 0, 0, 1, 0, 0, 0, 0, 1, 0, 0, 0, 0, 0, 0, 0, 0, 1, 1, 1]",9.114526321695015,0.0,0.0,0.0,0.0,0.0,0.049459796566818426,0.0,8.632623434584781,0.0
"[0, 0, 1, 0, 0, 1, 0, 0, 0, 0, 1, 0, 0, 1, 0, 0, 1, 0, 0, 0, 0, 0, 1, 1]",1.4589098714912176,0.0,0.0,0.0,0.0,0.0,0.0,0.0,0.0,0.0
"[0, 1, 0, 0, 1, 0, 0, 1, 0, 1, 0, 0, 0, 0, 0, 1, 0, 0, 0, 0, 0, 0, 1, 1]",-90.0,0.0,0.0,0.0,0.0,0.0,0.0,0.0,0.0,0.0
"[0, 0, 1, 0, 0, 1, 0, 0, 1, 1, 1, 1, 1, 0, 0, 1, 0, 0, 0, 0, 0, 0, 1, 1]",-90.0,-90.0,-90.0,-90.0,0.0,0.0,-89.12004855794784,0.0,0.0,0.0
"[0, 0, 1, 0, 0, 0, 1, 1, 1, 0, 0, 0, 0, 0, 0, 1, 1, 1, 0, 0, 0, 0, 0, 1]",-1.4109999999999998,-68.70151984991469,-78.10696025605992,-0.9,-31.190559344118867,-81.34405542723243,-12.34840348757351,-77.78769637357162,-1.3714999999999997,-79.41641077700115
"[0, 0, 1, 0, 0, 1, 0, 0, 0, 0, 1, 0, 0, 1, 0, 0, 0, 0, 0, 0, 0, 1, 1, 1]",-0.9,-0.9,9.318090478512394,0.0,0.0,0.0,0.0,0.0,0.0,0.0
"[0, 0, 0, 0, 1, 0, 1, 1, 1, 0, 0, 0, 0, 0, 1, 0, 0, 0, 0, 0, 0, 1, 0, 1]",-0.9,0.9,0.0,0.0,0.0,0.0,0.0,0.0,0.0,0.0
"[0, 0, 0, 0, 0, 0, 1, 1, 1, 0, 0, 0, 1, 0, 1, 0, 0, 0, 0, 0, 0, 1, 0, 1]",0.0,8.33735227235871,0.0,0.0,0.0,0.0,0.0,0.0,0.0,0.0
"[0, 0, 0, 0, 1, 0, 0, 1, 0, 1, 1, 1, 0, 1, 0, 0, 1, 0, 0, 0, 0, 1, 1, 1]",-90.0,0.0,0.0,0.0,0.0,0.0,0.0,0.0,0.0,0.0
"[0, 0, 0, 0, 0, 0, 1, 1, 1, 1, 1, 1, 0, 1, 0, 0, 0, 0, 0, 0, 0, 1, 0, 1]",-90.0,-90.0,-90.0,-99.0,-90.0,-77.06314813446407,-90.0,-58.58027568598631,-72.03975508752858,-90.0
"[0, 1, 0, 0, 1, 0, 0, 1, 0, 0, 0, 0, 1, 0, 1, 0, 0, 0, 0, 0, 0, 0, 1, 1]",-0.9,-15.560751125574425,0.0,0.0,0.0,0.0,0.0,0.0,0.0,0.0
"[0, 0, 1, 0, 0, 1, 0, 0, 0, 0, 0, 1, 0, 0, 0, 0, 0, 0, 0, 0, 0, 1, 1, 1]",-0.9,0.0,0.0,0.9,0.0,0.0,0.0,0.0,0.0,0.0
"[0, 0, 0, 1, 0, 0, 1, 0, 0, 0, 0, 1, 1, 0, 1, 0, 0, 1, 0, 0, 0, 1, 1, 1]",-0.9,0.9,0.0,0.0,0.0,0.0,0.0,0.0,0.0,0.0
"[0, 0, 0, 0, 0, 0, 1, 0, 0, 0, 0, 0, 0, 0, 0, 0, 0, 0, 0, 0, 0, 1, 1, 1]",-0.9,3.5947245120892557,0.0,0.0,0.0,0.0,0.0,0.0,0.0,0.0
"[0, 0, 0, 0, 0, 0, 0, 1, 0, 0, 0, 0, 0, 0, 0, 0, 0, 0, 0, 0, 0, 1, 1, 1]",-0.9,2.553789680480377,0.0,0.0,0.0,0.0,0.0,0.0,1.8908898473918159,1.9542640947401175
"[0, 0, 0, 1, 0, 0, 1, 1, 1, 0, 0, 0, 1, 1, 0, 0, 0, 0, 0, 0, 0, 1, 0, 1]",-0.9,17.0185958601798,0.0,-0.9,-0.9,0.0,0.0,0.0,0.0,0.0
"[0, 0, 0, 0, 0, 1, 1, 1, 1, 0, 0, 0, 1, 1, 1, 0, 0, 0, 0, 0, 0, 1, 0, 1]",8.288911036606168,0.0,0.0,0.0,0.0,0.0,0.0,0.0,0.0,0.0
"[0, 0, 0, 0, 0, 1, 0, 0, 0, 0, 0, 0, 0, 0, 0, 0, 0, 0, 0, 0, 0, 0, 1, 1]",-0.9,5.313777744063396,0.0,16.21419339232123,0.0,0.0,0.0,0.0,0.0,0.0
"[0, 0, 0, 1, 0, 0, 0, 0, 0, 0, 0, 0, 0, 0, 0, 0, 0, 0, 0, 0, 0, 0, 1, 1]",-78.14200149252808,3.808308217780413,0.0,0.0,0.0,1.7953574382489468,4.001061694256952,0.0,0.0,1.4091643131666447
"[0, 0, 0, 1, 0, 0, 0, 0, 0, 0, 0, 1, 0, 0, 1, 1, 1, 1, 0, 0, 0, 1, 1, 1]",-0.9,0.9,0.0,0.0,0.0,0.0,0.0,0.0,0.0,0.0
"[0, 0, 0, 0, 1, 0, 0, 0, 0, 1, 0, 0, 1, 0, 0, 1, 1, 1, 0, 0, 0, 1, 1, 1]",5.011343094600615,0.0,0.0,0.0,0.0,0.0,0.0,0.0,0.0,0.0
"[0, 0, 1, 1, 1, 1, 0, 0, 0, 0, 0, 0, 0, 0, 0, 0, 0, 0, 0, 0, 0, 0, 1, 1]",-0.9,-0.9,2.5244606419074644,0.0,0.0,0.0,1.9249665689411934,1.0636662560968249,32.173323917556964,2.404283806307433
"[0, 0, 1, 0, 0, 1, 1, 1, 1, 0, 1, 0, 0, 0, 0, 0, 0, 0, 0, 0, 0, 1, 0, 0]",90.0,0.0,0.0,0.0,0.0,0.0,0.0,0.0,0.0,0.0
"[0, 1, 0, 0, 1, 0, 1, 1, 1, 0, 0, 0, 1, 0, 1, 0, 0, 0, 0, 0, 0, 0, 0, 1]",-0.9,-0.3361739414538356,-0.6537252226209755,-0.9,-0.6499999999999998,-0.6544397270474448,-0.6479737896006793,0.922411673846588,0.0,0.0
"[0, 0, 0, 0, 1, 0, 0, 1, 0, 0, 0, 0, 0, 0, 0, 0, 1, 0, 0, 0, 0, 1, 1, 1]",-0.9,4.9595388089562995,0.0,0.0,0.0,0.0,0.0,0.0,0.0,0.0
"[0, 0, 1, 0, 0, 1, 0, 0, 1, 0, 1, 0, 0, 0, 0, 0, 1, 0, 0, 0, 0, 0, 1, 1]",-3.756537582280945,-0.9,13.34090144700683,0.0,0.0,0.0,0.0,0.0,0.0,0.0
"[0, 0, 0, 0, 0, 0, 0, 0, 0, 0, 0, 0, 0, 0, 0, 0, 1, 0, 0, 0, 0, 0, 1, 1]",-0.4119509841316431,-32.65840678076276,0.0,0.0,0.0,0.0,0.0,0.0,0.0,0.0
"[0, 0, 0, 1, 1, 1, 0, 0, 0, 0, 1, 0, 0, 0, 0, 1, 1, 1, 0, 0, 0, 1, 1, 1]",7.300155553834125,9.831837090721892,0.0,0.0,3.9801017529983937,0.0,0.0,10.234759943005091,0.0,0.0
"[0, 0, 0, 0, 0, 0, 1, 1, 1, 1, 1, 1, 0, 0, 0, 0, 0, 0, 0, 0, 0, 1, 0, 1]",1.2521195056265257,0.0,-90.0,0.0,0.0,0.0,0.0,0.0,0.0,0.0
"[0, 0, 1, 1, 1, 1, 0, 0, 0, 0, 0, 0, 1, 1, 1, 0, 0, 0, 0, 0, 0, 0, 1, 1]",-0.9,-0.9,2.0219351214353747,0.0,-59.7347468497765,0.0,0.0,0.0,0.0,0.0
"[0, 0, 0, 0, 0, 0, 0, 0, 0, 0, 0, 1, 0, 0, 1, 0, 0, 0, 0, 0, 0, 0, 1, 1]",-0.9,7.471327839370019,0.0,0.0,0.0,0.0,0.0,0.0,0.0,0.0
"[0, 0, 1, 0, 0, 1, 0, 0, 1, 1, 0, 0, 1, 0, 0, 0, 0, 0, 0, 0, 0, 0, 1, 1]",-83.74090210778917,0.0,0.0,0.0,0.0,0.0,0.0,0.0,0.0,0.0
"[0, 0, 1, 0, 0, 0, 1, 1, 1, 0, 0, 1, 1, 1, 1, 0, 0, 0, 0, 0, 0, 1, 0, 1]",-0.9,-0.9,9.285972762248207,0.0,0.0,0.0,0.0,0.0,0.0,0.0
"[0, 0, 0, 0, 0, 0, 0, 0, 0, 1, 1, 1, 0, 1, 0, 0, 1, 0, 0, 0, 0, 1, 1, 1]",-90.0,-90.0,-75.03344129698291,-73.87505335060168,-90.0,-89.14129470616035,-90.0,0.0,0.0,0.0
"[0, 0, 1, 0, 0, 1, 0, 0, 1, 1, 0, 0, 1, 0, 0, 1, 1, 0, 0, 0, 0, 1, 1, 0]",-0.9,-0.9,223.09332446570335,0.0,0.0,0.0,0.0,0.0,0.0,0.0
"[0, 0, 0, 0, 0, 0, 0, 0, 0, 0, 0, 0, 0, 0, 0, 1, 1, 0, 0, 0, 0, 0, 1, 1]",-0.9,-7.650271845170198,0.0,0.0,0.0,0.0,0.0,0.0,0.0,0.0
"[0, 0, 0, 0, 0, 0, 0, 0, 0, 1, 1, 1, 0, 1, 0, 0, 1, 0, 0, 0, 0, 0, 1, 1]",-90.0,-81.34737496846088,-90.0,9.064199944978382,0.0,0.0,0.0,0.0,0.0,0.0
"[0, 0, 0, 0, 0, 0, 0, 0, 0, 0, 1, 0, 1, 1, 1, 0, 1, 0, 0, 0, 0, 0, 1, 1]",-0.9,1.4834515821313161,9.389419640437389,0.0,0.0,0.0,0.0,0.0,0.0,0.0
"[0, 1, 0, 0, 0, 0, 1, 1, 1, 1, 1, 1, 0, 0, 0, 0, 0, 0, 0, 0, 0, 1, 0, 1]",-90.0,0.0,0.0,0.0,0.0,0.0,0.0,0.0,0.0,0.0
"[0, 0, 1, 0, 0, 1, 0, 0, 1, 0, 0, 0, 1, 1, 1, 0, 0, 0, 0, 0, 0, 1, 1, 1]",-0.9,-0.9,17.20553368433884,60.36731415078938,0.0,0.0,0.0,0.0,0.0,0.0
"[0, 1, 0, 1, 1, 1, 0, 1, 0, 0, 0, 1, 0, 0, 0, 1, 0, 1, 0, 0, 0, 1, 1, 1]",-0.9,-54.19276905796406,-8.945783073229864,-67.13515878302262,-0.9,-0.9,28.99330945881975,0.0,0.0,0.0
"[0, 0, 0, 1, 1, 1, 0, 0, 0, 1, 0, 0, 0, 0, 0, 1, 1, 1, 0, 0, 0, 1, 1, 1]",-90.0,-88.6140149614677,-157.20845480656163,-86.04956570440206,-89.19081,-90.0,-89.1900081,-83.14071762293035,-90.0,-88.11587084922624
"[0, 0, 0, 0, 0, 1, 0, 0, 1, 0, 1, 0, 1, 1, 1, 0, 1, 0, 0, 0, 0, 1, 1, 1]",-0.9,0.9,0.0,0.0,0.0,0.0,0.0,0.0,0.0,0.0
"[0, 0, 0, 1, 0, 0, 1, 0, 0, 0, 0, 0, 1, 1, 0, 0, 0, 0, 0, 0, 0, 1, 1, 1]",-0.17099999999999996,11.118870566347448,0.0,0.0,0.0,0.0,0.0,0.0,0.0,0.0
"[0, 0, 1, 0, 0, 1, 1, 1, 1, 1, 0, 0, 1, 0, 0, 0, 0, 0, 0, 0, 0, 1, 0, 1]",-0.9,-62.29573670604364,-90.0,-0.9,-80.93772529286215,-90.0,0.0,0.0,0.0,0.0
"[0, 0, 0, 1, 0, 0, 1, 0, 0, 0, 1, 0, 1, 1, 0, 0, 1, 0, 0, 0, 0, 1, 1, 1]",-0.9,0.0,0.0,0.0,0.0,0.0,0.0,0.0,7.609993003583498,0.0
"[0, 0, 0, 0, 0, 0, 0, 0, 1, 0, 0, 0, 0, 0, 0, 0, 0, 0, 0, 0, 0, 1, 1, 1]",-0.9,5.478916030987643,0.0,0.0,0.0,0.0,0.0,0.0,0.0,0.0
"[0, 0, 1, 0, 0, 1, 1, 1, 1, 0, 1, 0, 1, 1, 0, 0, 0, 0, 0, 0, 0, 1, 0, 0]",-0.9,-0.9,154.4832628554011,0.0,0.0,0.0,0.0,0.0,0.0,0.0
"[0, 0, 1, 0, 0, 1, 1, 1, 1, 1, 1, 1, 0, 0, 0, 0, 0, 0, 0, 0, 0, 0, 0, 1]",0.0,0.0,0.0,0.0,0.0,0.0,0.0,0.0,0.0,0.0
"[0, 1, 0, 0, 1, 0, 0, 0, 0, 0, 0, 0, 0, 0, 0, 1, 1, 1, 0, 0, 0, 1, 1, 1]",-0.9,11.715922341059366,0.0,0.0,0.0,0.0,0.0,0.0,0.0,0.0
"[0, 0, 1, 0, 0, 1, 0, 0, 1, 1, 0, 0, 0, 0, 0, 1, 0, 0, 0, 0, 0, 0, 1, 1]",-5.937308759860325,0.0,0.0,0.0,0.0,0.0,0.0,0.0,0.0,0.0
"[0, 0, 1, 0, 0, 0, 0, 0, 1, 0, 0, 0, 0, 0, 0, 0, 1, 0, 0, 0, 0, 1, 1, 1]",0.0,0.0,0.0,0.0,0.0,0.0,0.0,4.4176612884160305,0.0,0.0
"[0, 1, 0, 0, 1, 0, 0, 1, 0, 1, 0, 1, 1, 0, 0, 1, 0, 0, 0, 0, 0, 1, 1, 1]",-90.0,0.0,0.0,0.0,0.0,0.0,0.0,0.0,0.0,0.0
"[0, 0, 0, 0, 0, 1, 1, 1, 1, 1, 0, 0, 1, 1, 1, 0, 0, 0, 0, 0, 0, 1, 0, 1]",-0.9,0.9,0.0,0.0,0.0,0.0,0.0,0.0,0.0,0.0
"[0, 0, 0, 1, 0, 0, 1, 1, 1, 0, 1, 0, 1, 1, 0, 0, 0, 0, 0, 0, 0, 1, 0, 1]",8.543353608952293,0.0,0.0,0.0,0.0,0.0,0.0,0.0,0.0,0.0
"[0, 0, 1, 0, 0, 1, 0, 0, 1, 0, 0, 0, 0, 1, 0, 0, 0, 0, 0, 0, 0, 0, 1, 1]",-0.9,-5.535161675806603,14.05132041574289,0.0,0.0,0.0,0.0,0.0,0.0,0.0
"[0, 0, 0, 0, 0, 1, 0, 0, 1, 0, 0, 0, 0, 0, 0, 0, 1, 0, 0, 0, 0, 1, 1, 1]",-0.9,16.525345070561777,0.0,0.0,0.0,0.0,0.0,0.0,0.0,0.0
"[0, 1, 0, 1, 1, 1, 0, 0, 0, 0, 0, 0, 0, 0, 0, 0, 0, 0, 0, 0, 0, 0, 1, 1]",-0.9,-45.33949043036486,5.810392085207724,3.7111329996093634,0.0,0.0,0.0,3.2390581109187426,0.0,-0.15319620886702834
"[0, 1, 0, 1, 1, 1, 0, 0, 0, 0, 0, 0, 1, 1, 1, 0, 0, 0, 0, 0, 0, 0, 1, 1]",-0.4667872653464351,-8.340410909002017,13.92479752511284,0.0,0.0,0.0,0.0,0.0,0.0,0.0
"[0, 0, 0, 0, 0, 1, 0, 0, 1, 0, 0, 0, 0, 1, 0, 0, 0, 0, 0, 0, 0, 1, 1, 1]",-0.9,17.773752859529033,0.0,0.0,0.0,0.0,0.0,0.0,0.0,0.0
"[0, 0, 1, 0, 0, 0, 0, 0, 0, 0, 0, 0, 0, 0, 0, 0, 0, 0, 0, 0, 0, 1, 1, 1]",-0.9,-0.9,18.293476579368495,0.0,3.8172578267464483,0.0,4.670447314274836,0.0,0.0,0.0
"[0, 1, 0, 0, 1, 0, 0, 1, 0, 0, 0, 0, 0, 1, 0, 0, 0, 0, 0, 0, 0, 1, 1, 1]",-0.9,9.633633871790611,0.0,0.0,0.0,0.0,0.0,0.0,0.0,0.0
"[0, 0, 0, 0, 0, 0, 1, 1, 1, 1, 0, 0, 1, 1, 1, 0, 0, 0, 0, 0, 0, 0, 0, 1]",-2.5767934093501066,-13.55552260432384,-90.0,-51.753461872819706,-50.45211901944253,-2.4046497233597752,-51.04024827467738,-50.77717409494897,-62.49999999999998,-62.49999999999998
"[0, 0, 1, 0, 0, 1, 0, 0, 0, 0, 1, 0, 0, 1, 0, 0, 1, 0, 0, 0, 0, 1, 1, 1]",-0.9,0.0,0.0,0.0,0.0,0.0,0.0,0.0,-1.629,0.0
"[0, 0, 0, 0, 0, 0, 0, 0, 0, 1, 0, 0, 1, 1, 1, 1, 0, 0, 0, 0, 0, 0, 1, 1]",-90.0,-88.97300002015247,0.0,0.0,0.0,-44.015949442360565,0.0,0.0,0.0,0.0
"[0, 0, 1, 1, 1, 1, 0, 0, 1, 1, 1, 1, 0, 0, 0, 0, 0, 0, 0, 0, 0, 1, 1, 1]",-90.0,0.0,0.0,0.0,0.0,0.0,0.0,0.0,0.0,0.0
"[0, 0, 1, 0, 0, 1, 1, 1, 1, 0, 1, 0, 1, 1, 1, 0, 0, 0, 0, 0, 0, 0, 0, 1]",5.568604880586168,0.0,0.0,0.0,0.0,0.0,0.0,0.0,0.0,0.0
"[0, 1, 0, 0, 1, 0, 0, 1, 0, 0, 0, 0, 0, 0, 1, 0, 0, 0, 0, 0, 0, 0, 1, 1]",15.45422523268631,0.0,0.0,0.0,0.0,0.0,0.0,0.0,0.0,0.0
"[0, 0, 0, 1, 1, 1, 0, 0, 0, 0, 0, 0, 0, 0, 0, 1, 1, 1, 0, 0, 0, 1, 1, 1]",-0.9,0.9,0.0,0.0,0.0,0.0,0.0,0.0,0.0,0.0
"[0, 0, 0, 1, 1, 1, 0, 0, 0, 0, 0, 0, 0, 0, 0, 1, 1, 0, 0, 0, 0, 1, 1, 1]",0.0,0.0,0.0,0.0,0.0,0.0,0.0,0.0,0.0,0.04423015921304604
"[0, 0, 1, 0, 0, 1, 0, 0, 1, 0, 1, 0, 0, 1, 0, 0, 1, 0, 0, 0, 0, 1, 1, 0]",435.34444831378784,-0.9,0.0,0.0,0.0,0.0,0.0,0.0,0.0,0.0
"[0, 0, 0, 0, 0, 0, 0, 0, 0, 0, 0, 0, 1, 0, 0, 0, 0, 0, 0, 0, 0, 0, 1, 1]",-0.9,0.0,0.0,0.0,0.0,0.0,0.0,0.0,3.6189136727423588,0.0
"[0, 0, 0, 0, 0, 0, 0, 1, 0, 0, 0, 0, 0, 0, 0, 0, 0, 0, 0, 0, 0, 0, 1, 1]",-0.3137787153251306,-77.45263921838729,-64.94657740032011,0.5952828492573653,0.0,0.0,0.0,0.0,0.0,0.0
"[0, 0, 0, 1, 1, 1, 0, 0, 1, 0, 0, 0, 0, 0, 0, 0, 0, 0, 0, 0, 0, 1, 1, 1]",0.0,0.0,65.67581274890097,9.627669505984493,9.737728460746483,0.0,9.643660383905729,9.865326814960532,9.753514841755628,0.0
"[0, 1, 0, 0, 0, 0, 0, 1, 0, 0, 1, 0, 0, 0, 0, 0, 0, 0, 0, 0, 0, 1, 1, 1]",7.811938814162485,0.0,32.81513567377617,0.0,0.0,0.0,0.0,0.0,0.0,0.0
"[0, 0, 0, 0, 0, 0, 0, 0, 0, 0, 0, 0, 0, 0, 0, 1, 1, 1, 0, 0, 0, 0, 1, 1]",-0.9,3.48746690097163,0.0,0.0,0.0,0.0,0.0,0.0,0.0,0.0
"[0, 0, 0, 0, 0, 0, 0, 0, 0, 1, 1, 1, 0, 0, 0, 0, 0, 0, 0, 0, 0, 1, 1, 1]",-90.0,62.36431834793831,0.0,0.0,0.0,0.0,0.0,0.0,0.0,0.0
"[0, 1, 0, 0, 1, 0, 0, 0, 0, 0, 0, 0, 0, 1, 0, 0, 0, 0, 0, 0, 0, 1, 1, 1]",-0.9,11.551278163435441,0.0,0.0,0.0,0.0,0.0,0.0,0.0,0.0
"[0, 0, 1, 0, 0, 1, 0, 0, 1, 1, 1, 1, 0, 0, 0, 0, 0, 0, 0, 0, 0, 0, 1, 1]",10.682253125356947,0.0,0.0,0.0,0.0,0.0,0.0,0.0,0.0,0.0
"[0, 0, 0, 1, 0, 0, 1, 1, 1, 1, 1, 1, 0, 0, 1, 0, 0, 0, 0, 0, 0, 1, 0, 1]",-0.9,0.9,0.0,0.0,0.0,0.0,0.0,0.0,0.0,0.0
"[0, 0, 0, 0, 1, 0, 1, 1, 1, 1, 1, 1, 1, 0, 0, 0, 0, 0, 0, 0, 0, 1, 0, 1]",9.71418623989955,0.0,0.0,0.0,0.0,0.0,0.0,0.0,0.0,0.0
"[0, 1, 0, 0, 1, 0, 1, 1, 1, 0, 0, 1, 1, 0, 1, 0, 0, 0, 0, 0, 0, 0, 0, 1]",-0.9,-0.0054599435187462075,-0.49999999999999967,-0.7499999999999997,-0.6385554857544686,-0.27343750000000006,-49.999999999999964,0.7499999999999997,0.0,0.0
"[0, 0, 0, 0, 0, 0, 0, 0, 0, 1, 1, 1, 1, 0, 0, 1, 0, 0, 0, 0, 0, 0, 1, 1]",-87.54076841929397,-49.999999999999964,-50.601162430839906,0.0,0.0,0.0,0.0,0.0,0.0,0.0
"[0, 0, 0, 1, 1, 1, 0, 0, 0, 1, 0, 0, 0, 0, 0, 1, 1, 1, 0, 0, 0, 0, 1, 1]",0.0,0.0,0.0,0.0,0.0,0.0,0.0,0.0,0.0,0.0
"[0, 0, 0, 1, 1, 1, 0, 0, 0, 0, 1, 0, 0, 0, 0, 1, 1, 1, 0, 0, 0, 0, 1, 1]",-0.9,0.9,0.0,0.0,0.0,0.0,0.0,0.0,0.0,0.0
"[0, 0, 1, 1, 1, 1, 0, 0, 1, 0, 0, 0, 0, 0, 0, 1, 1, 1, 0, 0, 0, 0, 1, 1]",0.0,0.0,0.0,0.0,0.0,0.0,7.266646059865368,0.0,0.0,0.0
"[0, 0, 0, 1, 1, 1, 0, 0, 0, 1, 1, 1, 0, 0, 0, 0, 0, 1, 0, 0, 0, 1, 1, 1]",-90.0,0.0,0.0,0.0,0.0,0.0,0.0,0.0,0.0,0.0
"[0, 1, 0, 0, 1, 0, 0, 1, 0, 1, 0, 0, 1, 0, 1, 1, 0, 0, 0, 0, 0, 1, 1, 1]",-90.0,9.548123709776538,0.0,0.0,0.0,0.0,0.0,0.0,0.0,0.0
"[0, 1, 0, 0, 1, 0, 1, 1, 1, 1, 0, 0, 1, 0, 0, 0, 0, 0, 0, 0, 0, 1, 0, 1]",-0.9,21.764562107938467,0.0,0.0,0.0,0.0,0.0,0.0,0.0,0.0
"[0, 0, 0, 0, 0, 1, 0, 0, 1, 1, 0, 0, 0, 0, 0, 1, 0, 0, 0, 0, 0, 1, 1, 1]",-90.0,0.0,0.0,0.0,0.0,0.0,0.0,0.0,0.0,0.0
"[0, 1, 0, 0, 1, 0, 1, 1, 1, 0, 0, 0, 0, 0, 1, 0, 0, 0, 0, 0, 0, 0, 0, 1]",-0.9,0.9,0.0,0.0,0.0,0.0,0.0,0.0,0.0,0.0
"[0, 0, 0, 0, 0, 0, 1, 1, 1, 0, 0, 0, 1, 0, 0, 1, 1, 1, 0, 0, 0, 0, 0, 1]",-5.532262467244873,0.0,0.0,0.0,0.0,0.0,0.0,0.0,0.0,0.0
"[0, 1, 0, 0, 1, 0, 1, 1, 1, 0, 0, 0, 1, 0, 0, 0, 0, 0, 0, 0, 0, 1, 0, 1]",-0.9,66.00782165867945,0.0,0.0,0.0,0.0,0.0,0.0,-0.9,0.0
"[0, 1, 0, 0, 1, 0, 0, 1, 0, 0, 0, 1, 1, 0, 1, 0, 0, 1, 0, 0, 0, 0, 1, 1]",-0.9,5.526564595022542,0.0,0.0,0.0,0.0,0.0,0.0,0.0,0.0
"[0, 1, 0, 0, 0, 0, 0, 0, 0, 0, 0, 0, 0, 0, 0, 0, 0, 0, 0, 0, 0, 0, 1, 1]",-81.6552097810652,11.953861745373585,0.0,0.0,0.0,0.0,0.0,0.0,0.0,0.0
"[0, 0, 0, 1, 0, 0, 1, 1, 1, 1, 1, 1, 0, 0, 0, 0, 0, 0, 0, 0, 0, 0, 0, 1]",-0.9,0.9,0.0,0.0,0.0,0.0,0.0,0.0,0.0,0.0
"[0, 0, 0, 0, 1, 0, 1, 1, 1, 1, 1, 1, 0, 0, 0, 0, 0, 0, 0, 0, 0, 0, 0, 1]",0.891604157485555,0.0,0.0,0.0,0.0,0.0,0.0,0.0,0.0,0.0
"[0, 0, 1, 0, 0, 1, 0, 0, 1, 0, 0, 0, 0, 0, 0, 1, 0, 0, 0, 0, 0, 0, 1, 1]",-0.2396230401796302,-0.5749999999999997,0.24864611044769772,0.0,0.0,0.0,0.0,0.0,0.0,0.0
"[0, 1, 0, 0, 1, 0, 1, 1, 1, 0, 0, 1, 0, 0, 1, 0, 0, 0, 0, 0, 0, 0, 0, 1]",-0.9,-1.5699184311719772,-0.49999999999999967,-0.49999999999999967,-0.7197095201045449,0.0,0.0,0.0,0.0,0.0
"[0, 1, 0, 1, 1, 1, 0, 1, 0, 1, 0, 0, 0, 0, 0, 1, 0, 0, 0, 0, 0, 1, 1, 1]",0.0,0.0,0.0,0.0,0.0,0.0,0.0,0.0,0.0,0.0
"[0, 0, 1, 0, 0, 1, 0, 0, 0, 0, 0, 0, 0, 0, 0, 0, 1, 0, 0, 0, 0, 1, 1, 1]",27.806273671022485,0.0,0.0,0.0,0.0,0.0,0.0,0.0,0.0,0.0
"[0, 0, 1, 0, 0, 0, 0, 0, 0, 0, 0, 0, 0, 0, 0, 0, 0, 0, 0, 0, 0, 0, 1, 1]",-0.9,-0.9,5.098222764973912,0.0,0.0,0.0,0.0,0.0,0.0,0.0
"[0, 1, 0, 0, 1, 0, 0, 1, 0, 1, 0, 1, 0, 0, 1, 0, 0, 1, 0, 0, 0, 0, 1, 1]",-0.9,-3.183362190154052,0.0,0.0,0.0,0.0,0.0,0.0,0.0,0.0
"[0, 0, 0, 1, 0, 0, 1, 1, 1, 0, 1, 0, 0, 1, 0, 0, 0, 0, 0, 0, 0, 1, 0, 1]",-0.9,23.353279926990787,0.0,0.0,0.0,0.0,0.0,0.0,0.0,0.0
"[1, 0, 0, 1, 1, 1, 1, 0, 0, 0, 0, 0, 1, 1, 1, 0, 0, 0, 0, 0, 0, 0, 1, 1]",-0.9,-74.69674492724636,-0.9,-79.26900705573668,2.618473678330607,0.0,0.0,0.0,0.0,0.0
"[0, 0, 1, 0, 0, 1, 0, 0, 1, 1, 0, 0, 1, 1, 0, 0, 0, 0, 0, 0, 0, 1, 1, 0]",90.0,0.0,0.0,0.0,0.0,0.0,0.0,0.0,0.0,0.0
"[0, 0, 0, 0, 0, 0, 1, 1, 1, 1, 0, 0, 1, 0, 0, 0, 0, 0, 0, 0, 0, 0, 0, 1]",-0.9,1.7134101755769577,0.0,0.0,0.0,0.0,-0.09080999999999999,0.0,0.0,0.0
"[0, 0, 0, 0, 0, 0, 0, 0, 0, 0, 0, 0, 0, 0, 0, 1, 0, 0, 0, 0, 0, 0, 1, 1]",-0.9,-0.24688856242902532,-0.7706956935516074,0.0,0.0,0.0,0.0,0.0,0.0,0.0
"[0, 0, 0, 0, 1, 0, 0, 1, 0, 0, 0, 1, 0, 0, 1, 1, 1, 1, 0, 0, 0, 1, 1, 1]",-0.9,0.17099999999999996,0.0,0.0,0.0,0.0,0.0,0.0,0.0,0.0
"[0, 0, 0, 0, 0, 0, 1, 1, 1, 1, 1, 1, 0, 0, 1, 0, 0, 0, 0, 0, 0, 0, 0, 1]",-0.9,-91.07529299014998,-90.0,-67.49999999999999,-0.7359123763839491,-11.158706133430355,-54.99999999999997,-54.99999999999997,0.0,0.0
"[0, 1, 0, 1, 1, 1, 0, 0, 0, 0, 1, 0, 0, 0, 0, 0, 0, 0, 0, 0, 0, 1, 1, 1]",-0.9,13.28396296485516,0.0,0.0,0.0,0.0,0.0,0.0,0.0,0.0
"[0, 1, 0, 0, 1, 0, 0, 1, 0, 0, 0, 1, 0, 0, 1, 1, 1, 1, 0, 0, 0, 1, 1, 1]",0.0,0.0,0.0,0.0,0.0,0.0,0.0,0.0,0.0,0.0
"[0, 0, 0, 1, 1, 1, 0, 0, 0, 1, 1, 1, 0, 0, 0, 1, 0, 0, 0, 0, 0, 1, 1, 1]",-90.0,-90.0,-148.38990344074125,0.0,0.0,0.0,0.0,0.0,0.0,-90.0
"[0, 0, 1, 0, 0, 1, 0, 0, 0, 1, 1, 1, 0, 1, 0, 0, 1, 0, 0, 0, 0, 1, 1, 1]",-0.9,12.84799850747193,0.0,0.0,0.0,0.0,0.0,0.0,0.0,0.0
"[0, 0, 1, 0, 0, 1, 0, 0, 0, 0, 0, 0, 0, 0, 0, 1, 1, 1, 0, 0, 0, 1, 1, 1]",-0.9,7.964814846894021,-89.80282407889594,0.0,0.0,0.0,0.0,0.0,0.0,0.0
"[0, 0, 0, 0, 0, 1, 1, 1, 1, 1, 1, 1, 0, 0, 0, 0, 0, 0, 0, 0, 0, 1, 0, 1]",-79.07147059201309,0.0,0.0,0.0,0.0,0.0,0.0,0.0,0.0,0.0
"[0, 0, 0, 0, 0, 0, 1, 1, 1, 1, 1, 1, 1, 0, 0, 0, 0, 0, 0, 0, 0, 0, 0, 1]",-90.0,-90.0,0.0,0.0,0.0,0.0,0.0,0.0,0.0,0.0
"[0, 0, 1, 0, 0, 1, 0, 0, 1, 1, 0, 0, 1, 0, 0, 1, 0, 0, 0, 0, 0, 0, 1, 1]",-90.0,-65.47229982189174,-90.0,-90.0,-86.71255904699747,-72.49999999999999,-71.85279568440464,0.0,0.0,0.0
"[0, 0, 1, 1, 1, 1, 0, 0, 1, 0, 0, 0, 1, 1, 1, 1, 1, 1, 0, 0, 0, 0, 1, 1]",10.786975894970682,0.0,0.0,0.0,0.0,0.0,0.0,0.0,0.0,0.0
"[0, 0, 1, 1, 1, 1, 0, 0, 0, 1, 0, 0, 0, 0, 0, 1, 0, 0, 0, 0, 0, 1, 1, 1]",23.191778358894833,0.0,0.0,0.0,0.0,0.0,0.0,0.0,0.0,0.0
"[0, 0, 1, 1, 1, 1, 0, 0, 1, 1, 0, 0, 0, 0, 0, 1, 0, 0, 0, 0, 0, 0, 1, 1]",7.632678929092962,0.0,0.0,0.0,0.0,0.0,0.0,0.0,0.0,0.0
"[0, 1, 0, 1, 1, 1, 0, 1, 0, 0, 0, 1, 0, 0, 0, 0, 0, 1, 0, 0, 0, 0, 1, 1]",-0.9,0.9,0.0,0.0,0.0,0.0,0.0,0.0,0.0,0.0
"[0, 0, 0, 1, 1, 1, 0, 0, 0, 1, 0, 0, 0, 0, 0, 1, 0, 0, 0, 0, 0, 0, 1, 1]",0.0,0.0,0.0,0.0,0.0,0.0,0.0,0.0,0.0,5.672561189443462
"[0, 0, 0, 0, 0, 0, 0, 0, 0, 0, 0, 1, 0, 0, 0, 0, 0, 1, 0, 0, 0, 0, 1, 1]",-0.9,0.99,0.0,0.0,0.0,0.0,0.0,0.0,0.0,0.0
"[0, 0, 0, 0, 0, 0, 0, 0, 0, 0, 0, 0, 0, 0, 0, 0, 0, 1, 0, 0, 0, 0, 1, 1]",-0.9,4.94337490302042,0.0,0.0,0.0,0.0,0.0,0.0,0.0,5.474610870931398
"[0, 0, 0, 1, 1, 1, 0, 0, 0, 0, 0, 1, 0, 0, 0, 0, 0, 1, 0, 0, 0, 0, 1, 1]",-0.9,0.9,0.0,0.0,0.0,0.0,0.0,0.0,0.0,0.0
"[0, 0, 0, 1, 1, 1, 0, 0, 0, 0, 0, 0, 0, 0, 0, 0, 1, 0, 0, 0, 0, 0, 1, 1]",-0.9,15.165769364130256,0.0,0.0,0.0,0.0,0.0,0.0,0.0,0.0
"[0, 0, 1, 0, 0, 1, 0, 0, 1, 0, 1, 1, 0, 1, 1, 0, 1, 1, 0, 0, 0, 0, 1, 0]",309.1234999323633,0.0,0.0,0.0,0.0,0.0,0.0,0.0,0.0,0.0
"[0, 0, 1, 0, 0, 1, 0, 0, 1, 1, 0, 0, 1, 0, 0, 1, 1, 1, 0, 0, 0, 0, 1, 1]",0.0,0.0,0.0,0.0,0.0,0.0,0.0,0.0,0.0,0.0
"[0, 1, 0, 0, 1, 0, 1, 1, 1, 1, 0, 1, 0, 0, 1, 0, 0, 0, 0, 0, 0, 0, 0, 1]",-87.5,0.362829130521061,0.0,0.0,0.0,0.0,0.0,0.0,0.0,0.0
"[0, 0, 0, 1, 0, 0, 0, 0, 0, 0, 0, 0, 0, 0, 0, 1, 1, 1, 0, 0, 0, 1, 1, 1]",-0.9,0.9,0.0,0.0,0.0,0.0,0.0,0.0,0.0,0.0
"[0, 0, 0, 0, 1, 0, 0, 0, 0, 0, 0, 1, 0, 0, 1, 1, 1, 1, 0, 0, 0, 1, 1, 1]",6.5683964842028235,0.0,0.0,0.0,0.0,0.0,0.0,0.0,0.0,0.0
"[0, 1, 0, 0, 0, 0, 1, 1, 1, 1, 0, 0, 1, 0, 0, 0, 0, 0, 0, 0, 0, 1, 0, 1]",-90.0,0.0,0.0,0.0,0.0,0.0,0.0,0.0,0.0,0.0
"[0, 1, 0, 0, 1, 0, 1, 1, 1, 1, 0, 0, 1, 0, 1, 0, 0, 0, 0, 0, 0, 1, 0, 1]",-90.0,4.6097008780624105,0.0,0.0,0.0,0.0,0.0,0.0,0.0,0.0
"[0, 0, 0, 0, 0, 0, 1, 1, 1, 0, 1, 0, 1, 1, 1, 0, 0, 0, 0, 0, 0, 0, 0, 1]",0.0,0.0,0.0,0.0,0.0,0.0,0.0,0.0,0.0,0.0
"[0, 0, 1, 1, 1, 1, 0, 0, 1, 1, 1, 1, 0, 0, 0, 0, 1, 0, 0, 0, 0, 1, 1, 1]",0.0,0.0,0.0,0.0,0.0,0.0,0.0,0.0,0.0,0.0
"[0, 0, 1, 0, 0, 1, 0, 0, 1, 0, 0, 0, 0, 0, 0, 0, 0, 1, 0, 0, 0, 1, 1, 1]",-0.9,-0.9,29.183756316540325,0.0,0.0,0.0,0.0,0.0,0.0,0.0
"[0, 0, 0, 0, 0, 0, 1, 1, 1, 1, 1, 0, 0, 0, 0, 0, 0, 0, 0, 0, 0, 0, 0, 1]",103.48023870056028,0.0,0.0,0.0,0.0,0.0,0.0,0.0,0.0,0.0
"[0, 0, 0, 0, 0, 1, 0, 0, 1, 0, 0, 0, 0, 0, 0, 1, 1, 1, 0, 0, 0, 1, 1, 1]",7.99477533131684,0.0,0.0,0.0,0.0,0.0,0.0,0.0,0.0,0.0
"[0, 0, 1, 0, 0, 0, 1, 1, 1, 0, 0, 0, 1, 0, 0, 0, 0, 0, 0, 0, 0, 1, 0, 1]",-0.9,12.575023339559298,0.0,0.0,0.0,0.0,0.0,0.0,0.0,0.0
"[0, 0, 0, 1, 1, 1, 0, 0, 0, 1, 1, 1, 0, 0, 0, 1, 0, 0, 0, 0, 0, 0, 1, 1]",0.0,0.0,0.0,0.0,0.0,0.0,0.0,0.0,0.0,0.0
"[0, 0, 0, 0, 1, 0, 1, 1, 1, 0, 0, 0, 0, 1, 0, 0, 0, 0, 0, 0, 0, 0, 0, 1]",1.4183010861064926,0.0,0.0,0.0,0.0,0.0,0.0,0.0,0.0,0.0
"[0, 1, 0, 0, 1, 0, 0, 0, 0, 0, 0, 0, 0, 0, 0, 1, 1, 1, 0, 0, 0, 0, 1, 1]",-0.9,2.2516688842555275,0.0,0.0,0.0,0.0,0.0,0.0,0.0,0.0
"[0, 0, 0, 0, 0, 0, 1, 1, 1, 0, 0, 0, 0, 1, 0, 0, 0, 0, 0, 0, 0, 1, 0, 1]",-0.9,16.590453731131024,0.0,0.0,0.0,0.0,0.0,0.0,0.0,0.0
"[0, 1, 0, 0, 1, 0, 1, 1, 1, 1, 0, 1, 0, 0, 0, 0, 0, 0, 0, 0, 0, 0, 0, 1]",0.0,0.9,0.0,0.0,0.0,0.0,0.0,0.0,0.0,0.0
"[0, 0, 0, 0, 0, 0, 0, 1, 0, 1, 0, 0, 1, 1, 1, 1, 0, 0, 0, 0, 0, 1, 1, 1]",0.0,0.0,0.0,0.0,-0.9,0.0,0.0,0.0,0.0,0.0
"[0, 0, 0, 0, 0, 0, 1, 0, 0, 0, 0, 1, 1, 1, 1, 0, 0, 1, 0, 0, 0, 1, 1, 1]",-0.9,12.846704242531692,0.0,0.0,0.0,0.0,0.0,0.0,0.0,0.0
"[0, 1, 0, 0, 1, 0, 0, 1, 0, 1, 0, 0, 1, 0, 0, 1, 1, 1, 0, 0, 0, 0, 1, 1]",-0.9,0.0,0.0,0.0,0.0,0.0,0.0,0.0,0.0,0.0
"[0, 1, 0, 0, 1, 0, 0, 1, 0, 1, 0, 0, 1, 0, 0, 1, 1, 1, 0, 0, 0, 1, 1, 1]",0.0,0.0,0.0,0.0,0.0,-0.9,0.0,0.0,0.0,0.0
"[0, 0, 1, 0, 0, 1, 0, 0, 0, 0, 1, 0, 0, 1, 0, 1, 1, 1, 0, 0, 0, 1, 1, 1]",-0.9,-0.9,0.0,0.0,0.0,0.0,4.8176170329612695,0.0,0.0,0.0
"[0, 1, 0, 0, 1, 0, 0, 1, 0, 1, 0, 0, 1, 0, 1, 1, 0, 0, 0, 0, 0, 0, 1, 1]",-0.9,4.91914100069322,0.0,0.0,0.0,0.0,0.0,0.0,0.0,0.0
"[0, 0, 1, 0, 0, 0, 0, 0, 1, 1, 0, 0, 0, 0, 0, 1, 0, 0, 0, 0, 0, 0, 1, 1]",-90.0,0.0,0.0,0.0,0.0,0.0,0.0,0.0,0.0,0.0
"[0, 0, 1, 0, 0, 1, 1, 1, 1, 0, 1, 0, 0, 1, 0, 0, 0, 0, 0, 0, 0, 0, 0, 1]",-0.9,4.165531833090643,0.0,0.0,0.0,0.0,0.0,0.0,0.0,0.0
"[0, 0, 0, 0, 0, 1, 0, 0, 1, 1, 1, 1, 0, 0, 0, 0, 0, 0, 0, 0, 0, 1, 1, 1]",-90.0,0.0,0.0,0.0,0.0,0.0,0.0,0.0,0.0,0.0
"[0, 1, 0, 0, 0, 0, 0, 1, 0, 0, 1, 0, 1, 1, 1, 0, 0, 0, 0, 0, 0, 1, 1, 1]",-0.9,11.504638271175748,0.0,0.0,0.0,0.0,0.0,0.0,0.0,0.0
"[0, 0, 0, 1, 0, 0, 1, 1, 1, 1, 0, 1, 0, 0, 0, 0, 0, 0, 0, 0, 0, 1, 0, 1]",-0.9,0.9,0.0,0.0,0.0,0.0,0.0,0.0,0.0,0.0
"[0, 0, 0, 0, 1, 0, 1, 1, 1, 1, 1, 1, 0, 0, 0, 0, 0, 0, 0, 0, 0, 1, 0, 1]",0.0,0.0,0.0,0.0,0.0,0.0,0.0,6.501018705596927,0.0,0.0
"[0, 1, 0, 0, 1, 0, 0, 1, 0, 0, 0, 0, 0, 0, 0, 1, 0, 0, 0, 0, 0, 0, 1, 1]",-0.9,19.983118540936168,0.0,0.0,0.0,0.0,0.0,0.0,0.0,0.0
"[0, 0, 1, 1, 1, 1, 0, 0, 1, 1, 1, 1, 0, 0, 0, 1, 0, 0, 0, 0, 0, 1, 1, 1]",12.827932413220454,0.0,0.0,0.0,0.0,0.0,0.0,0.0,0.0,0.0
"[0, 1, 0, 0, 0, 0, 0, 1, 0, 0, 0, 1, 1, 1, 1, 0, 0, 1, 0, 0, 0, 1, 1, 1]",-0.9,8.811601221849743,0.0,0.0,-0.9,0.0,0.0,0.0,0.0,0.0
"[0, 1, 0, 1, 1, 1, 0, 1, 0, 1, 0, 1, 0, 0, 0, 0, 0, 0, 0, 0, 0, 1, 1, 1]",-90.0,0.0,0.0,0.0,0.0,0.0,0.0,0.0,0.0,0.0
"[0, 0, 1, 0, 0, 1, 0, 0, 1, 0, 0, 1, 0, 0, 1, 0, 1, 1, 0, 0, 0, 0, 1, 0]",187.042154663065,0.0,0.0,0.0,0.0,0.0,0.0,0.0,0.0,0.0
"[0, 0, 1, 0, 0, 1, 0, 0, 1, 1, 0, 0, 1, 0, 0, 0, 0, 0, 0, 0, 0, 1, 1, 1]",0.0,0.0,0.0,0.0,0.0,-124.73952855023859,0.0,0.0,0.0,0.0
"[0, 1, 0, 0, 1, 0, 1, 1, 1, 1, 0, 1, 1, 0, 0, 0, 0, 0, 0, 0, 0, 1, 0, 1]",0.0,0.0,0.0,0.0,0.0,0.0,0.0,0.0,0.0,0.0
"[0, 0, 1, 0, 0, 1, 0, 0, 1, 0, 1, 0, 0, 1, 0, 0, 0, 0, 0, 0, 0, 0, 1, 1]",0.0,0.0,0.0,0.0,0.0,0.0,0.0,0.0,3.9247858465063024,0.0
"[0, 0, 0, 1, 0, 0, 1, 0, 0, 0, 1, 0, 0, 1, 0, 1, 1, 0, 0, 0, 0, 1, 1, 1]",0.0,24.314694409406297,0.0,0.0,0.0,0.0,0.0,0.0,0.0,0.0
"[0, 1, 0, 0, 1, 0, 0, 0, 0, 0, 0, 0, 1, 0, 0, 0, 0, 0, 0, 0, 0, 1, 1, 1]",-0.9,8.648291568131253,0.0,0.0,0.0,0.0,0.0,0.0,0.0,0.0
"[0, 0, 0, 0, 1, 0, 0, 1, 0, 1, 0, 0, 1, 1, 1, 1, 0, 0, 0, 0, 0, 1, 1, 1]",-90.0,0.0,0.0,0.0,0.0,0.0,0.0,0.0,0.0,0.0
"[0, 0, 0, 0, 0, 0, 1, 1, 1, 0, 0, 1, 0, 0, 1, 0, 0, 0, 0, 0, 0, 0, 0, 1]",-0.9,0.9,0.0,0.0,0.0,0.0,0.0,0.0,0.0,0.0
"[0, 0, 1, 0, 0, 1, 1, 1, 1, 1, 0, 0, 1, 0, 0, 0, 0, 0, 0, 0, 0, 0, 0, 1]",-0.9873659326442285,0.0,0.0,0.0,0.0,0.0,0.0,0.0,0.0,0.0
"[0, 1, 0, 0, 1, 0, 0, 1, 0, 1, 0, 0, 1, 0, 0, 1, 0, 1, 0, 0, 0, 1, 1, 1]",-87.5,-47.576392691820324,0.0,0.0,0.0,0.0,0.0,0.0,0.0,0.0
"[0, 0, 1, 0, 0, 1, 0, 0, 0, 1, 1, 1, 0, 1, 0, 0, 1, 0, 0, 0, 0, 0, 1, 1]",5.410459576109831,0.0,0.0,0.0,0.0,0.0,0.0,0.0,0.0,0.0
"[0, 1, 0, 1, 1, 1, 0, 1, 0, 1, 0, 0, 0, 0, 0, 1, 0, 1, 0, 0, 0, 1, 1, 1]",0.0,0.0,0.0,0.0,0.0,0.0,0.0,3.323134858424211,0.0,0.0
"[0, 0, 0, 0, 0, 0, 0, 0, 0, 0, 1, 0, 0, 0, 0, 0, 1, 0, 0, 0, 0, 0, 1, 1]",-0.9,24.476852612451857,0.0,0.0,0.0,0.0,0.0,0.0,0.0,0.0
"[0, 1, 0, 0, 1, 0, 0, 1, 0, 0, 1, 0, 0, 0, 0, 0, 0, 0, 0, 0, 0, 1, 1, 1]",0.0,33.428636708153924,0.0,0.0,0.0,0.0,0.0,0.0,0.0,0.0
"[0, 1, 0, 1, 1, 1, 0, 1, 0, 0, 0, 0, 0, 0, 0, 1, 0, 0, 0, 0, 0, 0, 1, 1]",0.0,0.0,0.0,0.0,0.9142878029539903,0.0,0.0,0.0,0.0,0.0
"[0, 0, 1, 0, 0, 1, 0, 0, 0, 0, 0, 0, 1, 1, 1, 0, 0, 0, 0, 0, 0, 1, 1, 1]",-0.875,-0.875,0.0,0.0,0.0,0.0,2.7905778969891766,0.0,0.0,0.0
"[0, 0, 0, 1, 0, 0, 1, 0, 0, 0, 0, 1, 1, 0, 1, 0, 0, 1, 0, 0, 0, 0, 1, 1]",-0.85,5.698588473405784,0.0,0.0,0.0,0.0,0.0,0.0,0.0,0.0
"[0, 0, 1, 0, 0, 1, 0, 0, 0, 0, 0, 1, 0, 0, 0, 1, 1, 1, 0, 0, 0, 1, 1, 1]",-0.85,-0.85,5.1777783192642755,0.0,0.0,0.0,0.0,0.0,0.0,0.0
"[0, 0, 1, 0, 0, 1, 1, 1, 1, 0, 0, 0, 1, 0, 0, 0, 0, 0, 0, 0, 0, 1, 0, 0]",-0.85,-0.85,76.3389593756873,0.0,0.0,0.0,0.0,0.0,0.0,0.0
"[0, 0, 0, 1, 0, 0, 1, 1, 1, 0, 0, 1, 0, 0, 0, 0, 0, 0, 0, 0, 0, 1, 0, 1]",2.1602088317232164,0.0,0.0,0.0,0.0,0.0,0.0,0.0,0.0,0.0
"[0, 0, 0, 1, 0, 0, 1, 1, 1, 0, 0, 1, 1, 0, 1, 0, 0, 0, 0, 0, 0, 1, 0, 1]",-0.7749999999999999,0.7749999999999999,0.0,0.0,0.0,0.0,0.0,0.0,0.0,0.0
"[0, 0, 0, 0, 1, 0, 1, 1, 1, 1, 0, 0, 1, 1, 1, 0, 0, 0, 0, 0, 0, 1, 0, 1]",4.927682569765328,0.0,0.0,0.0,0.0,0.0,0.0,0.0,0.0,0.0
"[0, 1, 0, 0, 1, 0, 0, 0, 0, 1, 0, 0, 1, 0, 0, 1, 0, 0, 0, 0, 0, 1, 1, 1]",-0.7749999999999999,6.915646964070657,0.0,0.0,0.0,0.0,0.0,0.0,0.0,0.0
"[0, 1, 0, 0, 1, 0, 1, 1, 1, 0, 1, 1, 0, 1, 1, 1, 1, 1, 0, 0, 0, 0, 0, 1]",0.2753343598357885,0.0,0.0,0.0,0.0,0.0,0.0,0.0,0.0,0.0
"[0, 0, 0, 0, 0, 0, 0, 0, 0, 1, 1, 1, 0, 0, 1, 0, 0, 0, 0, 0, 0, 1, 1, 1]",-0.7749999999999999,19.39898970508738,0.0,0.0,0.0,0.0,0.0,0.0,0.0,0.0
"[0, 0, 1, 0, 0, 1, 1, 1, 1, 0, 0, 0, 1, 1, 0, 0, 0, 0, 0, 0, 0, 0, 0, 0]",-0.7499999999999999,49.536407145160766,0.0,0.0,0.0,0.0,0.0,0.0,0.0,0.0
"[0, 0, 0, 0, 1, 0, 0, 1, 0, 0, 0, 0, 0, 0, 0, 1, 0, 1, 0, 0, 0, 1, 1, 1]",-0.7499999999999999,1.9631035386797206,0.0,0.0,0.0,0.0,0.0,0.0,0.0,0.0
"[0, 0, 1, 0, 0, 1, 0, 0, 1, 0, 1, 0, 0, 1, 0, 1, 1, 0, 0, 0, 0, 1, 1, 0]",-69.99999999999999,0.0,0.0,0.0,0.0,0.0,0.0,0.0,0.0,0.0
"[0, 0, 1, 0, 0, 1, 0, 0, 1, 1, 1, 0, 1, 0, 0, 0, 0, 0, 0, 0, 0, 1, 1, 0]",-69.99999999999999,0.0,0.0,0.0,0.0,0.0,0.0,0.0,0.0,0.0
"[0, 0, 1, 0, 0, 1, 0, 0, 1, 0, 0, 0, 0, 0, 0, 1, 0, 0, 0, 0, 0, 1, 1, 0]",-0.6999999999999998,-0.6999999999999998,27.666469075857766,0.0,0.0,0.0,0.0,0.0,0.0,0.0
"[0, 0, 1, 0, 0, 0, 0, 0, 1, 1, 1, 1, 1, 0, 0, 1, 0, 0, 0, 0, 0, 1, 1, 1]",5.251373948671064,0.0,0.0,0.0,0.0,0.0,0.0,0.0,0.0,0.0
"[0, 1, 0, 1, 1, 1, 0, 1, 0, 0, 1, 1, 1, 1, 1, 0, 1, 1, 0, 0, 0, 0, 1, 1]",-0.6749999999999998,0.0,0.0,0.0,0.0,0.0,0.0,0.0,0.0,0.0
"[0, 1, 0, 0, 1, 0, 1, 1, 1, 0, 1, 0, 0, 0, 0, 0, 0, 0, 0, 0, 0, 1, 0, 1]",0.0,0.0,0.0,0.0,0.0,0.0,0.0,0.0,0.0,0.6749999999999998
"[0, 1, 0, 0, 1, 0, 1, 1, 1, 0, 1, 0, 0, 0, 0, 0, 0, 0, 0, 0, 0, 0, 0, 1]",-0.6749999999999998,0.06606821970198958,0.0,0.0,0.0,0.0,0.0,0.0,0.0,0.0
"[0, 1, 0, 0, 1, 0, 0, 0, 0, 1, 1, 1, 0, 0, 0, 0, 0, 0, 0, 0, 0, 1, 1, 1]",-67.49999999999999,0.0,0.0,0.0,0.0,0.0,0.0,0.0,0.0,0.0
"[0, 1, 0, 0, 1, 0, 0, 0, 0, 0, 0, 0, 0, 0, 0, 0, 0, 1, 0, 0, 0, 1, 1, 1]",-0.6749999999999998,2.031059611686948,0.0,0.0,0.0,0.0,0.0,0.0,0.0,0.0
"[0, 0, 1, 0, 0, 1, 0, 0, 1, 0, 1, 0, 0, 0, 0, 0, 1, 0, 0, 0, 0, 1, 1, 0]",-0.6499999999999998,-0.6499999999999998,65.9799902452483,0.0,0.0,0.0,0.0,0.0,0.0,0.0
"[0, 0, 0, 1, 0, 0, 1, 1, 1, 1, 1, 1, 0, 0, 0, 0, 0, 0, 0, 0, 0, 1, 0, 1]",-0.5999999999999998,4.08115653531152,0.0,0.0,0.0,0.0,0.0,0.0,0.0,0.0
