"[0, 0, 0, 0, 0, 0, 0, 0, 0, 0, 0, 0, 0, 0, 0, 0, 0, 0, 0, 0, 0, 1, 1]",-950.9824943329328,-546.4131951456876,-801.0183164669551,-15.227155890708726,-974.034159871343,-704.3124349675551,-948.5472852288581,-852.8408084384469,-47.543565563213065,-590.8030635030186
"[0, 0, 0, 0, 0, 0, 0, 0, 0, 0, 0, 0, 0, 0, 0, 0, 0, 0, 0, 0, 0, 1, 0]",-41.588057114588416,-1.1101809276478096,-4.422830190132204,-9.184458928376193,-4.23125887104521,-138.77021250565394,-379.94903565297915,-2.927246067628988,-3.224574444380482,-248.99093821030885
"[0, 0, 0, 0, 0, 0, 0, 0, 0, 0, 0, 0, 0, 0, 0, 0, 0, 0, 0, 0, 0, 0, 0]",28.309480201446576,24.72854820834529,26.075517629482057,-9.237657957191487,26.611723418872185,-1.875653133705308,-1.430090366878833,36.10675392364714,25.440957868471976,-5.080926406450325
"[0, 0, 0, 0, 0, 0, 0, 0, 0, 0, 0, 0, 0, 0, 0, 0, 0, 0, 0, 0, 0, 0, 1]",-3.9922597205722283,27.763760395499805,29.798025119901823,-0.258412943702803,-0.16046037729089124,9.291414610378572,-875.9724321550832,-839.0538130977629,31.7466994440624,0.7911420436625591
"[0, 0, 0, 0, 0, 0, 0, 0, 0, 0, 0, 0, 0, 1, 0, 0, 0, 0, 0, 0, 0, 1, 0]",-0.95,-0.95,248.92649072434904,0.0,0.0,0.0,0.0,0.0,0.0,0.0
"[0, 0, 0, 0, 0, 0, 0, 0, 0, 0, 0, 0, 1, 1, 1, 0, 0, 0, 0, 0, 0, 0, 1]",-875.1712501664672,-516.1688192183352,-0.95,-857.7946866461216,-0.1357101948779928,-498.6487723222047,-69.15976566705888,-955.3844677364833,-950.2561469678543,-37.446590756875665
"[0, 0, 0, 0, 0, 0, 0, 0, 0, 0, 0, 0, 0, 0, 0, 0, 0, 1, 0, 0, 0, 1, 1]",-0.95,1.5323628141593466,0.0,0.0,0.0,0.0,0.0,0.0,0.0,0.0
"[0, 0, 0, 0, 0, 0, 0, 0, 0, 0, 1, 0, 0, 1, 0, 1, 1, 1, 0, 0, 0, 1, 1]",-925.4950139324814,-494.51322037770007,-441.00659649874274,-497.535782169708,-499.9999999999996,-762.0927292749716,-649.0872538082808,1.3395732304751018,0.0,0.0
"[0, 0, 0, 0, 0, 0, 0, 0, 0, 1, 1, 1, 0, 1, 0, 0, 0, 0, 0, 0, 0, 0, 1]",-789.9751238198079,-266.56965884469105,-699.9999999999998,-699.9999999999998,-649.3872617545004,-599.6766678459179,-899.9999999999999,-695.0613428030676,-699.9999999999998,-740.1058371636137
"[0, 0, 0, 0, 0, 0, 0, 0, 0, 1, 1, 1, 0, 1, 0, 0, 1, 0, 0, 0, 0, 1, 1]",-784.6755709973762,-775.3140700608869,-690.2239035235211,-644.755235925975,-599.8493012092732,-649.3691123955999,-900.0648526925588,-699.5164947727385,-599.9999999999997,-650.1764715367302
"[0, 0, 0, 0, 0, 0, 0, 0, 0, 1, 1, 1, 0, 0, 0, 0, 0, 0, 0, 0, 0, 1, 1]",-384.0320843590334,-882.0196594134388,-529.157528469413,-749.1606159644112,-683.4377560006864,-792.0159556744004,-699.7461851301782,-0.8999999999999999,-949.8768881697205,-108.49605042047878
"[0, 0, 0, 0, 0, 0, 0, 0, 0, 1, 0, 0, 1, 1, 1, 1, 0, 0, 0, 0, 0, 1, 1]",-882.0027399777895,-949.950125,-805.0953721333087,-642.9603255855781,-831.8480977318721,-791.8271490374912,-656.590952903935,-750.2701948416765,-611.4355510410495,-265.829051554026
"[0, 0, 0, 0, 0, 0, 0, 0, 0, 0, 1, 0, 1, 1, 1, 0, 1, 0, 0, 0, 0, 1, 1]",22.59411474759804,-54.17772732349238,14.218544824465399,-537.9481923151113,0.0,0.0,-950.0,-749.9999999999998,0.0,-327.84845821601016
"[0, 0, 0, 0, 0, 0, 0, 0, 0, 1, 1, 1, 1, 0, 0, 1, 0, 0, 0, 0, 0, 1, 1]",-1175.6781647277994,-970.7853035293322,-880.1081459273345,-919.7456044855877,-914.3230392448392,-963.2280049203569,-850.2754573525353,-859.7984569277152,-978.0126136335169,-848.7217080897148
"[0, 0, 0, 0, 0, 0, 0, 0, 0, 0, 1, 0, 0, 0, 0, 1, 1, 1, 0, 0, 0, 1, 1]",-0.18806250000000013,0.0,0.0,0.0,0.0,0.0,-950.0,0.0,0.0,-830.8345260369463
"[0, 0, 0, 0, 0, 0, 0, 0, 0, 1, 0, 0, 0, 0, 0, 1, 1, 1, 0, 0, 0, 1, 1]",-0.9774999999999999,-908.6094993770412,0.0,0.0,0.0,0.0,0.0,0.0,0.0,0.0
"[0, 0, 0, 0, 0, 0, 0, 0, 0, 0, 0, 1, 0, 0, 1, 1, 0, 1, 0, 0, 0, 1, 1]",-786.2292050806577,-949.9525,-849.9999999999999,-799.9999999999998,0.0,0.0,0.0,0.0,21.813742061471967,0.0
"[0, 0, 0, 0, 0, 0, 0, 0, 0, 1, 1, 1, 1, 0, 0, 1, 1, 1, 0, 0, 0, 1, 1]",-0.95,225.89465986846915,0.0,0.0,0.0,0.0,0.0,0.0,0.0,0.0
"[0, 0, 0, 0, 0, 0, 0, 0, 0, 1, 1, 0, 1, 0, 0, 1, 0, 0, 0, 0, 0, 1, 0]",-861.2437302328897,-851.4648184375,-950.0,-1022.6082499877565,-956.1390084506622,-849.9999999999999,-986.6321112849012,-975.1060624999996,-1151.8107997692714,-77.02416771346725
"[0, 0, 0, 0, 0, 0, 0, 0, 0, 1, 1, 1, 0, 0, 0, 1, 1, 1, 0, 0, 0, 1, 1]",-0.95,0.9989820482359775,0.0,-452.3827120678629,0.0,0.0,0.0,0.0,-791.9143806630452,0.0
"[0, 0, 0, 0, 0, 0, 0, 0, 0, 0, 0, 0, 1, 1, 1, 0, 0, 0, 0, 0, 0, 1, 1]",-698.5278383083178,-734.6057441071841,-465.3678419288472,-362.6001327565493,-756.4361968747374,-0.7051751538821048,-649.9999999999997,-0.3350487094901121,-800.2697962393111,-206.6615196224193
"[0, 0, 0, 0, 0, 0, 0, 0, 0, 0, 0, 1, 1, 1, 1, 0, 0, 1, 0, 0, 0, 1, 1]",-0.95,-314.69821665863924,-808.4207540191624,-595.7467562029684,-869.6202318705573,-671.4031416123744,-0.5499999999999996,-541.6734654002865,0.6667987790149348,-3.953285400159405
"[0, 0, 0, 0, 0, 0, 0, 0, 0, 1, 0, 1, 1, 1, 1, 1, 0, 1, 0, 0, 0, 1, 1]",499.21947506817696,0.0,0.0,-950.0,0.0,0.0,0.0,0.0,0.0,0.0
"[0, 0, 0, 0, 0, 0, 0, 0, 0, 1, 1, 0, 1, 1, 0, 1, 1, 0, 0, 0, 0, 1, 1]",89.83296286311234,0.0,0.0,0.0,0.0,0.0,0.0,0.0,0.0,0.0
"[0, 0, 0, 0, 0, 0, 0, 0, 0, 1, 1, 0, 1, 1, 1, 0, 1, 0, 0, 0, 0, 1, 1]",-0.95,787.0822925709521,0.0,0.0,0.0,0.0,0.0,0.0,0.0,0.0
"[0, 0, 0, 0, 0, 0, 0, 0, 0, 0, 1, 0, 0, 1, 0, 0, 0, 0, 0, 0, 0, 1, 1]",7.177828480601455,0.0,0.0,0.0,-615.1884703852227,0.0,0.0,0.0,0.0,0.0
"[0, 0, 0, 0, 0, 0, 0, 0, 0, 1, 0, 1, 1, 0, 0, 0, 0, 0, 0, 0, 0, 0, 1]",-950.0,-840.2353864831671,-799.9999999999998,-799.9999999999998,-0.7999999999999998,-799.2969743969243,-208.24759947234583,5.645043816649348,0.0,-744.1342384711222
"[0, 0, 0, 0, 0, 0, 0, 0, 0, 1, 0, 0, 1, 0, 0, 1, 0, 0, 0, 0, 0, 1, 1]",-0.95,-41.7794589391551,-485.45005048713494,-745.7682269724237,-698.9022952220995,-0.5499999999999996,-649.6915120640124,-499.64872213831916,-0.4999999999999996,0.0
"[0, 0, 0, 0, 0, 0, 0, 0, 0, 0, 1, 0, 0, 1, 0, 0, 1, 0, 0, 0, 0, 1, 1]",-696.9220999007388,0.3179769060998344,0.0,-454.8865915052424,0.0,-0.21361556862943132,0.0,0.0,-829.3193369147533,0.0
"[0, 0, 0, 0, 0, 0, 0, 0, 0, 1, 1, 1, 1, 0, 1, 1, 1, 1, 0, 0, 0, 1, 1]",-0.9263326066800649,0.0,0.0,0.0,0.0,0.0,0.0,0.0,0.0,0.0
"[0, 0, 0, 0, 0, 0, 0, 0, 0, 0, 0, 1, 1, 0, 1, 0, 0, 1, 0, 0, 0, 1, 1]",-0.95,-1028.7940992407155,3.4822788063433223,0.0,-0.8999999999999999,-749.9999999999998,0.0,0.0,0.0,0.0
"[0, 0, 0, 0, 0, 0, 0, 0, 0, 1, 0, 0, 1, 0, 0, 0, 0, 0, 0, 0, 0, 0, 1]",-0.8999999999999999,-267.57051262142056,-517.6896678474548,-844.4607099339885,16.90178364117464,-29.828443648300897,-0.14474719581299333,0.0,0.0,-949.9525
"[0, 0, 0, 0, 0, 0, 0, 0, 0, 1, 1, 1, 1, 0, 0, 0, 0, 0, 0, 0, 0, 0, 1]",-696.4073045706439,-645.7858230351098,-684.2635035520348,-699.9999999999998,-353.0552101928012,-444.50504774767586,-920.8758541218015,-655.2248723720066,-904.1166002905156,-1101.103861013574
"[0, 0, 0, 0, 0, 0, 0, 0, 0, 0, 1, 0, 1, 1, 1, 0, 0, 0, 0, 0, 0, 0, 1]",-0.95,-249.90152043340177,-149.64094758033002,-0.95,-0.6310011187990114,-81.66098147746868,1.8091288423813792,-288.91613171124936,0.0,0.0
"[0, 0, 0, 0, 0, 0, 0, 0, 0, 0, 0, 1, 0, 0, 1, 0, 0, 0, 0, 0, 0, 0, 1]",-0.95,19.667248503877268,0.0,0.0,0.0,0.0,0.0,-37.82266712094929,14.595117040129274,0.0
"[0, 0, 0, 0, 0, 0, 0, 0, 0, 1, 1, 1, 1, 1, 1, 0, 0, 0, 0, 0, 0, 0, 1]",-0.8499999999999999,-682.9182984201759,0.3216316018832578,0.0,0.0,0.0,0.0,0.0,0.0,0.0
"[0, 0, 0, 0, 0, 0, 0, 0, 0, 0, 1, 0, 0, 1, 0, 0, 1, 0, 0, 0, 0, 1, 0]",-0.95,-0.95,-610.0973863185991,-599.9999999999997,0.0,0.0,0.0,0.0,0.0,0.0
"[0, 0, 0, 0, 0, 0, 0, 0, 0, 0, 1, 0, 1, 1, 0, 0, 1, 0, 0, 0, 0, 1, 0]",-0.95,-0.95,-127.83633456283769,-696.5570410595656,-6.84773970839248,0.0,0.0,0.0,0.0,0.0
"[0, 0, 0, 0, 0, 0, 0, 0, 0, 0, 0, 0, 1, 1, 0, 0, 0, 0, 0, 0, 0, 1, 0]",160.85927547437868,45.631036618610125,0.0,43.24747161424089,0.0,0.0,0.0,0.0,12.812531313489243,39.85993550266993
"[0, 0, 0, 0, 0, 0, 0, 0, 0, 1, 1, 1, 0, 0, 1, 0, 0, 1, 0, 0, 0, 1, 1]",-951.7667684375,-1392.0348755847122,-898.5427630023565,-877.5700693414103,-903.3926909832838,-515.3774630830961,-799.9999999999998,-945.6016486179731,-903.5289054890512,-291.0916390808092
"[0, 0, 0, 0, 0, 0, 0, 0, 0, 1, 1, 1, 1, 1, 1, 0, 0, 1, 0, 0, 0, 1, 1]",-0.95,37.6378084680327,0.0,0.0,0.0,0.0,0.0,-475.8894512439648,0.0,0.0
"[0, 0, 0, 0, 0, 0, 0, 0, 0, 0, 0, 0, 1, 1, 0, 0, 0, 0, 0, 0, 0, 1, 1]",-539.4599266960714,0.0,-539.8184299288162,0.0,0.0,-0.7499999999999998,3.7717531894394085,-893.6689932563937,0.0,0.0
"[0, 0, 0, 0, 0, 0, 0, 0, 0, 1, 0, 0, 1, 0, 0, 1, 1, 0, 0, 0, 0, 1, 0]",-950.0,-762.174316087639,-899.9999999999999,-899.9999999999999,-712.4058490667194,-799.9999999999998,-631.089798045684,-651.1284293749997,-699.9999999999998,-407.47283364498907
"[0, 0, 0, 0, 0, 0, 0, 0, 0, 1, 1, 0, 0, 0, 0, 0, 0, 0, 0, 0, 0, 1, 0]",-594.2853011582811,-0.95,-587.0407301444313,-0.5499999999999996,-546.12915238304,0.0,0.0,0.0,0.0,0.0
"[0, 0, 0, 0, 0, 0, 0, 0, 0, 1, 1, 0, 0, 0, 0, 0, 1, 0, 0, 0, 0, 1, 0]",-0.95,-0.95,18.115155502617597,0.0,-849.9999999999999,-872.1746651737767,0.0,0.0,0.0,0.0
"[0, 0, 0, 0, 0, 0, 0, 0, 0, 0, 0, 0, 0, 0, 0, 0, 1, 0, 0, 0, 0, 1, 0]",53.51392587324922,0.0,0.8499999999999999,0.0,0.0,159.45432951785202,0.0,0.0,0.0,0.0
"[0, 0, 0, 0, 0, 0, 0, 0, 0, 1, 1, 1, 0, 0, 0, 0, 1, 0, 0, 0, 0, 1, 1]",-0.8499999999999999,-406.9232227926594,-611.2228766519864,-848.9793247714013,-0.2280000000000002,0.0,0.0,0.0,0.0,0.0
"[0, 0, 0, 0, 0, 0, 0, 0, 0, 1, 0, 1, 0, 0, 0, 1, 0, 0, 0, 0, 0, 1, 1]",-205.57025041342501,-950.0,-949.9599999999999,-697.7054074440116,-0.4999999999999996,-499.9999999999996,-0.4999999999999996,-499.9999999999996,0.0,0.0
"[0, 0, 0, 0, 0, 0, 0, 0, 0, 1, 0, 0, 1, 0, 1, 1, 0, 0, 0, 0, 0, 1, 1]",-0.8999999999999999,-659.4855081121057,-762.5720929702059,-476.6334971024046,-0.8999999999999999,-840.9035942173354,-547.2059541007181,0.0,0.0,0.0
"[0, 0, 0, 0, 0, 0, 0, 0, 0, 1, 1, 1, 0, 0, 0, 1, 0, 0, 0, 0, 0, 1, 1]",-901.6056949999999,-932.7262613972748,-773.0515584752332,-899.9999999999999,-950.0117937499999,-749.6854649999998,-749.9999999999998,-737.367548710419,-77.3441786615349,-950.0
"[0, 0, 0, 0, 0, 0, 0, 0, 0, 1, 0, 0, 1, 0, 0, 1, 0, 0, 0, 0, 0, 1, 0]",228.63051100480945,-899.9999999999999,-718.8994328566605,-0.7499999999999998,-572.9133379885818,-699.9999999999998,-928.3913105990403,-0.8999999999999999,-870.2272387479491,0.0
"[0, 0, 0, 0, 0, 0, 0, 0, 0, 1, 1, 0, 0, 0, 0, 0, 0, 0, 0, 0, 0, 1, 1]",-590.8918547383972,-930.3098185437327,-878.0051359062444,-601.7900891887604,-550.2722499999996,0.0,0.0,0.0,0.0,-1059.4085504204788
"[0, 0, 0, 0, 0, 0, 0, 0, 0, 0, 0, 1, 0, 0, 0, 0, 0, 1, 0, 0, 0, 1, 1]",-0.95,-995.0,5.721452661718942,0.0,0.0,0.0,0.0,0.0,0.0,0.0
"[0, 0, 0, 0, 0, 0, 0, 0, 0, 0, 0, 1, 0, 0, 1, 0, 0, 1, 0, 0, 0, 1, 1]",-0.95,-899.8192624999999,-482.44138954787013,-657.810080436133,-57.498865846414645,-1.0949999999999995,2.7161270867943244,-187.39714411413922,-699.3718576314554,-356.56995086396404
"[0, 0, 0, 0, 0, 0, 0, 0, 0, 1, 1, 1, 1, 0, 1, 1, 0, 1, 0, 0, 0, 1, 1]",-0.95,162.32014816640407,0.0,0.0,0.0,0.0,0.0,0.0,0.0,0.0
"[0, 0, 0, 0, 0, 0, 0, 0, 0, 1, 0, 0, 1, 0, 0, 1, 1, 1, 0, 0, 0, 1, 1]",-469.6215857959262,-757.2651001533292,-926.7135258533854,-814.6182938172312,-800.1749399999998,-651.9209582615515,-898.7543490141892,-896.0942744569337,-774.4299104234012,-775.2563747272295
"[0, 0, 0, 0, 0, 0, 0, 0, 0, 1, 0, 0, 0, 0, 0, 1, 0, 1, 0, 0, 0, 1, 1]",-899.9999999999999,-899.19405,0.0,0.0,0.0,0.0,0.0,0.0,0.0,0.0
"[0, 0, 0, 0, 0, 0, 0, 0, 0, 1, 0, 1, 1, 0, 0, 1, 0, 0, 0, 0, 0, 1, 1]",-0.09262500000000003,-662.25084505849,-699.9999999999998,-651.0106840633035,-0.5499999999999996,-749.5036327300213,-549.9613289713656,-495.3817423152368,-798.3512986633021,0.0
"[0, 0, 0, 0, 0, 0, 0, 0, 0, 0, 1, 0, 0, 1, 0, 0, 0, 0, 0, 0, 0, 0, 1]",-597.5031910344845,-270.8823172341961,0.0,0.0,0.0,0.0,0.0,6.100795974487499,4.8782165070653,-741.5279999378065
"[0, 0, 0, 0, 0, 0, 0, 0, 0, 0, 1, 0, 0, 1, 0, 1, 1, 0, 0, 0, 0, 1, 0]",-645.7128296689649,-0.6584516036842784,6.998536476957522,-538.1472874026347,0.0,0.0,-0.16283287843851335,0.0,0.0,-900.7694999999999
"[0, 0, 0, 0, 0, 0, 0, 0, 0, 1, 0, 0, 1, 1, 0, 0, 0, 0, 0, 0, 0, 0, 0]",-0.7999999999999998,-0.6499999999999997,-799.9999999999998,-649.9999999999997,-77.84088241787461,-244.4200013222737,-36.14561472748362,-599.9999999999997,-0.5999999999999996,-247.83246537634918
"[0, 0, 0, 0, 0, 0, 0, 0, 0, 0, 0, 1, 0, 0, 1, 1, 1, 1, 0, 0, 0, 1, 1]",-1.1818671891980301,-977.6616379623505,-916.9348172387713,-1025.5151437113755,-879.6258365367373,-699.5906646231571,-881.0231419841805,-584.2122666676818,-706.9869205679126,-649.8169304806312
"[0, 0, 0, 0, 0, 0, 0, 0, 0, 0, 1, 1, 0, 1, 1, 1, 1, 1, 0, 0, 0, 1, 1]",-0.95,788.9809804097208,0.0,0.0,0.0,0.0,0.0,0.0,-655.4274176841797,0.0
"[0, 0, 0, 0, 0, 0, 0, 0, 0, 1, 1, 0, 0, 1, 0, 0, 1, 0, 0, 0, 0, 1, 0]",-950.0,-0.95,3.4604606564255693,0.0,0.0,0.0,-949.142625,0.0,0.0,0.0
"[0, 0, 0, 0, 0, 0, 0, 0, 0, 0, 1, 0, 0, 0, 0, 0, 0, 0, 0, 0, 0, 1, 1]",-0.95,1.3925977200519994,0.0,0.0,0.0,0.0,0.0,0.0,0.0,0.0
"[0, 0, 0, 0, 0, 0, 0, 0, 0, 1, 1, 1, 1, 1, 1, 1, 0, 0, 0, 0, 0, 1, 1]",712.4977411225645,0.0,0.0,0.0,0.0,0.0,0.0,0.0,0.0,0.0
"[0, 0, 0, 0, 0, 0, 0, 0, 0, 1, 0, 1, 0, 0, 1, 0, 0, 1, 0, 0, 0, 1, 1]",-0.7499999999999998,-749.9999999999998,-612.3611173883943,0.0,0.0,0.0,0.0,-584.0144791909044,0.0,0.0
"[0, 0, 0, 0, 0, 0, 0, 0, 0, 1, 0, 1, 1, 0, 1, 1, 0, 1, 0, 0, 0, 1, 1]",-0.14012500000000006,36.75649537290228,0.0,0.0,0.0,0.0,0.0,0.0,0.0,0.0
"[0, 0, 0, 0, 0, 0, 0, 0, 0, 1, 1, 1, 1, 1, 0, 1, 1, 0, 0, 0, 0, 1, 1]",155.08317513806725,0.0,0.0,0.0,0.0,0.0,0.0,0.0,0.0,0.0
"[0, 0, 0, 0, 0, 0, 0, 0, 0, 0, 0, 0, 0, 1, 0, 0, 0, 0, 0, 0, 0, 1, 1]",-0.95,11.48258859112337,0.0,0.0,0.0,0.0,0.0,0.0,0.0,0.0
"[0, 0, 0, 0, 0, 0, 0, 0, 0, 1, 0, 0, 1, 0, 0, 0, 0, 0, 0, 0, 0, 1, 0]",54.16094848575242,0.0,0.0,0.0,0.0,0.0,0.0,0.0,0.0,0.0
"[0, 0, 0, 0, 0, 0, 0, 0, 0, 1, 0, 0, 1, 1, 0, 1, 0, 0, 0, 0, 0, 1, 0]",-0.95,-950.0,-491.4849823110884,-799.9999999999998,-490.6411226152432,-418.23536875000025,-13.2800996119158,-950.0,-894.8334901418928,-1.2054765338282447
"[0, 0, 0, 0, 0, 0, 0, 0, 0, 1, 1, 1, 0, 0, 0, 0, 0, 1, 0, 0, 0, 1, 1]",-950.0,-784.4127787648818,-613.0756429445759,-616.2278341744693,0.0,0.0,0.0,0.0,0.0,0.0
"[0, 0, 0, 0, 0, 0, 0, 0, 0, 1, 1, 0, 0, 0, 0, 1, 0, 0, 0, 0, 0, 1, 0]",-899.9999999999999,-586.7673365520268,-849.3858749999999,-849.9999999999999,-793.6911632881361,-809.2330800781244,-793.6911632881361,-849.9999999999999,-663.1282063309616,-649.4978749999997
"[0, 0, 0, 0, 0, 0, 0, 0, 0, 1, 0, 1, 0, 0, 1, 0, 0, 0, 0, 0, 0, 0, 1]",-899.9999999999999,-736.3086303956901,-499.9999999999996,0.0,0.0,0.0,-649.9999999999997,-866.0238621383953,-589.7617128244121,0.0
"[0, 0, 0, 0, 0, 0, 0, 0, 0, 1, 0, 0, 1, 0, 0, 1, 0, 1, 0, 0, 0, 1, 1]",-899.9999999999999,-811.0803390873336,-749.7253806237984,-730.7317834525619,-0.7499999999999996,-697.4170562987258,-499.9999999999996,-499.90453852287607,0.0,0.0
"[0, 0, 0, 0, 0, 0, 0, 0, 0, 1, 1, 1, 1, 1, 1, 0, 0, 0, 0, 0, 0, 1, 1]",446.481148734534,0.0,0.0,0.0,0.0,0.0,0.0,0.0,0.0,0.0
"[0, 0, 0, 0, 0, 0, 0, 0, 0, 1, 0, 0, 0, 0, 0, 1, 0, 0, 0, 0, 0, 1, 1]",-899.9999999999999,140.34275957120246,0.0,0.0,0.0,0.0,0.0,0.0,0.0,0.0
"[0, 0, 0, 0, 0, 0, 0, 0, 0, 0, 0, 0, 0, 0, 0, 1, 1, 1, 0, 0, 0, 1, 1]",-751.0955405808912,-110.2309743650379,-256.66923432783005,-0.7470135984889019,-946.2763241036685,-692.2356796164669,-924.3194394348587,-699.2299594531463,-708.045837168036,-225.81418124029264
"[0, 0, 0, 0, 0, 0, 0, 0, 0, 0, 0, 0, 0, 0, 0, 1, 1, 0, 0, 0, 0, 1, 1]",-0.8499999999999999,-511.05582648244024,0.0,0.0,0.0,-0.8499999999999999,0.0,-0.4349186229582105,0.0,0.0
"[0, 0, 0, 0, 0, 0, 0, 0, 0, 1, 1, 0, 0, 0, 0, 1, 1, 0, 0, 0, 0, 1, 1]",385.3905051693806,0.0,0.0,0.0,0.0,0.0,0.0,0.0,0.0,0.0
"[0, 0, 0, 0, 0, 0, 0, 0, 0, 0, 1, 0, 0, 0, 0, 0, 0, 0, 0, 0, 0, 1, 0]",844.0864465299522,0.0,0.0,0.0,0.0,456.4512839851323,0.0,0.0,0.0,0.0
"[0, 0, 0, 0, 0, 0, 0, 0, 0, 1, 1, 1, 1, 1, 1, 0, 1, 0, 0, 0, 0, 1, 1]",-0.8499999999999999,6.632879412888833,0.0,0.0,0.0,0.0,0.0,0.0,0.0,0.0
"[0, 0, 0, 0, 0, 0, 0, 0, 0, 1, 0, 0, 1, 0, 1, 0, 0, 0, 0, 0, 0, 0, 1]",-1.2566031384588587,-261.5789331847601,-1.2968749999999993,-375.6355208288969,-950.0,-749.807592584705,-497.9528733952162,-649.9623253023177,-500.3749999999996,-654.9265363873799
"[0, 0, 0, 0, 0, 0, 0, 0, 0, 1, 1, 1, 0, 0, 0, 0, 0, 0, 0, 0, 0, 0, 1]",-0.8999999999999999,-629.606532398769,-0.4999999999999996,-495.3930098818435,-499.9999999999996,-17.608744137889442,0.0,-700.0748681984134,0.0,0.0
"[0, 0, 0, 0, 0, 0, 0, 0, 0, 0, 0, 0, 1, 0, 0, 0, 0, 0, 0, 0, 0, 0, 1]",6.162336990489038,0.0,0.0,0.0,0.0,0.0,0.0,57.973663841993556,0.0,0.0
"[0, 0, 0, 0, 0, 0, 0, 0, 0, 1, 1, 0, 0, 0, 0, 0, 0, 0, 0, 0, 0, 0, 1]",-0.8999999999999999,98.75015248664039,0.0,0.0,0.0,0.0,0.0,0.0,0.0,0.0
"[0, 0, 0, 0, 0, 0, 0, 0, 0, 0, 1, 0, 0, 0, 0, 0, 0, 0, 0, 0, 0, 0, 1]",-0.6999999999999997,0.0,0.0,0.0,0.0,0.0,31.527233212959562,0.0,0.0,0.0
"[0, 0, 0, 0, 0, 0, 0, 0, 0, 0, 1, 1, 1, 1, 1, 0, 0, 1, 0, 0, 0, 1, 1]",-0.8999999999999999,120.57885052978534,0.0,0.0,0.0,0.0,0.0,0.0,0.0,0.0
"[0, 0, 0, 0, 0, 0, 0, 0, 0, 1, 0, 0, 1, 0, 0, 0, 0, 0, 0, 0, 0, 1, 1]",-0.8999999999999999,0.0,0.0,53.34926051468825,0.0,0.0,0.0,0.0,0.0,0.0
"[0, 0, 0, 0, 0, 0, 0, 0, 0, 1, 0, 0, 0, 0, 0, 1, 1, 0, 0, 0, 0, 1, 0]",-899.9999999999999,-799.9999999999998,-534.506104343679,-0.4999999999999996,-497.70116537633623,0.0,0.0,0.0,0.0,0.0
"[0, 0, 0, 0, 0, 0, 0, 0, 0, 1, 0, 0, 0, 0, 0, 1, 0, 0, 0, 0, 0, 1, 0]",-899.9999999999999,-799.9999999999998,-749.9999999999998,-0.6999999999999997,-699.9999999999998,-950.0,0.0,0.0,0.0,0.0
"[0, 0, 0, 0, 0, 0, 0, 0, 0, 1, 0, 1, 1, 0, 1, 0, 0, 0, 0, 0, 0, 0, 1]",199.40471727152385,0.0,0.0,302.55983162051865,0.0,0.0,0.0,0.0,0.0,0.0
"[0, 0, 0, 0, 0, 0, 0, 0, 0, 0, 1, 0, 0, 1, 0, 1, 1, 0, 0, 0, 0, 1, 1]",282.18631854736384,0.0,0.0,0.0,0.0,0.0,0.0,0.0,0.0,0.0
"[0, 0, 0, 0, 0, 0, 0, 0, 0, 1, 1, 1, 0, 1, 0, 1, 1, 1, 0, 0, 0, 1, 1]",252.82440477368266,0.0,0.0,0.0,0.0,0.0,0.0,0.0,0.0,0.0
"[0, 0, 0, 0, 0, 0, 0, 0, 0, 1, 1, 0, 1, 1, 0, 1, 0, 0, 0, 0, 0, 1, 1]",330.8848454937806,0.0,0.0,0.0,0.0,0.0,0.0,0.0,0.0,0.0
"[0, 0, 0, 0, 0, 0, 0, 0, 0, 0, 0, 1, 1, 1, 1, 0, 0, 0, 0, 0, 0, 0, 1]",-878.8077703333447,-899.9999999999999,-885.9135480641376,-1037.2408824178747,-163.29062391322748,-803.9537164655393,-745.5686641019142,-409.192322673933,-823.3328952712105,-902.3073877713733
"[0, 0, 0, 0, 0, 0, 0, 0, 0, 1, 0, 0, 1, 1, 1, 0, 0, 0, 0, 0, 0, 0, 1]",-293.2042571658005,-740.0240389706453,-501.0376192988975,-95.42159374353844,-632.8057339526081,-389.3715633554921,-30.797150413976112,-699.2613474881733,-550.6784172656897,-58.627170024049306
"[0, 0, 0, 0, 0, 0, 0, 0, 0, 0, 1, 0, 0, 0, 0, 1, 1, 0, 0, 0, 0, 1, 0]",-0.7499999999999998,-0.7499999999999998,-244.63491972378822,-0.5999999999999996,-599.9999999999997,0.0,0.0,0.0,0.0,0.0
"[0, 0, 0, 0, 0, 0, 0, 0, 0, 0, 0, 1, 0, 0, 1, 0, 0, 0, 0, 0, 0, 1, 1]",-0.8499999999999999,-626.8194992647693,24.88551855196118,0.0,0.0,0.0,0.0,0.0,0.0,0.0
"[0, 0, 0, 0, 0, 0, 0, 0, 0, 1, 1, 0, 1, 1, 0, 1, 0, 0, 0, 0, 0, 1, 0]",0.0,0.0,0.0,0.0,28.10454752085338,0.0,0.0,0.0,0.0,0.0
"[0, 0, 0, 0, 0, 0, 0, 0, 0, 0, 0, 0, 1, 0, 0, 0, 0, 0, 0, 0, 0, 1, 1]",1.2429269234647589,-234.07148263995697,-28.763589270348007,0.0,0.0,0.0,0.0,0.0,0.0,0.0
"[0, 0, 0, 0, 0, 0, 0, 0, 0, 1, 1, 0, 1, 1, 0, 1, 1, 0, 0, 0, 0, 1, 0]",-0.8499999999999999,0.0,0.0,0.0,0.0,0.0,0.0,0.0,0.0,0.0
"[0, 0, 0, 0, 0, 0, 0, 0, 0, 0, 0, 0, 1, 0, 0, 0, 0, 0, 0, 0, 0, 1, 0]",-0.6999999999999997,-0.9099999999999998,-0.7395414829647987,0.0,0.0,0.0,0.0,0.0,0.0,0.0
"[0, 0, 0, 0, 0, 0, 0, 0, 0, 0, 1, 0, 0, 1, 0, 0, 0, 0, 0, 0, 0, 0, 0]",-0.6999999999999997,0.0,0.0,0.0,0.0,0.0,0.0,0.0,0.0,0.0
"[0, 0, 0, 0, 0, 0, 0, 0, 0, 1, 0, 1, 1, 0, 1, 0, 0, 1, 0, 0, 0, 1, 1]",0.0,0.0,0.0,0.0,0.0,0.0,0.0,0.0,0.0,0.0
"[0, 0, 0, 0, 0, 0, 0, 0, 0, 0, 0, 0, 1, 1, 0, 0, 0, 0, 0, 0, 0, 0, 1]",-835.1017547763378,20.776117956625768,0.0,0.0,0.0,0.0,0.0,0.0,0.0,0.0
"[0, 0, 0, 0, 0, 0, 0, 0, 0, 0, 0, 1, 0, 0, 0, 1, 0, 1, 0, 0, 0, 1, 1]",-799.9999999999998,0.0,0.0,0.0,0.0,0.0,0.0,0.0,-849.9999999999999,0.0
"[0, 0, 0, 0, 0, 0, 0, 0, 0, 0, 0, 0, 0, 0, 0, 1, 1, 0, 0, 0, 0, 1, 0]",-0.7999999999999998,5.444021223239835,0.0,0.0,0.0,0.0,0.0,0.0,-73.96700963049757,0.0
"[0, 0, 0, 0, 0, 0, 0, 0, 0, 1, 1, 1, 0, 0, 1, 0, 0, 0, 0, 0, 0, 0, 1]",-1088.9819887848787,-849.8497564040772,-1025.5036249999996,-875.457115356221,-889.6381456912543,-874.9592889043732,-831.9526898014095,-793.8842187828825,-1025.4147499999995,-871.9276650931589
"[0, 0, 0, 0, 0, 0, 0, 0, 0, 1, 0, 1, 0, 0, 1, 1, 0, 1, 0, 0, 0, 1, 1]",0.0,0.0,0.0,0.0,0.0,0.0,0.0,0.0,0.0,0.0
"[0, 0, 0, 0, 0, 0, 0, 0, 0, 1, 0, 1, 0, 0, 0, 0, 0, 0, 0, 0, 0, 1, 1]",-799.9999999999998,-380.62254476311455,-599.9999999999997,0.5499999999999996,0.0,0.0,0.0,0.0,0.0,0.0
"[0, 0, 0, 0, 0, 0, 0, 0, 0, 0, 0, 0, 1, 0, 1, 0, 0, 0, 0, 0, 0, 1, 1]",-859.4289799519594,247.67989609152207,0.0,0.0,0.0,0.0,0.0,0.0,0.0,0.0
"[0, 0, 0, 0, 0, 0, 0, 0, 0, 1, 0, 0, 1, 0, 0, 0, 0, 0, 0, 0, 0, 0, 0]",-599.9999999999997,-0.8499999999999999,-0.8499999999999999,2.299318444328426,0.0,0.0,0.0,0.0,0.0,0.0
"[0, 0, 0, 0, 0, 0, 0, 0, 0, 0, 0, 1, 0, 0, 0, 1, 1, 1, 0, 0, 0, 1, 1]",-0.7999999999999998,-799.9999999999998,-270.5503570640518,-737.0416337486984,9.195338494653368,0.0,0.0,0.0,0.0,0.0
"[0, 0, 0, 0, 0, 0, 0, 0, 0, 1, 1, 0, 0, 0, 0, 1, 1, 0, 0, 0, 0, 1, 0]",-0.8999999999999999,73.28195476122522,0.0,0.0,0.0,0.0,0.0,0.0,0.0,0.0
"[0, 0, 0, 0, 0, 0, 0, 0, 0, 0, 1, 0, 0, 1, 0, 0, 0, 0, 0, 0, 0, 1, 0]",260.61783944863765,0.0,0.0,0.0,0.0,0.0,0.0,0.0,0.0,0.0
"[0, 0, 0, 0, 0, 0, 0, 0, 0, 0, 0, 1, 1, 1, 1, 1, 1, 1, 0, 0, 0, 1, 1]",33.07409347944338,0.0,0.0,0.0,0.0,0.0,0.0,0.0,0.0,0.0
"[0, 0, 0, 0, 0, 0, 0, 0, 0, 0, 0, 0, 0, 0, 0, 1, 0, 1, 0, 0, 0, 1, 1]",-0.11384051968378162,1.8342572368904055,0.0,0.0,-0.262625,-0.32558425477280584,0.0,0.0,0.0,0.0
"[0, 0, 0, 0, 0, 0, 0, 0, 0, 1, 1, 1, 0, 1, 1, 1, 1, 1, 0, 0, 0, 1, 1]",286.54582300632325,0.0,0.0,0.0,0.0,0.0,0.0,0.0,0.0,0.0
"[0, 0, 0, 0, 0, 0, 0, 0, 0, 1, 0, 1, 0, 0, 0, 0, 0, 1, 0, 0, 0, 1, 1]",-0.7499999999999998,-743.9510028924972,0.0,0.0,0.0,0.0,0.0,0.0,0.0,0.0
"[0, 0, 0, 0, 0, 0, 0, 0, 0, 0, 1, 1, 0, 1, 1, 0, 1, 1, 0, 0, 0, 1, 1]",176.33666201141793,0.0,0.0,0.0,0.0,0.0,0.0,0.0,0.0,0.0
"[0, 0, 0, 0, 0, 0, 0, 0, 0, 1, 1, 1, 1, 1, 0, 0, 0, 0, 0, 0, 0, 0, 1]",0.0,0.0,0.0,0.0,0.0,-0.7499999999999998,0.0,0.0,0.0,0.0
"[0, 0, 0, 0, 0, 0, 0, 0, 0, 1, 1, 0, 1, 0, 0, 1, 1, 1, 0, 0, 0, 1, 1]",78.34362407802962,0.0,0.0,0.0,0.0,0.0,0.0,0.0,0.0,0.0
"[0, 0, 0, 0, 0, 0, 0, 0, 0, 0, 0, 0, 0, 0, 1, 0, 0, 0, 0, 0, 0, 0, 1]",-0.7499999999999998,43.455126448316705,0.0,0.0,0.0,0.0,0.0,0.0,0.0,0.0
"[0, 0, 0, 0, 0, 0, 0, 0, 0, 0, 0, 0, 1, 0, 0, 0, 0, 0, 0, 0, 0, 0, 0]",0.0,0.0,0.0,0.0,0.0,0.0,0.0,0.0,0.0,0.0
"[0, 0, 0, 0, 0, 0, 0, 0, 0, 0, 1, 0, 0, 0, 0, 0, 1, 0, 0, 0, 0, 1, 1]",-0.7499999999999998,18.524059243423483,0.0,0.0,0.0,0.0,0.0,0.0,0.0,0.0
"[0, 0, 0, 0, 0, 0, 0, 0, 0, 1, 1, 1, 0, 0, 0, 1, 1, 0, 0, 0, 0, 1, 1]",-0.7499999999999998,0.7499999999999998,0.0,0.0,0.0,0.0,0.0,0.0,0.0,0.0
"[0, 0, 0, 0, 0, 0, 0, 0, 0, 1, 1, 1, 0, 0, 0, 1, 0, 1, 0, 0, 0, 1, 1]",0.0,0.0,0.0,0.0,0.0,0.0,0.0,0.0,0.0,0.0
"[0, 0, 0, 0, 0, 0, 0, 0, 0, 1, 1, 0, 1, 1, 0, 1, 1, 1, 0, 0, 0, 1, 1]",-0.6999999999999997,1.8813719904778168,0.0,0.0,0.0,0.0,0.0,0.0,0.0,0.0
"[0, 0, 0, 0, 0, 0, 0, 0, 0, 1, 1, 1, 0, 0, 1, 1, 1, 1, 0, 0, 0, 1, 1]",-0.6999999999999997,3.873910189765825,0.0,0.0,0.0,0.0,0.0,0.0,0.0,0.0
"[0, 0, 0, 0, 0, 0, 0, 0, 0, 0, 0, 1, 1, 1, 1, 0, 0, 0, 0, 0, 0, 1, 1]",-0.6999999999999997,610.7441768416678,0.0,0.0,0.0,0.0,0.0,0.0,0.0,0.0
"[0, 0, 0, 0, 0, 0, 0, 0, 0, 0, 0, 0, 0, 0, 1, 0, 0, 0, 0, 0, 0, 1, 1]",-0.6499999999999997,9.16402519808117,0.0,0.0,0.0,19.49252747198464,0.0,0.0,0.0,0.0
"[0, 0, 0, 0, 0, 0, 0, 0, 0, 0, 0, 0, 1, 1, 0, 0, 0, 0, 0, 0, 0, 0, 0]",-339.0771701077061,-102.83882474743223,-0.5499999999999996,-0.5499999999999996,-0.7427623418399695,0.0,0.0,0.0,0.0,0.0
"[0, 0, 0, 0, 0, 0, 0, 0, 0, 1, 0, 0, 1, 1, 0, 0, 0, 0, 0, 0, 0, 1, 0]",0.0,0.0,0.0,0.0,0.0,0.0,0.0,0.0,0.0,0.0
"[0, 0, 0, 0, 0, 0, 0, 0, 0, 1, 0, 0, 1, 1, 1, 1, 1, 1, 0, 0, 0, 1, 1]",-0.5499999999999996,53.27335329205107,0.0,0.0,0.0,0.0,0.0,0.0,0.0,0.0
"[0, 0, 0, 0, 0, 0, 0, 0, 0, 1, 1, 1, 1, 1, 1, 1, 0, 1, 0, 0, 0, 1, 1]",0.0,0.0,0.0,0.0,0.0,0.0,0.0,-649.9999999999997,0.0,0.0
"[0, 0, 0, 0, 0, 0, 0, 0, 0, 1, 1, 1, 0, 0, 1, 0, 0, 0, 0, 0, 0, 1, 1]",-0.4999999999999996,13.945046185467987,0.0,0.0,0.0,0.0,0.0,0.0,0.0,0.0
"[0, 0, 0, 0, 0, 0, 0, 0, 0, 1, 1, 0, 1, 0, 0, 0, 0, 0, 0, 0, 0, 0, 0]",-1055.4073368253962,-909.7070426652414,-1135.823927404524,-1167.8770419692657,-323.99317719324023,-911.0525152499998,-453.1344219113716,-1007.4177426551306,-495.24974461423193,-1078.7475141469613
"[0, 0, 0, 0, 0, 0, 0, 0, 0, 0, 0, 0, 0, 1, 0, 0, 0, 0, 0, 0, 0, 0, 0]",0.0,0.0,0.0,0.0,0.0,0.0,0.0,0.0,0.0,0.0
"[0, 0, 0, 0, 0, 0, 0, 0, 0, 0, 1, 1, 0, 1, 1, 0, 0, 1, 0, 0, 0, 1, 1]",14.117142924854353,0.0,0.0,0.0,0.0,0.0,0.0,0.0,0.0,0.0
"[0, 0, 1, 0, 0, 0, 0, 0, 1, 0, 0, 0, 0, 0, 0, 0, 0, 0, 0, 0, 0, 1, 1]",-2.3135710534707856,-172.7585621249901,-14.272252321294332,-2.0364961366889074,-2.549839652119452,-1.999999999999999,-3.206070157135975,-4.939634602676282,0.8355184143969543,-498.53928312561794
"[0, 0, 1, 0, 0, 1, 0, 0, 1, 0, 0, 0, 0, 0, 0, 0, 0, 0, 0, 0, 0, 1, 1]",-1.4821575148187558,-0.983937370114176,0.9901371329412553,-0.7119212575969529,-0.7461768626305815,-20.547204033260723,-0.7129725839630897,-3.1121060564881318,-30.632946377672887,-7.014315302457197
"[0, 0, 1, 0, 0, 1, 0, 0, 0, 0, 0, 0, 0, 0, 0, 0, 0, 0, 0, 0, 0, 1, 1]",0.6324277816824232,1.2712070624142868,2.9708426488586683,1.9756449343553115,0.245618171766706,1.2512963665184358,0.7194921998170123,0.46979471875406725,0.931599857292065,2.0118142306086604
"[0, 0, 1, 0, 0, 1, 0, 0, 0, 0, 0, 0, 0, 0, 0, 0, 0, 0, 0, 0, 0, 0, 1]",-3.612979566087551,-1.8164292654915264,-1.8164009021545762,-2.0057855026292333,-229.2756046113919,-288.82525634443147,-9.848855992756066,-20.616244596596793,-31.272664250278815,-274.2283584741775
"[0, 0, 0, 0, 0, 1, 0, 0, 0, 0, 0, 0, 0, 0, 0, 0, 0, 0, 0, 0, 0, 1, 1]",0.47359434709504095,1.949576336589955,1.5010195641925235,1.3063269062428882,1.2450422580855376,0.641714937872188,1.4662101922571993,0.0,-788.3088031009879,0.0
"[0, 0, 0, 1, 0, 0, 0, 0, 0, 0, 0, 0, 0, 0, 0, 0, 0, 0, 0, 0, 0, 1, 1]",1.4688491371513208,1.6728141057296464,1.3863259407596946,1.6414784782853273,0.9797139355124865,0.5386872279311987,0.7190060295191869,1.8332444684588094,0.4640529709030238,1.649985838954537
"[0, 0, 0, 0, 1, 0, 0, 0, 0, 0, 0, 0, 0, 0, 0, 0, 0, 0, 0, 0, 0, 1, 1]",0.0009495656606520742,0.9402238458846366,0.9585850632736348,-144.40855523246162,0.4958710770908472,0.5039738492424074,0.7293007731010746,1.404885270224204,0.1828920620809364,-598.1236279260821
"[0, 1, 0, 0, 1, 0, 0, 0, 0, 0, 0, 0, 0, 0, 0, 0, 0, 0, 0, 0, 0, 1, 1]",0.45839943847747866,-4.3674045062953395,1.032900441967537,-21.7731526555008,0.20992058178823425,0.452658226531069,0.296756207024525,-289.4523443651154,0.3856611262249864,0.1856699680880669
"[0, 0, 1, 0, 0, 1, 0, 0, 1, 1, 1, 1, 1, 0, 0, 1, 0, 0, 0, 0, 0, 1, 1]",-919.0857900280052,-950.0,-122.51310105479658,-849.9999999999999,-939.9047213954208,-750.1677021540909,-766.6095623587886,-700.6319999999997,-849.0040892517834,-697.3463222368669
"[0, 0, 1, 0, 0, 1, 0, 0, 1, 0, 1, 0, 0, 1, 0, 1, 1, 1, 0, 0, 0, 1, 1]",-94.21412476579872,-950.0,-306.57020853235167,-607.6518248048969,-868.3636231011624,-424.76901463723124,-713.231055599301,-498.3758069121481,-750.5062499999998,-747.8815161558383
"[0, 1, 0, 0, 1, 0, 0, 1, 0, 0, 0, 0, 0, 0, 0, 0, 0, 0, 0, 0, 0, 1, 1]",-700.5904212071433,-9.593140143748384,-247.9390634353174,-859.0123751432434,-1.2337261148894558,-845.426485085937,-0.9071989745722149,1.2276630987695396,-1.3574480837072778,-121.764315023803
"[0, 0, 0, 0, 0, 0, 0, 0, 1, 0, 0, 0, 0, 0, 0, 0, 0, 0, 0, 0, 0, 1, 1]",-0.95,1.0401994479980512,1.0492440056205383,0.11459090261287225,0.3057614992110167,0.0,0.1305630187255244,0.5920746992015431,-217.4811225616053,0.0
"[0, 0, 0, 0, 0, 0, 1, 0, 0, 0, 0, 0, 0, 0, 0, 0, 0, 0, 0, 0, 0, 1, 1]",-0.49080117776960397,-120.62724134704634,-0.542633791829296,-102.97060776293142,-0.2786916482107507,-0.4973663619289149,-0.34800987041175085,-0.413426898073065,-0.29580562920175674,-795.8711310161038
"[0, 0, 0, 0, 0, 0, 0, 1, 0, 0, 0, 0, 0, 0, 0, 0, 0, 0, 0, 0, 0, 1, 1]",1.3000099592711072,1.8534048042707565,1.9082631912239025,1.9251892817412493,0.8364088730381871,1.6161825525240354,1.0975504316771374,1.8789099524945307,1.5157304557180435,-377.8770746645921
"[0, 0, 1, 0, 0, 0, 0, 0, 1, 0, 1, 0, 0, 0, 0, 1, 1, 1, 0, 0, 0, 1, 1]",-0.95,-599.9999999999997,0.0,0.0,0.0,0.0,-936.056368753109,0.0,0.0,0.0
"[0, 0, 0, 0, 0, 1, 0, 0, 1, 0, 1, 0, 0, 1, 0, 1, 1, 1, 0, 0, 0, 1, 1]",-0.95,0.95,0.0,0.0,0.0,0.0,0.0,0.0,0.0,0.0
"[0, 0, 0, 1, 0, 0, 1, 0, 0, 0, 0, 0, 0, 0, 0, 0, 0, 0, 0, 0, 0, 1, 1]",-0.5545530996431035,2.164408721973656,0.0,0.0,0.0,-32.68383359760219,0.0,1.0613459456971441,-1.5301777519425803,0.0
"[0, 0, 0, 0, 1, 0, 0, 1, 0, 0, 0, 0, 0, 0, 0, 0, 0, 0, 0, 0, 0, 1, 1]",-0.308940669050508,-950.9106789843023,2.194951624177753,-67.7860806858845,0.0,-0.04662080337618946,0.0,0.0,-0.5431816053424735,-945.5956960034807
"[0, 0, 1, 0, 0, 1, 0, 0, 1, 0, 1, 0, 1, 1, 1, 0, 1, 0, 0, 0, 0, 1, 1]",-0.7499999999999998,-0.6688609916771731,3.2932707610857923,0.0,0.0,0.0,0.0,-0.7499999999999998,0.0,-797.5460281785652
"[0, 0, 1, 0, 0, 1, 0, 0, 1, 1, 0, 0, 1, 1, 1, 1, 0, 0, 0, 0, 0, 1, 1]",-0.95,-0.95,-497.90311204039966,0.0,0.0,0.0,0.0,0.0,-737.9214676236729,0.0
"[0, 0, 1, 0, 0, 1, 0, 0, 1, 1, 1, 0, 1, 1, 1, 1, 1, 0, 0, 0, 0, 1, 1]",-0.95,-752.0304297465913,1.4079999999999995,0.0,0.0,0.0,0.0,0.0,0.0,0.0
"[0, 0, 1, 0, 0, 1, 0, 0, 1, 0, 1, 0, 0, 1, 0, 0, 1, 0, 0, 0, 0, 1, 1]",-0.95,-941.1623832632276,-499.3684041915151,0.0,0.0,0.0,0.0,0.0,0.0,0.0
"[0, 0, 0, 0, 0, 0, 0, 0, 0, 0, 0, 0, 0, 1, 0, 0, 0, 0, 0, 0, 0, 0, 1]",15.810280146455698,0.0,0.0,0.0,0.0,0.0,0.0,0.0,0.0,0.0
"[0, 0, 0, 0, 0, 0, 1, 0, 0, 0, 0, 1, 1, 1, 1, 0, 0, 1, 0, 0, 0, 1, 1]",-0.95,12.107181558978144,0.0,0.0,0.0,0.0,0.0,0.0,0.0,0.0
"[0, 0, 1, 0, 0, 0, 0, 0, 1, 1, 1, 1, 0, 0, 0, 1, 0, 0, 0, 0, 0, 1, 1]",-950.0,-0.7999999999999998,-752.0304297465913,-0.7499999999999998,-749.9999999999998,-0.7499999999999998,-749.9999999999998,0.7749999999999997,0.0,0.0
"[0, 0, 1, 0, 0, 1, 0, 0, 0, 1, 0, 0, 1, 0, 0, 1, 0, 0, 0, 0, 0, 1, 1]",-950.0,-0.95,0.99,0.0,0.0,0.0,0.0,0.0,0.0,0.0
"[0, 0, 0, 0, 0, 1, 0, 0, 1, 0, 0, 0, 0, 0, 0, 0, 0, 0, 0, 0, 0, 1, 1]",1.379889159393689,2.139545876778496,1.16227696857247,1.8380566530113547,0.0,1.6043984403491995,2.154864820775825,0.0,0.0,-89.42154868939213
"[0, 0, 0, 0, 0, 1, 0, 0, 0, 1, 1, 0, 1, 1, 0, 0, 0, 0, 0, 0, 0, 1, 1]",-0.95,0.0,0.0,0.0,0.0,0.0,0.0,0.0,0.0,0.0
"[0, 0, 0, 0, 0, 1, 0, 0, 0, 0, 1, 0, 0, 1, 0, 0, 0, 0, 0, 0, 0, 1, 1]",-0.95,23.59695235504433,0.0,0.0,0.0,0.0,0.0,0.0,0.0,0.0
"[0, 1, 0, 0, 0, 0, 0, 1, 0, 0, 0, 0, 0, 0, 0, 0, 0, 0, 0, 0, 0, 1, 1]",-0.22487508796382472,-19.319076387771396,1.974644551500113,-0.029472534795915273,-0.09969389845874466,0.45158117772135675,-0.47547913319144075,-6.048239701895129,-699.2974405040337,-68.29755360079133
"[0, 0, 1, 0, 0, 1, 0, 0, 0, 0, 0, 0, 0, 1, 0, 0, 0, 0, 0, 0, 0, 0, 1]",-0.95,0.0,0.0,0.0,0.0,0.0,-392.4729506099108,0.0,0.0,0.0
"[0, 0, 1, 0, 0, 1, 0, 0, 1, 0, 1, 0, 0, 0, 0, 0, 0, 0, 0, 0, 0, 1, 1]",-0.95,10.10530071464086,0.0,0.0,0.0,0.0,28.829956716916165,0.0,0.0,0.0
"[0, 0, 1, 0, 0, 0, 0, 0, 1, 1, 1, 1, 0, 0, 0, 0, 1, 0, 0, 0, 0, 1, 1]",-0.95,0.0,0.0,0.0,0.0,0.0,0.0,0.0,-929.4932077405568,0.0
"[0, 0, 1, 0, 0, 1, 0, 0, 0, 0, 1, 0, 0, 1, 0, 1, 1, 1, 0, 0, 0, 1, 1]",0.0,0.0,0.0,0.0,0.0,0.0,0.0,0.0,0.0,5.3127512254129226
"[0, 0, 1, 0, 0, 1, 0, 0, 0, 1, 1, 1, 1, 0, 0, 1, 0, 0, 0, 0, 0, 1, 1]",47.50240069766744,0.0,0.0,0.0,0.0,0.0,0.0,0.0,0.0,0.0
"[1, 0, 0, 0, 0, 0, 1, 0, 0, 0, 0, 0, 0, 0, 0, 0, 0, 0, 0, 0, 0, 1, 1]",0.7959771126235473,1.920036175089269,1.7020845712860881,1.7237301385209771,0.7592386112625056,1.171222838888699,0.9930015505931613,1.868114428826805,-0.2853050457898598,-347.70466524323257
"[0, 0, 0, 0, 0, 0, 0, 0, 0, 1, 0, 1, 0, 0, 0, 1, 0, 1, 0, 0, 0, 1, 1]",0.0,0.0,0.0,0.0,0.0,0.0,0.0,0.0,0.0,0.0
"[0, 0, 0, 0, 0, 0, 1, 0, 0, 0, 0, 0, 0, 0, 0, 1, 1, 1, 0, 0, 0, 1, 1]",-0.95,0.95,0.0,0.0,0.0,0.0,0.0,0.0,0.0,0.0
"[0, 0, 0, 0, 0, 0, 0, 1, 0, 0, 0, 0, 0, 0, 0, 1, 1, 1, 0, 0, 0, 1, 1]",31.46313592677531,0.0,0.0,0.0,0.0,0.0,0.0,0.0,0.0,0.0
"[0, 0, 1, 0, 0, 1, 0, 0, 0, 0, 1, 0, 0, 1, 0, 0, 0, 0, 0, 0, 0, 0, 1]",-0.95,-0.95,-0.95,-0.95,-694.2511360992149,-0.5999999999999996,-538.3226671209488,0.0,0.0,0.0
"[0, 0, 1, 0, 0, 0, 0, 0, 1, 0, 0, 0, 0, 0, 0, 1, 1, 1, 0, 0, 0, 1, 1]",-0.95,-0.95,-950.0,0.0,0.0,0.0,2.476994130694513,0.0,0.0,0.0
"[0, 0, 1, 0, 0, 1, 0, 0, 1, 1, 1, 1, 0, 0, 0, 0, 0, 0, 0, 0, 0, 1, 1]",0.33178296701404014,0.0,0.0,0.0,0.0,0.0,0.0,0.0,0.0,0.0
"[0, 0, 1, 0, 0, 1, 0, 0, 1, 0, 0, 0, 0, 0, 0, 1, 1, 1, 0, 0, 0, 1, 1]",-742.1703979420503,-0.6499999999999997,1.8988626783374132,0.0,0.0,0.0,0.0,0.0,-877.6009097235798,0.0
"[0, 0, 1, 0, 0, 0, 0, 0, 1, 0, 1, 0, 0, 0, 0, 0, 1, 0, 0, 0, 0, 1, 1]",-0.6499999999999997,-0.6499999999999997,-90.85453854248449,0.0,0.0,0.0,0.0,0.0,0.0,0.0
"[0, 0, 0, 0, 0, 1, 0, 0, 0, 0, 0, 0, 0, 0, 0, 0, 0, 0, 0, 0, 0, 0, 1]",-0.95,2.1134928214615387,1.2464730141977285,0.14459408229165227,-0.16364339841569,1.8666477000213013,-0.2873896555758767,0.0,0.0,0.0
"[0, 0, 0, 1, 0, 0, 0, 0, 0, 0, 0, 0, 0, 0, 0, 0, 0, 0, 0, 0, 0, 0, 1]",0.9943365875179682,1.93754719426185,0.7858228312060184,1.3420601587366465,0.0,1.2956353833334169,1.4204542829591689,1.4311143495374492,-0.5499999999999996,-647.7540418990333
"[0, 0, 0, 0, 1, 0, 0, 0, 0, 0, 0, 0, 0, 0, 0, 0, 0, 0, 0, 0, 0, 0, 1]",-0.23666481949654572,1.9045559781041663,0.7569562112470976,0.3291995584787063,0.6739162638396703,0.6327295635075648,0.40274762853941837,-697.9154512013272,-0.02897436452099833,0.0
"[0, 0, 1, 0, 0, 1, 0, 0, 0, 1, 1, 1, 0, 1, 0, 0, 1, 0, 0, 0, 0, 1, 1]",45.48095287990924,0.0,0.0,0.0,0.0,0.0,0.0,0.0,0.0,0.0
"[0, 0, 0, 0, 0, 0, 0, 0, 1, 1, 1, 0, 0, 0, 0, 0, 0, 0, 0, 0, 0, 1, 1]",-0.95,11.991253386198913,0.0,0.0,0.0,0.0,0.0,0.0,0.0,0.0
"[0, 0, 0, 0, 0, 0, 1, 0, 0, 0, 1, 0, 0, 0, 0, 0, 0, 0, 0, 0, 0, 1, 1]",4.924010341792624,0.0,0.0,0.95,-0.24862500000000007,0.0,0.0,0.0,0.0,11.4001999188549
"[0, 0, 0, 0, 0, 0, 0, 0, 0, 0, 0, 1, 1, 0, 1, 0, 0, 0, 0, 0, 0, 0, 1]",-0.95,241.26165418116926,0.0,0.0,0.0,0.0,0.0,0.0,0.0,0.0
"[0, 0, 1, 0, 0, 1, 0, 0, 0, 1, 0, 0, 1, 1, 1, 0, 0, 0, 0, 0, 0, 0, 1]",-650.7338749999997,-975.6964818166298,-650.6179999999997,-799.9999999999998,-570.6528291508312,-586.515660856172,-585.3025766603737,-550.8669740624996,-746.1338592493762,-971.3583730921478
"[0, 1, 0, 0, 0, 0, 0, 0, 0, 0, 0, 0, 0, 0, 0, 0, 0, 0, 0, 0, 0, 0, 1]",-0.95,155.12580954429185,0.0,0.0,0.0,0.0,0.0,0.0,0.0,0.0
"[0, 0, 0, 0, 1, 0, 0, 0, 0, 0, 0, 1, 1, 1, 1, 0, 0, 1, 0, 0, 0, 1, 1]",0.0,0.0,0.0,0.0,0.0,0.0,0.0,0.0,0.0,0.0
"[0, 0, 1, 0, 0, 1, 0, 0, 0, 1, 1, 1, 1, 0, 0, 0, 0, 0, 0, 0, 0, 0, 1]",-950.0,-899.9999999999999,-469.4404834247572,-849.9999999999999,-554.8517234020042,-749.9999999999998,-543.6653098518574,-1038.6933337320306,-650.8900165624997,-899.9999999999999
"[0, 1, 0, 0, 1, 0, 0, 0, 0, 0, 0, 0, 0, 0, 0, 0, 0, 0, 0, 0, 0, 0, 1]",-0.4569884602578055,-1.1386207739726175,-0.9676406476021882,-0.5972008895564381,-1.0955366732708003,0.033622221285056236,0.724903291277726,1.1975106086166583,-1.2561497167876097,0.22420357946043223
"[0, 0, 1, 0, 0, 1, 0, 0, 0, 1, 0, 0, 1, 1, 1, 1, 0, 0, 0, 0, 0, 1, 1]",0.0,0.0,0.0,0.0,0.0,0.0,0.0,0.0,0.0,0.0
"[0, 1, 0, 0, 1, 0, 0, 0, 0, 1, 1, 1, 0, 0, 0, 0, 0, 0, 0, 0, 0, 1, 1]",-0.8999999999999999,-955.3304883774687,0.95,0.0,0.0,0.0,0.0,0.0,0.0,0.0
"[0, 0, 0, 0, 0, 0, 0, 0, 0, 0, 0, 1, 1, 0, 1, 1, 1, 1, 0, 0, 0, 1, 1]",0.0,0.0,0.0,0.0,0.0,0.0,-0.8999999999999999,0.0,0.0,0.0
"[0, 0, 0, 0, 0, 0, 0, 0, 0, 0, 0, 1, 0, 0, 0, 0, 0, 0, 0, 0, 0, 1, 1]",-0.8999999999999999,70.49717286134467,0.0,0.0,0.0,0.0,0.0,0.0,0.0,0.0
"[0, 0, 1, 0, 0, 1, 0, 0, 0, 1, 1, 1, 0, 1, 0, 0, 0, 0, 0, 0, 0, 0, 1]",-500.07910444469377,-899.9999999999999,-546.4890370787061,-899.9999999999999,-790.6628911197829,-697.3337648531107,-599.9999999999997,-501.2630512695308,-599.9999999999997,-17.388309390701238
"[0, 0, 0, 0, 0, 1, 0, 0, 0, 1, 0, 0, 1, 0, 0, 1, 0, 0, 0, 0, 0, 1, 1]",-899.9999999999999,2.2083759455372904,0.0,0.0,0.0,0.0,0.0,0.0,0.0,0.0
"[0, 0, 1, 0, 0, 1, 0, 0, 0, 1, 1, 1, 0, 0, 0, 0, 0, 0, 0, 0, 0, 0, 1]",-0.8999999999999999,-830.8109191820092,-0.7499999999999998,-0.7499999999999998,-560.1697487255633,0.0,0.0,0.0,0.0,0.0
"[0, 0, 1, 0, 0, 0, 0, 0, 1, 0, 0, 0, 1, 1, 0, 0, 0, 0, 0, 0, 0, 1, 1]",-0.8999999999999999,396.3633790169378,0.0,0.0,3.797911779118426,0.0,0.0,0.0,0.0,0.0
"[0, 1, 0, 0, 0, 0, 0, 1, 0, 0, 1, 0, 0, 0, 0, 0, 1, 0, 0, 0, 0, 1, 1]",-0.8999999999999999,19.571034515540944,0.0,0.0,0.0,0.0,0.0,0.0,0.0,0.0
"[0, 1, 0, 0, 1, 0, 0, 1, 0, 0, 0, 0, 0, 0, 0, 1, 1, 1, 0, 0, 0, 1, 1]",-0.8999999999999999,-131.2739242827466,-361.97568637416083,-81.54059778273209,0.0,0.0,0.0,0.0,0.0,0.0
"[0, 0, 0, 0, 0, 1, 0, 0, 0, 0, 1, 0, 0, 1, 0, 0, 1, 0, 0, 0, 0, 1, 1]",0.0,0.0,0.0,0.0,0.0,0.0,-0.8999999999999999,0.0,0.0,0.0
"[0, 0, 0, 0, 0, 0, 0, 0, 0, 1, 1, 0, 1, 1, 1, 1, 1, 0, 0, 0, 0, 1, 1]",-0.8999999999999999,27.664409937267056,0.0,0.0,0.0,0.0,0.0,0.0,0.0,0.0
"[0, 0, 0, 0, 0, 0, 1, 0, 0, 0, 0, 0, 0, 0, 0, 0, 1, 0, 0, 0, 0, 1, 1]",0.0,0.0,0.0,0.0,0.0,21.851353954652026,0.0,0.0,0.0,0.0
"[0, 0, 1, 0, 0, 1, 0, 0, 1, 1, 0, 0, 1, 0, 0, 1, 1, 1, 0, 0, 0, 1, 1]",-501.1739960937496,-899.9999999999999,-899.9999999999999,-900.0899999999999,-504.63742224368775,-550.4125588492267,-324.6726630787453,-315.5900688184697,-5.838785970409527,-5.5902070624836675
"[0, 0, 0, 0, 0, 0, 0, 0, 0, 0, 0, 0, 0, 0, 0, 0, 1, 0, 0, 0, 0, 1, 1]",-0.8999999999999999,4.733503680006316,0.0,0.0,0.0,0.0,0.0,0.0,0.0,0.0
"[0, 1, 0, 0, 0, 0, 0, 0, 0, 0, 0, 0, 0, 0, 0, 0, 0, 0, 0, 0, 0, 1, 1]",-0.8999999999999999,0.0,0.0,2.5704772836030956,0.0,0.0,0.0,0.0,0.0,0.0
"[0, 1, 0, 0, 1, 0, 0, 0, 0, 1, 1, 1, 1, 0, 0, 1, 0, 0, 0, 0, 0, 1, 1]",-0.8999999999999999,4.061684300620124,0.0,0.0,0.0,0.0,0.0,0.0,0.0,0.0
"[0, 1, 0, 0, 0, 0, 0, 1, 0, 0, 0, 0, 0, 0, 0, 0, 1, 0, 0, 0, 0, 1, 1]",0.0,0.0,0.0,0.0,0.0,0.0,0.0,0.0,0.0,0.0
"[0, 0, 0, 0, 0, 0, 1, 0, 0, 1, 1, 1, 1, 0, 0, 1, 0, 0, 0, 0, 0, 1, 1]",-0.8999999999999999,10.501863910670671,0.0,0.0,0.0,0.0,0.0,0.0,0.0,0.0
"[0, 0, 0, 0, 0, 0, 0, 0, 0, 0, 1, 0, 1, 1, 0, 1, 1, 0, 0, 0, 0, 1, 0]",-0.8999999999999999,0.0,0.0,0.0,0.0,0.0,0.0,0.0,0.0,0.0
"[0, 0, 0, 0, 0, 0, 0, 0, 0, 1, 1, 0, 1, 1, 0, 0, 1, 0, 0, 0, 0, 1, 0]",-0.8999999999999999,395.89091044647984,0.0,0.0,0.0,0.0,0.0,0.0,0.0,0.0
"[0, 0, 1, 0, 0, 1, 0, 0, 0, 1, 1, 1, 1, 1, 0, 1, 1, 0, 0, 0, 0, 1, 1]",0.0,0.0,0.0,0.8999999999999999,0.0,0.0,0.0,0.0,0.0,0.0
"[0, 0, 0, 1, 0, 0, 0, 0, 0, 0, 1, 0, 1, 1, 1, 0, 1, 0, 0, 0, 0, 1, 1]",-0.8999999999999999,13.427436619598808,0.0,0.0,0.0,0.0,0.0,0.0,0.0,0.0
"[0, 0, 0, 0, 1, 0, 0, 0, 0, 1, 0, 0, 1, 0, 0, 1, 0, 0, 0, 0, 0, 1, 1]",-899.9999999999999,0.0,0.0,0.0,0.0,0.0,0.0,0.0,0.0,0.0
"[0, 0, 0, 1, 0, 0, 0, 0, 0, 0, 1, 0, 1, 1, 0, 0, 1, 0, 0, 0, 0, 1, 1]",-0.8999999999999999,0.0,0.0,0.0,0.0,0.0,0.0,0.0,0.0,0.0
"[0, 0, 0, 1, 0, 0, 0, 0, 0, 1, 1, 1, 1, 1, 0, 1, 1, 0, 0, 0, 0, 1, 1]",-0.8999999999999999,2.4935389801636045,0.0,0.0,0.0,0.0,0.0,0.0,0.0,0.0
"[0, 0, 0, 0, 1, 0, 0, 0, 0, 0, 0, 1, 0, 0, 1, 0, 0, 1, 0, 0, 0, 1, 1]",-0.8999999999999999,12.90954666732723,0.0,0.0,0.0,0.0,0.0,0.0,0.0,0.0
"[0, 0, 0, 0, 0, 0, 0, 0, 0, 0, 1, 0, 0, 0, 0, 0, 1, 0, 0, 0, 0, 1, 0]",-0.8999999999999999,0.0,0.0,0.0,0.0,0.0,0.0,0.0,0.0,0.0
"[0, 0, 0, 0, 0, 0, 0, 0, 1, 0, 0, 0, 0, 0, 0, 1, 1, 1, 0, 0, 0, 1, 1]",-0.8999999999999999,0.0,0.0,0.0,0.0,0.0,0.0,0.0,0.0,0.0
"[0, 0, 0, 0, 0, 0, 0, 0, 1, 0, 0, 0, 0, 0, 0, 0, 0, 1, 0, 0, 0, 1, 1]",-0.8999999999999999,0.8999999999999999,0.0,0.0,0.0,0.0,0.0,0.0,0.0,0.0
"[0, 0, 0, 0, 0, 0, 1, 0, 0, 0, 0, 0, 0, 0, 0, 1, 0, 1, 0, 0, 0, 1, 1]",0.0,0.0,42.748662540382334,0.0,0.0,0.0,0.0,0.0,0.0,0.0
"[0, 0, 1, 0, 0, 1, 0, 0, 0, 0, 1, 0, 1, 1, 1, 0, 0, 0, 0, 0, 0, 0, 1]",-0.8999999999999999,-0.8499999999999999,-0.8499999999999999,-0.7499999999999998,-749.9999999999998,-547.1872439419452,-97.99078240131693,-899.9999999999999,-499.9999999999996,-21.332654925928818
"[0, 1, 0, 0, 1, 0, 0, 0, 0, 1, 0, 0, 1, 0, 0, 1, 0, 0, 0, 0, 0, 1, 1]",-0.8999999999999999,-884.7438320942355,0.0,0.0,0.0,0.0,0.0,0.0,0.0,0.0
"[0, 1, 0, 0, 0, 0, 0, 1, 0, 1, 1, 1, 1, 0, 0, 1, 0, 0, 0, 0, 0, 1, 1]",-0.8999999999999999,-890.5718250235966,0.0,0.0,0.0,0.0,0.0,0.0,0.0,0.0
"[0, 0, 1, 0, 0, 1, 0, 0, 1, 1, 1, 1, 0, 1, 0, 0, 1, 0, 0, 0, 0, 1, 1]",-0.8999999999999999,-899.9999999999999,-799.9999999999998,-749.9999999999998,-1033.9391070201782,-546.5415161073314,0.0,0.0,0.0,0.0
"[0, 0, 1, 0, 0, 1, 0, 0, 0, 0, 0, 0, 1, 1, 1, 0, 0, 0, 0, 0, 0, 0, 1]",-0.8999999999999999,-899.9999999999999,-0.8499999999999999,-0.8499999999999999,0.8939488646300736,0.0,0.0,0.0,0.0,0.0
"[0, 0, 0, 0, 1, 0, 0, 0, 0, 0, 0, 0, 1, 1, 1, 0, 0, 0, 0, 0, 0, 0, 1]",-0.8499999999999999,105.04102447898404,0.0,0.0,0.0,0.0,0.0,0.0,0.0,0.0
"[0, 0, 0, 0, 0, 0, 0, 0, 0, 1, 1, 1, 1, 1, 0, 1, 0, 0, 0, 0, 0, 1, 1]",-0.8499999999999999,9.2596992845079,0.0,0.0,0.0,0.0,0.0,0.0,0.0,0.0
"[0, 0, 0, 0, 0, 0, 0, 0, 0, 1, 1, 1, 1, 1, 0, 1, 1, 1, 0, 0, 0, 1, 1]",-0.8499999999999999,11.097644331634923,0.0,0.0,0.0,0.0,0.0,0.0,0.0,0.0
"[0, 0, 0, 0, 0, 0, 0, 0, 0, 1, 0, 0, 1, 1, 0, 0, 0, 0, 0, 0, 0, 0, 1]",-0.8499999999999999,214.16371825529504,0.0,0.0,0.0,0.0,0.0,0.0,0.0,0.0
"[0, 1, 0, 0, 1, 0, 0, 1, 0, 0, 1, 0, 0, 1, 0, 0, 1, 0, 0, 0, 0, 1, 1]",-0.8499999999999999,29.15609882584155,0.0,0.0,0.0,0.0,0.0,0.0,0.0,0.0
"[0, 1, 0, 0, 1, 0, 0, 1, 0, 0, 0, 0, 0, 1, 0, 0, 0, 0, 0, 0, 0, 1, 1]",-0.3516501616489571,1.5715873363589217,0.0,0.0,0.0,-0.8499999999999999,0.0,0.0,0.0,0.0
"[0, 1, 0, 0, 0, 0, 0, 1, 0, 0, 1, 0, 0, 0, 0, 0, 0, 0, 0, 0, 0, 1, 1]",11.780403235448242,0.0,0.0,0.0,-0.8499999999999999,0.0,0.0,0.0,0.0,0.0
"[0, 0, 1, 0, 0, 1, 0, 0, 1, 1, 1, 1, 0, 1, 0, 1, 1, 1, 0, 0, 0, 1, 1]",0.0,0.0,0.0,0.0,0.0,0.0,0.0,0.0,0.0,0.0
"[0, 0, 1, 0, 0, 1, 0, 0, 1, 1, 0, 0, 1, 0, 0, 1, 0, 0, 0, 0, 0, 1, 1]",-1671.828474133014,-1598.362287919453,-1813.111484529386,-1930.2688774999995,-2005.6973219537542,-779.0623996743775,-1698.16510092606,-1931.5716468776016,-1582.9982104409717,-1783.4901947816095
"[0, 1, 0, 0, 1, 0, 0, 0, 0, 0, 0, 0, 0, 0, 0, 1, 1, 1, 0, 0, 0, 1, 1]",-0.8499999999999999,0.0,0.0,0.0,0.0,0.0,0.0,5.177386061596067,0.0,0.0
"[0, 0, 0, 0, 0, 0, 0, 0, 0, 1, 1, 0, 1, 1, 0, 0, 0, 0, 0, 0, 0, 0, 0]",-0.6999999999999997,6.019381853069172,0.0,0.0,0.0,0.0,0.0,0.0,0.0,0.0
"[0, 1, 0, 0, 1, 0, 0, 0, 0, 1, 1, 1, 0, 0, 0, 0, 0, 0, 0, 0, 0, 0, 1]",-176.3948368261341,0.0,0.0,0.0,0.0,0.0,0.0,0.0,0.0,0.0
"[0, 1, 0, 0, 1, 0, 0, 0, 0, 1, 1, 1, 1, 0, 0, 0, 0, 0, 0, 0, 0, 0, 1]",-0.8499999999999999,69.64086000689075,0.0,0.0,0.0,0.0,0.0,0.0,0.0,0.0
"[0, 1, 0, 0, 1, 0, 0, 1, 0, 1, 1, 1, 1, 0, 0, 1, 0, 0, 0, 0, 0, 1, 1]",-0.6999999999999997,-699.210274795473,-549.5234220716086,-842.355004380383,-0.5499999999999996,-549.9999999999995,0.0,0.0,0.0,0.0
"[0, 0, 0, 0, 0, 0, 0, 1, 0, 1, 0, 0, 1, 0, 0, 1, 0, 0, 0, 0, 0, 1, 1]",-0.8499999999999999,0.0,0.0,0.0,0.0,0.0,106.2832823987856,0.0,0.0,0.0
"[0, 0, 0, 0, 0, 0, 0, 0, 1, 0, 1, 0, 0, 1, 0, 0, 1, 0, 0, 0, 0, 1, 1]",-0.8499999999999999,13.674345401557384,0.0,0.0,0.0,0.0,0.0,0.0,0.0,0.0
"[0, 0, 0, 0, 0, 0, 0, 0, 0, 1, 1, 0, 1, 1, 0, 0, 0, 0, 0, 0, 0, 1, 0]",393.54382833946096,0.0,0.0,0.0,0.0,0.0,0.0,0.0,0.0,0.0
"[0, 0, 0, 0, 0, 0, 0, 1, 0, 1, 0, 0, 1, 0, 0, 1, 1, 1, 0, 0, 0, 1, 1]",-0.8499999999999999,0.0,-849.9999999999999,0.0,0.0,0.0,0.0,0.0,0.0,0.0
"[0, 0, 0, 1, 0, 0, 0, 0, 0, 0, 0, 1, 1, 1, 1, 0, 0, 1, 0, 0, 0, 1, 1]",-0.8499999999999999,-849.9999999999999,0.0,0.0,0.0,0.0,0.0,0.0,0.0,0.0
"[0, 0, 0, 0, 1, 0, 0, 0, 0, 1, 0, 0, 1, 1, 1, 1, 0, 0, 0, 0, 0, 1, 1]",0.0,0.0,0.0,0.0,0.0,0.0,0.0,0.0,0.0,0.0
"[0, 1, 0, 0, 1, 0, 0, 1, 0, 0, 0, 1, 0, 0, 0, 0, 0, 1, 0, 0, 0, 1, 1]",-0.8499999999999999,-748.6023562098062,0.0,0.0,0.0,0.0,0.0,0.0,0.0,0.0
"[0, 0, 0, 0, 1, 0, 0, 0, 0, 1, 1, 1, 0, 0, 0, 0, 0, 0, 0, 0, 0, 1, 1]",-0.8499999999999999,26.478485905596685,0.0,0.0,0.0,0.0,0.0,0.0,0.0,0.0
"[0, 0, 0, 1, 0, 0, 0, 0, 0, 1, 1, 1, 0, 0, 1, 0, 0, 1, 0, 0, 0, 1, 1]",-0.8499999999999999,0.8499999999999999,0.0,0.0,0.0,0.0,0.0,0.0,0.0,0.0
"[0, 0, 0, 0, 1, 0, 0, 0, 0, 1, 1, 1, 1, 0, 0, 1, 0, 0, 0, 0, 0, 1, 1]",-845.3487066960921,1.321136039256291,0.0,0.0,0.0,0.0,0.0,0.0,0.0,-649.7253749999996
"[0, 0, 1, 0, 0, 0, 0, 0, 0, 0, 1, 0, 0, 0, 0, 0, 0, 0, 0, 0, 0, 0, 1]",-0.8499999999999999,-0.8499999999999999,0.0,0.0,0.0,0.0,0.0,0.0,0.0,0.0
"[0, 0, 1, 0, 0, 0, 0, 0, 0, 0, 0, 0, 0, 0, 0, 0, 0, 0, 0, 0, 0, 0, 1]",0.0,0.0,1.0644745371371023,0.0,1.7568430319254158,0.0,0.13354747237011802,3.952880222995008,1.0644745371371023,0.8499999999999999
"[0, 0, 0, 0, 1, 0, 0, 1, 0, 0, 0, 0, 0, 0, 0, 1, 1, 1, 0, 0, 0, 1, 1]",-0.8499999999999999,1.0187766560362048,0.0,0.0,0.0,0.0,0.0,0.0,0.0,0.0
"[0, 0, 0, 0, 1, 0, 0, 1, 0, 0, 0, 0, 0, 0, 0, 0, 1, 0, 0, 0, 0, 1, 1]",-0.8499999999999999,3.6226147025106226,0.0,0.0,0.0,0.0,0.0,0.0,0.0,0.0
"[0, 0, 0, 0, 0, 0, 0, 0, 0, 1, 0, 1, 0, 0, 0, 0, 0, 0, 0, 0, 0, 0, 1]",-0.8499999999999999,-698.3061768249498,-0.8499999999999998,-551.7456825059458,-0.4999999999999996,0.0,0.0,0.0,0.0,6.978497985388808
"[0, 0, 0, 0, 0, 0, 0, 0, 0, 0, 1, 0, 0, 0, 0, 0, 0, 0, 0, 0, 0, 0, 0]",-0.8499999999999999,628.8979627968033,0.0,0.0,0.0,0.0,0.0,0.0,0.0,0.0
"[0, 1, 0, 0, 0, 0, 0, 1, 0, 0, 0, 1, 0, 0, 1, 1, 1, 1, 0, 0, 0, 1, 1]",-0.17865381504368227,-122.33155510012381,0.0,0.0,0.0,0.0,0.0,0.0,0.0,0.0
"[0, 0, 0, 0, 0, 0, 0, 0, 0, 0, 1, 0, 1, 1, 0, 0, 0, 0, 0, 0, 0, 0, 0]",-0.7999999999999998,-599.9183436707776,-0.5999999999999996,-0.5999999999999996,-0.6999999999999997,-599.7400538701341,-242.3946190839875,-705.910951830958,0.0,0.0
"[0, 1, 0, 0, 1, 0, 0, 0, 0, 1, 0, 0, 1, 1, 1, 1, 0, 0, 0, 0, 0, 1, 1]",0.0,0.0,0.0,0.0,0.0,0.0,0.0,0.0,-799.9999999999998,0.0
"[0, 0, 0, 1, 0, 0, 0, 0, 0, 0, 0, 1, 0, 0, 1, 0, 0, 1, 0, 0, 0, 1, 1]",-0.6999999999999997,4.106733904799638,0.0,0.0,0.0,0.0,0.0,0.0,0.0,0.0
"[0, 0, 1, 0, 0, 0, 0, 0, 1, 1, 0, 0, 0, 0, 0, 1, 0, 0, 0, 0, 0, 1, 1]",-0.7999999999999998,-799.9999999999998,-929.4481531386956,-0.5499999999999996,-549.9999999999995,-549.9999999999995,0.0,-0.5499999999999996,0.0,0.0
"[0, 1, 0, 0, 1, 0, 0, 1, 0, 0, 0, 1, 0, 0, 1, 1, 1, 1, 0, 0, 0, 1, 1]",-0.030611932534971326,-143.31943931228196,0.9594999999999999,0.0,0.0,0.0,0.0,0.0,0.0,0.0
"[0, 1, 0, 0, 1, 0, 0, 0, 0, 0, 1, 0, 0, 1, 0, 0, 1, 0, 0, 0, 0, 1, 1]",-0.7999999999999998,3.1880841796769177,0.0,0.0,0.0,0.0,0.0,0.0,0.0,0.0
"[0, 0, 0, 0, 0, 1, 0, 0, 0, 1, 0, 0, 1, 0, 0, 1, 1, 1, 0, 0, 0, 1, 1]",-0.7999999999999998,13.057235356605208,0.0,0.0,0.0,0.0,0.0,0.0,0.0,0.0
"[0, 0, 0, 1, 0, 0, 0, 0, 0, 0, 1, 0, 0, 1, 0, 0, 1, 0, 0, 0, 0, 1, 1]",-0.7999999999999998,4.259728423462394,0.0,0.0,0.0,0.0,0.0,0.0,0.0,0.0
"[0, 1, 0, 0, 1, 0, 0, 1, 0, 1, 1, 1, 0, 0, 1, 0, 0, 1, 0, 0, 0, 1, 1]",-0.7999999999999998,-798.3563010537562,0.5499999999999996,0.0,0.0,0.0,0.0,0.0,0.0,0.0
"[1, 0, 0, 0, 0, 0, 1, 0, 0, 0, 1, 0, 0, 0, 0, 1, 1, 1, 0, 0, 0, 1, 1]",0.0,0.0,0.0,0.0,0.0,0.0,0.0,0.0,0.0,0.0
"[0, 0, 1, 0, 0, 0, 0, 0, 1, 0, 1, 0, 0, 1, 0, 0, 1, 0, 0, 0, 0, 1, 1]",-0.4981393828754079,-0.7999999999999998,1.4051114467217511,0.0,0.0,0.0,0.0,0.0,0.0,0.0
"[0, 0, 1, 0, 0, 1, 0, 0, 1, 0, 0, 0, 0, 0, 0, 0, 1, 0, 0, 0, 0, 1, 1]",6.418821093983184,0.0,4.614624652693664,0.0,0.0,0.0,0.0,2.365024207184873,0.0,0.0
"[0, 0, 0, 0, 0, 0, 0, 0, 0, 1, 1, 0, 0, 1, 0, 0, 0, 0, 0, 0, 0, 0, 0]",-0.7999999999999998,-0.7999999999999998,-0.6499999999999997,-649.9999999999997,-667.6853701911285,-583.6016936206299,-751.4489991211909,-1.0559999999999994,-600.4559999999997,-274.9423037558953
"[0, 0, 1, 0, 0, 0, 0, 0, 1, 1, 0, 0, 1, 0, 0, 1, 1, 1, 0, 0, 0, 1, 1]",-0.5499999999999996,-549.9999999999995,0.0,0.0,0.0,0.0,0.0,0.0,-5.691315980370312,0.0
"[0, 0, 1, 0, 0, 0, 0, 0, 1, 1, 0, 0, 1, 0, 0, 1, 0, 0, 0, 0, 0, 1, 1]",-549.7313724699794,0.0,0.0,0.0,0.0,0.0,0.0,0.0,0.0,0.0
"[0, 0, 1, 0, 0, 0, 0, 0, 0, 1, 0, 0, 1, 0, 0, 0, 0, 0, 0, 0, 0, 0, 1]",-0.7999999999999998,-0.7999999999999998,-746.4308253072688,0.0,0.0,0.0,0.0,0.0,0.0,0.0
"[0, 0, 1, 0, 0, 0, 0, 0, 0, 0, 0, 0, 0, 0, 0, 0, 0, 0, 0, 0, 0, 1, 1]",-0.7999999999999998,-0.7999999999999998,15.265098637064002,0.0,0.0,0.0,0.0,0.0,0.0,0.0
"[0, 0, 0, 0, 0, 1, 0, 0, 1, 1, 1, 1, 1, 0, 0, 1, 0, 0, 0, 0, 0, 1, 1]",-0.7999999999999998,0.7999999999999998,0.0,0.0,0.0,0.0,0.0,0.0,0.0,0.0
"[0, 0, 0, 1, 0, 0, 1, 0, 0, 1, 1, 1, 0, 1, 0, 0, 1, 0, 0, 0, 0, 1, 1]",-829.1298717413404,-749.8075791553968,0.0,0.0,0.0,0.0,0.0,0.0,0.0,0.0
"[0, 0, 0, 0, 0, 0, 0, 0, 0, 0, 0, 0, 0, 0, 0, 1, 0, 0, 0, 0, 0, 1, 1]",-0.7999999999999998,4.646111466674648,0.0,0.0,0.0,0.0,0.0,0.0,0.0,0.0
"[0, 1, 0, 0, 0, 0, 0, 0, 0, 0, 0, 0, 0, 0, 0, 1, 1, 1, 0, 0, 0, 1, 1]",-0.7999999999999998,8.072342877448493,0.0,0.0,0.0,0.0,0.0,0.0,0.0,0.0
"[0, 0, 1, 0, 0, 1, 0, 0, 0, 0, 1, 0, 0, 1, 0, 0, 1, 0, 0, 0, 0, 1, 1]",-0.7499999999999998,0.9595617462318753,0.0,0.0,0.0,-0.32812500000000017,0.0,0.0,-719.9910409604877,1.13911562358706
"[0, 0, 0, 1, 0, 0, 0, 0, 0, 0, 1, 0, 0, 1, 0, 1, 1, 1, 0, 0, 0, 1, 1]",-0.7499999999999998,0.7499999999999998,0.0,0.0,0.0,0.0,0.0,0.0,0.0,0.0
"[0, 0, 0, 0, 1, 0, 0, 0, 0, 0, 0, 0, 0, 0, 0, 1, 1, 1, 0, 0, 0, 1, 1]",1.2424395691520496,0.0,0.0,0.0,0.0,0.0,0.0,0.0,0.0,0.0
"[0, 0, 1, 0, 0, 1, 0, 0, 1, 1, 1, 1, 1, 1, 0, 1, 1, 1, 0, 0, 0, 1, 1]",0.0,-0.7499999999999998,22.094525920623216,0.0,0.0,0.0,0.0,0.0,0.0,0.0
"[0, 0, 0, 0, 1, 0, 0, 0, 0, 0, 0, 0, 0, 1, 0, 0, 0, 0, 0, 0, 0, 0, 1]",-0.7499999999999998,364.90401385627774,0.0,0.0,0.0,0.0,0.0,0.0,0.0,0.0
"[0, 0, 1, 0, 0, 1, 0, 0, 1, 0, 0, 0, 0, 1, 0, 0, 0, 0, 0, 0, 0, 1, 1]",-0.7499999999999998,0.0,0.0,0.0,0.0,0.0,0.0,0.0,0.0,0.0
"[0, 0, 1, 0, 0, 0, 0, 0, 1, 1, 1, 1, 0, 1, 0, 0, 1, 0, 0, 0, 0, 1, 1]",-0.7499999999999998,-0.7499999999999998,0.3471900840274592,0.0,0.0,0.0,0.0,0.0,0.0,0.0
"[0, 0, 1, 0, 0, 0, 0, 0, 0, 1, 1, 1, 0, 0, 0, 0, 0, 0, 0, 0, 0, 1, 1]",0.0,0.0,0.0,0.0,0.0,0.0,0.0,0.0,0.0,0.0
"[0, 0, 1, 0, 0, 0, 0, 0, 1, 1, 0, 0, 0, 0, 0, 1, 1, 1, 0, 0, 0, 1, 1]",-0.5499999999999996,-549.9999999999995,0.0,0.0,0.0,0.0,0.0,0.0,0.0,0.0
"[0, 0, 1, 0, 0, 1, 0, 0, 0, 0, 1, 0, 0, 0, 0, 0, 0, 0, 0, 0, 0, 0, 1]",0.0,0.0,0.0,0.0,0.0,0.0,0.0,0.0,-0.7499999999999998,0.0
"[0, 0, 1, 0, 0, 1, 0, 0, 1, 0, 0, 1, 1, 1, 1, 0, 0, 1, 0, 0, 0, 1, 1]",0.0,0.0,0.0,0.0,0.0,0.0,0.0,0.0,0.0,0.0
"[1, 0, 0, 0, 0, 0, 1, 0, 0, 1, 1, 1, 0, 0, 0, 0, 0, 0, 0, 0, 0, 1, 1]",-0.7499999999999998,-749.9999999999998,0.0,0.0,0.0,0.0,0.0,0.0,0.0,0.6999999999999997
"[0, 1, 0, 0, 0, 0, 0, 1, 0, 1, 1, 0, 0, 0, 0, 0, 0, 0, 0, 0, 0, 1, 1]",0.0,0.0,0.0,0.0,0.0,0.0,0.0,0.0,0.0,0.0
"[0, 0, 1, 0, 0, 0, 0, 0, 1, 1, 1, 1, 0, 0, 0, 1, 1, 1, 0, 0, 0, 1, 1]",-0.6999999999999997,2.8393469874073696,0.0,0.0,0.0,0.0,0.0,0.0,0.0,0.0
"[0, 1, 0, 0, 0, 0, 0, 1, 0, 0, 0, 1, 1, 1, 1, 1, 1, 1, 0, 0, 0, 1, 1]",-0.6999999999999997,0.0,0.0,0.0,0.0,0.0,0.0,0.0,0.0,0.0
"[0, 1, 0, 0, 0, 0, 0, 1, 0, 0, 0, 0, 1, 1, 1, 0, 0, 0, 0, 0, 0, 1, 1]",-0.6999999999999997,2.167264527633675,0.0,0.0,0.0,0.0,0.0,0.0,0.0,0.0
"[0, 1, 0, 0, 1, 0, 0, 0, 0, 1, 1, 1, 0, 1, 1, 0, 0, 1, 0, 0, 0, 1, 1]",0.0,0.0,0.0,0.0,0.0,0.0,0.0,0.0,0.0,0.0
"[0, 1, 0, 0, 1, 0, 0, 1, 0, 0, 0, 1, 0, 0, 1, 0, 0, 1, 0, 0, 0, 1, 1]",-0.5999999999999996,0.0,0.5999999999999996,0.0,0.0,0.0,0.0,0.0,0.0,0.0
"[0, 1, 0, 0, 0, 0, 0, 0, 0, 0, 0, 1, 1, 1, 1, 0, 0, 0, 0, 0, 0, 0, 1]",-0.6999999999999997,0.6999999999999997,0.0,0.0,0.0,0.0,0.0,0.0,0.0,0.0
"[1, 0, 0, 0, 0, 0, 1, 0, 0, 1, 1, 1, 0, 0, 0, 1, 0, 0, 0, 0, 0, 1, 1]",-699.9999999999998,0.0,0.0,0.0,0.0,0.0,0.0,0.0,0.0,0.0
"[0, 1, 0, 0, 1, 0, 0, 0, 0, 0, 0, 0, 1, 1, 1, 0, 0, 0, 0, 0, 0, 0, 1]",-0.6999999999999997,-76.3608824178746,0.0,0.0,0.0,0.0,0.0,0.0,0.0,0.0
"[0, 1, 0, 0, 0, 0, 0, 1, 0, 1, 1, 1, 0, 0, 0, 0, 1, 0, 0, 0, 0, 1, 1]",0.0,0.0,0.0,0.0,0.0,0.0,0.0,0.0,0.0,0.0
"[0, 1, 0, 0, 0, 0, 0, 0, 0, 1, 1, 1, 0, 0, 1, 0, 0, 0, 0, 0, 0, 0, 1]",-0.6999999999999997,-700.3927150363484,0.0,0.0,0.0,0.0,0.0,0.0,0.0,0.0
"[0, 0, 1, 0, 0, 1, 0, 0, 0, 0, 0, 0, 0, 0, 0, 1, 1, 1, 0, 0, 0, 1, 1]",-0.6999999999999997,0.0,0.0,0.0,0.0,0.0,0.0,-0.24739983920863756,0.0,0.0
"[0, 0, 0, 0, 0, 0, 0, 0, 0, 0, 0, 0, 1, 0, 1, 0, 0, 0, 0, 0, 0, 0, 1]",-0.6999999999999997,-169.09107022704762,6.842524489302853,0.0,0.0,0.0,0.0,0.0,0.0,0.0
"[0, 0, 1, 0, 0, 1, 0, 0, 0, 1, 1, 0, 0, 0, 0, 0, 0, 0, 0, 0, 0, 0, 1]",0.0,0.0,0.0,0.0,0.0,0.0,0.0,0.0,0.0,0.0
"[0, 1, 0, 0, 1, 0, 0, 0, 0, 1, 0, 0, 1, 1, 1, 0, 0, 0, 0, 0, 0, 0, 1]",-649.9999999999997,-598.9007550891737,-0.5999999999999996,-599.9999999999997,-600.2399999999997,-0.2871754050146693,-0.5999999999999996,-203.02753700896926,-0.5499999999999996,-528.9336398479152
"[0, 1, 0, 0, 1, 0, 0, 1, 0, 1, 0, 0, 1, 1, 1, 1, 0, 0, 0, 0, 0, 1, 1]",0.0,0.0,0.0,6.193244775718035,0.0,0.0,0.0,0.0,0.0,0.0
"[0, 0, 0, 0, 1, 0, 0, 0, 0, 0, 0, 0, 1, 1, 1, 0, 0, 0, 0, 0, 0, 1, 1]",0.0,0.0,0.0,0.0,0.0,0.0,0.0,0.0,0.0,1.0195624999999997
"[0, 0, 0, 0, 1, 0, 0, 0, 0, 1, 1, 1, 0, 1, 0, 0, 1, 0, 0, 0, 0, 1, 1]",-0.6499999999999997,1.4328792070022849,0.0,0.0,0.0,0.0,0.0,0.0,0.0,0.0
"[0, 0, 0, 1, 0, 0, 0, 0, 0, 1, 1, 1, 1, 0, 0, 1, 0, 0, 0, 0, 0, 1, 1]",-0.6499999999999997,0.9246249999999994,0.0,0.0,0.0,0.0,0.0,0.0,0.0,0.0
"[0, 0, 0, 0, 0, 0, 1, 0, 0, 0, 0, 0, 1, 1, 1, 0, 0, 0, 0, 0, 0, 1, 1]",-0.6499999999999997,2.171720969102646,0.0,0.0,0.0,0.0,0.0,0.0,0.0,0.0
"[0, 1, 0, 0, 1, 0, 0, 1, 0, 0, 1, 0, 0, 0, 0, 0, 0, 0, 0, 0, 0, 1, 1]",-0.6499999999999997,1.352050369523698,0.0,0.0,0.0,0.0,0.0,0.0,0.0,0.0
"[0, 1, 0, 0, 1, 0, 0, 1, 0, 1, 1, 1, 0, 0, 0, 0, 0, 0, 0, 0, 0, 1, 1]",-0.6499999999999997,-934.7353190951385,0.5999999999999996,0.0,0.0,0.0,0.0,0.0,0.0,0.0
"[0, 0, 0, 0, 1, 0, 0, 1, 0, 0, 0, 1, 0, 0, 1, 1, 1, 1, 0, 0, 0, 1, 1]",0.0,0.0,0.0,0.0,0.0,0.0,0.0,-0.2776109915582255,0.0,0.0
"[0, 1, 0, 0, 0, 0, 0, 1, 0, 0, 0, 1, 0, 0, 1, 0, 0, 1, 0, 0, 0, 1, 1]",0.0,0.0,0.0,0.0,0.0,0.0,0.0,0.0,0.0,0.0
"[0, 0, 1, 0, 0, 0, 0, 0, 1, 1, 1, 1, 1, 0, 0, 1, 0, 0, 0, 0, 0, 1, 1]",-0.5499999999999996,-549.9999999999995,0.0,0.0,0.0,0.0,0.0,0.0,0.0,0.0
"[0, 0, 0, 1, 0, 0, 0, 0, 0, 0, 1, 0, 1, 1, 1, 0, 0, 0, 0, 0, 0, 0, 1]",-0.6499999999999997,124.6428431757687,0.0,0.0,0.0,0.0,0.0,0.0,0.0,0.0
"[0, 1, 0, 0, 1, 0, 0, 0, 0, 1, 1, 1, 0, 0, 1, 0, 0, 0, 0, 0, 0, 0, 1]",-839.9999999999998,-54.662672147485196,-270.55000000000007,-549.9999999999995,-549.9999999999995,-247.36135714948432,0.0,0.0,0.0,0.0
"[0, 1, 0, 0, 1, 0, 0, 0, 0, 0, 0, 1, 0, 0, 1, 0, 0, 0, 0, 0, 0, 0, 1]",-0.5999999999999996,-599.5902724762313,-0.5499999999999996,-549.9999999999995,0.0,0.0,0.0,0.0,0.0,0.0
"[0, 0, 1, 0, 0, 0, 0, 0, 1, 0, 1, 0, 1, 1, 1, 0, 1, 0, 0, 0, 0, 1, 1]",-0.5999999999999996,1.0401207903860752,0.0,0.0,0.0,0.0,0.0,0.0,0.0,0.0
"[0, 1, 0, 0, 1, 0, 0, 0, 0, 0, 0, 0, 0, 1, 0, 0, 0, 0, 0, 0, 0, 0, 1]",-0.5999999999999996,1.8130712031539495,0.0,0.0,0.0,0.0,0.0,0.0,0.0,0.0
"[0, 1, 0, 0, 1, 0, 0, 1, 0, 0, 0, 1, 0, 0, 1, 0, 0, 0, 0, 0, 0, 1, 1]",-0.5999999999999996,-580.7942662147119,0.0,0.0,0.0,0.0,0.0,0.0,0.0,0.0
"[0, 0, 0, 0, 0, 0, 0, 0, 0, 1, 0, 0, 1, 0, 0, 1, 1, 0, 0, 0, 0, 1, 1]",22.22350459206571,0.0,0.0,0.0,0.0,0.0,0.0,0.0,0.0,0.0
"[0, 1, 0, 0, 1, 0, 0, 1, 0, 1, 0, 0, 1, 0, 0, 1, 1, 1, 0, 0, 0, 1, 1]",-0.8199999999999996,-574.6860080584444,-528.9336398479152,-68.31329218561946,0.0,0.0,0.0,0.0,0.0,0.0
"[0, 0, 0, 0, 0, 0, 0, 1, 0, 0, 0, 1, 1, 1, 1, 0, 0, 1, 0, 0, 0, 1, 1]",0.0,0.0,0.0,0.0,0.0,0.0,0.0,0.0,0.0,0.0
"[0, 1, 0, 0, 1, 0, 0, 0, 0, 0, 0, 1, 1, 1, 1, 0, 0, 0, 0, 0, 0, 0, 1]",-549.9999999999995,0.1541269003673726,0.0,0.0,0.0,0.0,0.0,0.0,0.0,0.0
"[0, 0, 1, 0, 0, 0, 0, 0, 1, 0, 1, 0, 0, 1, 0, 1, 1, 1, 0, 0, 0, 1, 1]",-0.5499999999999996,-0.5499999999999996,-547.4454992730107,0.0,0.0,0.0,0.0,0.0,0.0,0.0
"[1, 0, 0, 0, 0, 0, 1, 0, 0, 1, 1, 1, 0, 0, 0, 0, 1, 0, 0, 0, 0, 1, 1]",-549.9999999999995,-499.9999999999996,0.0,0.0,0.0,0.0,0.0,0.0,0.0,0.0
"[0, 0, 1, 0, 0, 1, 0, 0, 1, 0, 0, 0, 1, 1, 1, 0, 0, 0, 0, 0, 0, 1, 1]",-0.5499999999999996,-0.5499999999999996,8.996938082908596,0.0,0.0,0.0,0.0,0.0,0.0,0.0
"[0, 0, 0, 0, 0, 0, 0, 0, 1, 0, 1, 0, 0, 0, 0, 1, 1, 1, 0, 0, 0, 1, 1]",-0.5499999999999996,-549.7126249999995,0.0,0.0,0.0,0.0,0.0,0.0,0.0,0.0
"[0, 0, 1, 0, 0, 0, 0, 0, 1, 0, 0, 0, 1, 1, 1, 0, 0, 0, 0, 0, 0, 1, 1]",-0.5499999999999996,-0.5499999999999996,0.8067310378579927,0.0,0.0,0.0,0.0,0.0,0.0,0.0
"[0, 0, 0, 0, 0, 0, 0, 0, 1, 0, 1, 0, 0, 1, 0, 1, 1, 1, 0, 0, 0, 1, 1]",0.0,0.0,0.0,0.0,0.0,0.0,0.0,0.0,0.0,0.0
"[0, 0, 0, 1, 0, 0, 0, 0, 0, 0, 0, 0, 1, 1, 0, 0, 0, 0, 0, 0, 0, 0, 1]",-0.5499999999999996,228.07350582946637,0.0,0.0,0.0,0.0,0.0,0.0,0.0,0.0
"[0, 0, 1, 0, 0, 1, 0, 0, 1, 1, 1, 1, 1, 0, 0, 1, 1, 1, 0, 0, 0, 1, 1]",-0.5499999999999996,0.0,0.0,0.0,0.0,0.0,0.0,0.0,0.0,0.0
"[0, 0, 1, 0, 0, 1, 0, 0, 0, 1, 0, 0, 1, 0, 0, 0, 0, 0, 0, 0, 0, 0, 1]",-918.1359999999993,-651.1205136640622,-732.5087530999996,-866.3771562499994,-866.4128046874995,-897.2576684626086,-899.9999999999999,-732.7874367654122,-799.9999999999998,-868.5868789487554
"[0, 0, 1, 0, 0, 1, 0, 0, 1, 0, 0, 0, 1, 1, 0, 0, 0, 0, 0, 0, 0, 1, 1]",-0.4999999999999996,-0.12281553352676151,0.0,0.0,0.0,-0.4999999999999996,0.0,0.0,0.0,-166.32418303610336
"[0, 0, 1, 0, 0, 1, 0, 0, 1, 1, 1, 0, 0, 0, 0, 0, 0, 0, 0, 0, 0, 1, 1]",-0.4999999999999996,-0.4999999999999996,0.4999999999999996,0.0,0.0,0.0,0.0,0.0,0.0,0.0
"[0, 0, 0, 0, 0, 0, 0, 0, 0, 1, 1, 0, 0, 0, 0, 0, 0, 0, 0, 0, 0, 0, 0]",-0.4999999999999996,-0.7684448202157469,0.0,0.0,0.0,0.0,0.0,0.0,0.0,0.0
"[0, 1, 0, 0, 0, 0, 0, 1, 0, 1, 1, 1, 0, 0, 0, 0, 0, 0, 0, 0, 0, 1, 1]",0.0,0.0,0.0,0.0,0.0,0.0,0.0,0.0,0.0,0.0
"[0, 0, 0, 0, 0, 0, 0, 0, 1, 1, 1, 1, 0, 1, 0, 0, 1, 0, 0, 0, 0, 1, 1]",-0.4999999999999996,0.4999999999999996,0.0,0.0,0.0,0.0,0.0,0.0,0.0,0.0
"[0, 0, 0, 0, 0, 0, 1, 0, 0, 1, 1, 1, 0, 0, 0, 0, 0, 0, 0, 0, 0, 1, 1]",0.9332124111676833,0.0,0.0,0.0,0.0,0.0,0.0,0.0,0.0,0.0
"[0, 0, 0, 0, 1, 0, 0, 0, 0, 1, 1, 1, 1, 1, 0, 1, 0, 0, 0, 0, 0, 1, 1]",-0.4999999999999996,0.7529244713217488,0.0,0.0,0.0,0.0,0.0,0.0,0.0,0.0
"[0, 1, 0, 0, 1, 0, 0, 0, 0, 1, 1, 1, 0, 0, 1, 0, 0, 1, 0, 0, 0, 1, 1]",-0.4999999999999996,0.0,0.0,0.0,0.0,0.0,0.0,0.0,0.0,0.0
"[0, 1, 0, 0, 1, 0, 0, 0, 0, 0, 1, 0, 0, 0, 0, 0, 0, 0, 0, 0, 0, 1, 1]",-0.09135616827941,0.0,0.0,0.0,0.0,0.0,0.0,0.0,0.0,0.0
"[0, 0, 0, 0, 1, 0, 0, 0, 0, 0, 0, 1, 0, 0, 1, 0, 0, 0, 0, 0, 0, 1, 1]",-0.4999999999999996,-486.66268487132754,0.0,0.0,0.0,0.0,0.0,0.0,0.0,0.0
"[0, 0, 1, 0, 0, 1, 0, 0, 0, 1, 0, 0, 1, 0, 1, 0, 0, 0, 0, 0, 0, 0, 1]",-2225.4964703679107,-1500.0145135425266,-1459.9149481505983,-1865.8600627186845,-956.1684715177405,-697.1048396313098,-1775.7702410111551,-1568.8980101047705,-1499.5695456515903,-1505.4241408317441
"[0, 0, 1, 0, 0, 1, 0, 0, 1, 1, 0, 1, 1, 0, 0, 1, 0, 0, 0, 0, 0, 1, 1]",-1385.6336755356378,-1368.4250006611176,-1927.553617764107,-864.4757690339673,-1338.8736314661567,-1649.1872748435721,-1882.9385767487724,-2027.732912128992,-1295.2110764862218,-2027.3310874517138
"[0, 0, 1, 0, 0, 1, 0, 0, 0, 1, 0, 1, 1, 0, 0, 0, 0, 0, 0, 0, 0, 0, 1]",-1440.4117684067035,-1087.4165462558205,-2213.638953022411,-1364.8666700100848,-1336.8920453499754,-1298.0234982899344,-1329.0350436774775,-1266.6217611871175,-1724.0486153634927,-1694.3623272798275
"[0, 0, 1, 0, 0, 1, 0, 0, 1, 1, 0, 0, 1, 0, 0, 1, 0, 1, 0, 0, 0, 1, 1]",-2138.9100671398837,-1445.1756097160603,-750.4203279284067,-1514.9913823411464,-2073.6008201026457,-1685.9805727233907,-1575.4606871383344,-1993.0291803236335,-1633.1834153196155,-1864.8891225208176
"[0, 0, 0, 0, 1, 0, 0, 1, 0, 1, 1, 1, 0, 0, 0, 0, 0, 0, 0, 0, 0, 1, 1]",-950.0,-749.9971926972424,-698.7041053846596,0.0,0.0,0.0,0.0,0.0,0.0,0.0
"[0, 0, 1, 0, 0, 1, 0, 0, 1, 1, 0, 0, 1, 0, 0, 0, 0, 0, 0, 0, 0, 1, 1]",-0.95,-0.95,-899.2760132901113,-749.9999999999998,-0.6499999999999997,-285.70951835678113,0.0,0.0,0.0,0.0
"[0, 1, 0, 0, 0, 0, 0, 0, 0, 0, 0, 0, 1, 1, 1, 0, 0, 0, 0, 0, 0, 0, 1]",-0.95,0.5350503083270632,0.0,0.0,0.0,0.0,0.0,0.0,0.0,-899.9999999999999
"[0, 0, 1, 0, 0, 1, 0, 0, 1, 1, 0, 0, 1, 0, 1, 1, 0, 0, 0, 0, 0, 1, 1]",-1869.4416775279992,-2116.603490985667,-1826.8269980805208,-1910.364852125844,-1898.8205005080845,-1822.6337325159714,-1281.0962190685127,-1664.4991547926568,-1764.1662409220332,-1610.4576261089042
"[0, 0, 1, 0, 0, 0, 0, 0, 1, 1, 0, 0, 1, 0, 1, 1, 0, 0, 0, 0, 0, 1, 1]",-950.0,-899.9999999999999,-39.50402772107512,-0.8499999999999999,-849.9999999999999,-847.8567523392363,-798.1014830409844,0.0,0.0,0.0
"[0, 0, 1, 0, 0, 0, 0, 0, 1, 1, 0, 0, 0, 0, 0, 1, 0, 1, 0, 0, 0, 1, 1]",-1214.701360378881,-1412.3125345606716,-1633.6557789951203,-1959.1879832570307,-1377.734492197118,-1764.5250400390617,-1639.8033158573028,-1635.2499999999995,-1911.1167058086676,-1622.6922609109806
"[0, 0, 1, 0, 0, 1, 0, 0, 0, 0, 0, 0, 1, 0, 0, 0, 0, 0, 0, 0, 0, 0, 1]",-353.02158944683345,-0.95,-0.95,-0.95,-0.95,-893.8694471858372,-699.5163999678945,-1.0014999999999994,-1.0014999999999994,-295.8729431898604
"[0, 0, 1, 0, 0, 1, 0, 0, 0, 1, 0, 1, 1, 0, 0, 1, 0, 0, 0, 0, 0, 1, 1]",-0.95,-0.95,-945.181059171431,0.0,0.0,0.0,0.0,0.0,0.0,0.0
"[0, 0, 0, 0, 1, 0, 0, 1, 0, 0, 0, 0, 1, 1, 1, 0, 0, 0, 0, 0, 0, 1, 1]",-0.95,-972.7858640704505,1.1357647506625084,0.0,0.0,0.0,0.0,0.0,0.0,0.0
"[0, 0, 1, 0, 0, 0, 0, 0, 0, 1, 0, 0, 1, 0, 1, 0, 0, 0, 0, 0, 0, 0, 1]",0.0,0.0,0.0,0.0,0.0,0.0,0.0,0.0,0.0,0.95
"[0, 0, 1, 0, 0, 0, 0, 0, 0, 1, 0, 1, 1, 0, 0, 0, 0, 0, 0, 0, 0, 0, 1]",-0.95,0.0,0.0,0.0,0.0,0.0,0.0,0.95,0.0,2.7167684374999994
"[0, 0, 0, 1, 0, 0, 1, 0, 0, 0, 1, 0, 0, 1, 0, 1, 1, 1, 0, 0, 0, 1, 1]",0.0,0.0,0.0,0.0,0.0,0.0,0.0,0.0,-947.1352143183814,0.0
"[0, 0, 1, 0, 0, 1, 0, 0, 1, 0, 0, 0, 1, 0, 0, 0, 0, 0, 0, 0, 0, 1, 1]",-950.0,-0.8999999999999999,-650.0320569575061,0.0,0.0,-0.7499999999999998,0.0,0.0,0.0,0.0
"[0, 1, 0, 0, 0, 0, 0, 0, 0, 1, 1, 1, 1, 0, 0, 0, 0, 0, 0, 0, 0, 0, 1]",0.0,0.0,0.0,0.0,0.0,0.0,0.0,0.0,0.0,0.0
"[0, 0, 1, 0, 0, 0, 0, 0, 1, 1, 0, 1, 0, 0, 0, 1, 0, 0, 0, 0, 0, 1, 1]",-1388.1554071126352,-1556.6276411724484,-1712.0354373567998,-1718.6071013947242,-1344.9176947978376,-1883.389330105843,-1888.5274124740306,-1879.5303124999991,-622.1295774769585,-1700.9716125253897
"[0, 0, 0, 0, 0, 1, 0, 0, 1, 1, 0, 1, 1, 0, 0, 1, 0, 0, 0, 0, 0, 1, 1]",-0.8999999999999999,-699.1100701754613,0.0,0.0,0.0,0.0,0.0,0.0,0.0,0.0
"[0, 0, 1, 0, 0, 0, 0, 0, 0, 1, 0, 0, 0, 0, 0, 1, 0, 1, 0, 0, 0, 1, 1]",-0.8999999999999999,-0.8999999999999999,-897.6929757825835,0.0,0.0,0.0,0.0,0.0,0.0,0.0
"[0, 0, 0, 1, 0, 0, 1, 0, 0, 0, 1, 0, 1, 1, 1, 0, 1, 0, 0, 0, 0, 1, 1]",-0.6999999999999997,0.6999999999999997,0.0,0.0,0.0,0.0,0.0,0.0,0.0,0.0
"[0, 1, 0, 0, 1, 0, 0, 1, 0, 0, 0, 0, 1, 1, 1, 0, 0, 0, 0, 0, 0, 1, 1]",-0.6999999999999997,-699.9999999999998,0.0,0.0,0.0,0.0,0.0,0.0,0.0,0.0
"[0, 0, 1, 0, 0, 1, 0, 0, 1, 1, 0, 0, 0, 0, 0, 1, 0, 0, 0, 0, 0, 1, 1]",-538.2529213461909,0.0,0.0,0.0,0.0,0.0,0.0,0.0,0.0,0.0
"[0, 1, 0, 0, 0, 0, 0, 1, 0, 1, 1, 1, 0, 0, 1, 0, 0, 1, 0, 0, 0, 1, 1]",0.0,0.0,0.0,0.0,0.0,0.0,0.0,0.0,0.0,0.0
