"[0, 0, 0, 0, 0, 0, 0, 0, 0, 0, 0, 0, 0, 0, 0, 0, 0, 0, 0, 0, 1, 1, 1]",1.9465113708284378,-150.47110281553682,152.0754153276742,2.672229591279261,2.6165528686409205,2.3451968440562125,2.8439852723635495,2.035437007051165,2.7934245944274956,2.5539002223195633
"[0, 0, 1, 0, 0, 0, 0, 0, 1, 0, 0, 0, 0, 0, 0, 0, 0, 0, 0, 0, 1, 1, 1]",4.289922946071382,4.623986322041097,3.563084229114896,3.382148590663726,2.368507003888018,4.427651245394327,1.965929178440928,7.611794581993824,3.8475661215466523,1.2693636672096582
"[0, 0, 1, 0, 0, 1, 0, 0, 1, 0, 0, 0, 0, 0, 0, 0, 0, 0, 0, 0, 1, 1, 1]",1.9255211356838262,1.5620402582394672,2.2390573475377686,1.0093193739958655,1.0653404856875988,1.6258025167254426,1.9980989825416704,1.1599852484322766,2.064710778059837,0.27488466719450666
"[0, 0, 1, 0, 0, 1, 0, 0, 0, 0, 0, 0, 0, 0, 0, 0, 0, 0, 0, 0, 1, 1, 1]",7.6733472964712774,7.80339941141032,34.82792544128857,4.697729656764341,5.0533359977236785,4.706420572382845,8.167978773178934,3.990367762512423,4.0908677740218335,3.792719491783099
"[0, 0, 0, 0, 0, 1, 0, 0, 0, 0, 0, 0, 0, 0, 0, 0, 0, 0, 0, 0, 1, 1, 1]",4.238178925392417,21.19794522892646,5.044548442231013,6.988669299033386,3.452779899202162,3.5530676918371555,5.137246896219835,3.2618894246704704,3.446835135268225,4.114330651314434
"[0, 0, 0, 1, 0, 0, 0, 0, 0, 0, 0, 0, 0, 0, 0, 0, 0, 0, 0, 0, 1, 1, 1]",4.449254820625103,6.506817094597729,6.278065237612452,9.1989973426525,5.206855149994314,3.6305154990726627,8.159455018189124,9.061672522650921,3.4830447787877112,7.68047050703869
"[0, 0, 0, 0, 1, 0, 0, 0, 0, 0, 0, 0, 0, 0, 0, 0, 0, 0, 0, 0, 1, 1, 1]",3.018414023740147,6.057908923850138,3.12074570628259,0.0,4.935470784668721,3.2605871360534104,5.533988766653222,5.332805239780877,3.3030929509231806,3.373869579807656
"[0, 0, 1, 0, 0, 1, 0, 0, 0, 0, 0, 0, 0, 0, 0, 0, 0, 0, 0, 0, 1, 0, 1]",0.9535945074534098,1.2752498364260045,1.4061987351625123,0.6705531235878894,1.3744340567775515,1.1740757523397662,62.09814177627432,0.8899986352429454,0.4545908559060498,1.3981242304037371
"[0, 0, 0, 0, 0, 0, 0, 0, 0, 0, 0, 0, 0, 0, 0, 0, 0, 0, 0, 0, 1, 0, 1]",2.242966769856549,2.300476358282147,2.0664425519065364,2.270315423767989,1.3479918020311439,1.9967144466901998,1.9160276825642555,-797.1680216802168,1.78979936245757,91.97931080441408
"[0, 0, 1, 0, 0, 1, 0, 0, 0, 0, 0, 0, 0, 0, 0, 0, 0, 0, 0, 0, 0, 0, 1]",-4.0384375974188504,-2.435952793714728,-9.338507217325091,-1.1553197471267638,-32.457709561181616,-66.65940208648885,37.63301036566584,-1.314045451116139,-162.23829903852254,-2.7800741182776116
"[0, 0, 0, 0, 0, 0, 0, 0, 0, 0, 0, 0, 0, 0, 0, 0, 0, 0, 0, 0, 0, 0, 1]",-505.70344252505157,949.1912733603479,-0.15115702238576323,-798.7437774379435,-0.3234239133498642,0.0386248809846626,-1.1141117384037755,-515.2340259042423,-0.32602059290449004,-0.2014688968804227
"[0, 0, 1, 0, 0, 1, 0, 0, 0, 1, 1, 1, 1, 0, 0, 0, 0, 0, 0, 0, 0, 0, 1]",-910.6845816295902,-802.5106432,-803.24350984192,-800.8,-800.8,-817.1736282057287,-822.4989339940164,-804.4146200984968,-916.0134749150834,-249.28660482683938
"[0, 0, 1, 0, 0, 1, 0, 0, 1, 0, 0, 0, 0, 0, 0, 0, 0, 0, 0, 0, 0, 1, 1]",-2.3432983609046936,0.5238190749161613,-11.946623207600723,-3.0823302111058504,11.094575784268507,-794.3779477191569,-17.325866661783692,-2.802530678809216,0.45029592801219254,1.9794795544645272
"[0, 0, 0, 0, 0, 0, 0, 0, 0, 0, 0, 0, 0, 0, 0, 0, 0, 0, 0, 0, 0, 1, 1]",0.8417499958917868,0.9549397094482064,-11.02278320218879,40.78816523348381,0.019984316388478085,-156.44549828336426,0.7593090323636423,0.3191056614560335,-39.454221264501896,-16.349195447565137
"[0, 0, 1, 0, 0, 1, 0, 0, 1, 1, 0, 0, 1, 0, 0, 1, 1, 1, 0, 0, 0, 1, 1]",-241.4156472664822,-803.7606205444588,-799.1441408,-801.472,-12.337813891941405,-803.2295108072608,-794.4420610958933,-804.2654148391829,-959.8725032915225,-159.01383164178196
"[0, 0, 0, 0, 0, 0, 0, 0, 0, 1, 1, 1, 0, 0, 1, 0, 0, 0, 0, 0, 0, 0, 1]",-801.6064,-969.7065598781011,-897.472974218469,-857.6940206036079,-800.8,-782.9340318083848,-800.8,-801.9348895129145,-958.0471700223067,-867.0746923899052
"[0, 0, 0, 0, 0, 0, 0, 0, 0, 0, 0, 1, 0, 0, 1, 1, 1, 1, 0, 0, 0, 1, 1]",-799.1667427128951,-190.6879014110434,-158.90500232990655,-138.06430627384105,-792.5253140119956,85.34295990127316,-800.0229299993805,-798.8621241486708,-832.9609543700439,-803.394358130345
"[0, 0, 1, 0, 0, 1, 0, 0, 1, 1, 0, 0, 1, 0, 0, 1, 1, 1, 0, 0, 1, 1, 1]",0.0,0.0,0.0,0.0,0.0,0.0,0.0,0.0,0.0,0.0
"[0, 0, 0, 0, 0, 0, 0, 0, 0, 1, 1, 1, 0, 0, 0, 0, 0, 0, 0, 0, 0, 0, 1]",-803.5245482672128,-135.87947369323354,-801.472,-800.8,-801.1438592,-962.5321640543126,-800.288,-798.9639440254552,-801.472,-799.4587672711713
"[0, 0, 0, 0, 0, 0, 0, 0, 0, 0, 0, 0, 0, 0, 0, 1, 1, 1, 0, 0, 0, 1, 1]",-802.7436442301741,-791.9639457446689,-997.9764582300597,-187.81699720000506,-31.56389041469997,-158.12457742073912,-156.59121590876543,529.24096774401,-849.7395396046202,-802.1560229060548
"[0, 0, 1, 0, 0, 1, 0, 0, 1, 1, 0, 0, 1, 0, 0, 1, 0, 0, 0, 0, 0, 1, 1]",-960.5112541243844,-795.5811425271714,-799.712,-800.8,-793.7156784300322,-800.9997001273687,-798.6856547873151,-802.03648,-153.7525874220862,-802.5106432
"[0, 0, 0, 0, 0, 0, 0, 0, 0, 0, 0, 1, 0, 0, 1, 0, 0, 1, 0, 0, 0, 1, 1]",-798.2844120037041,-982.9852368491458,51.04780711183183,-506.63235686670464,-793.3553285584785,-796.8541013580734,-32.51742346867279,-960.6891002968124,-156.82846181993807,-802.0964751681518
"[0, 0, 1, 0, 0, 1, 0, 0, 1, 1, 0, 0, 1, 0, 0, 1, 0, 0, 0, 0, 1, 1, 1]",0.0,0.0,0.0,0.0,0.0,0.0,0.0,0.0,0.0,0.0
"[0, 0, 0, 0, 0, 0, 0, 0, 0, 0, 0, 1, 0, 0, 1, 1, 1, 1, 0, 0, 1, 1, 1]",-0.8,-799.0,-799.2,-799.2,-0.07663239167999984,-0.12612101917900803,169.67601915150573,-799.0016,-0.8,0.0
"[0, 0, 0, 0, 0, 1, 0, 0, 0, 0, 0, 0, 0, 0, 0, 0, 0, 0, 0, 0, 1, 0, 1]",3.5990259810412835,45.35156863350064,2.0798165529521078,0.0,0.0,4.0252148731282995,0.0,3.815512474295261,2.9785001909514115,4.092710030294056
"[0, 0, 0, 1, 0, 0, 0, 0, 0, 0, 0, 0, 0, 0, 0, 0, 0, 0, 0, 0, 1, 0, 1]",3.2045934360099513,30.176688812396954,0.0,0.0,3.4287950792252038,3.441808105224446,0.7067323043879163,3.6460477534696105,2.8135424567692473,0.0
"[0, 0, 0, 0, 1, 0, 0, 0, 0, 0, 0, 0, 0, 0, 0, 0, 0, 0, 0, 0, 1, 0, 1]",-0.8,10.095495427875013,2.946428380532412,3.0560832484272535,0.3443882850715756,0.0,0.0,3.6631922370865695,3.0299064762406793,0.0
"[0, 0, 0, 0, 0, 0, 0, 0, 0, 0, 0, 1, 0, 0, 1, 0, 0, 1, 0, 0, 1, 1, 1]",0.19200000000000017,-799.04,136.11314184266118,0.8,0.0,0.25521368736045463,0.0,0.0,0.0,0.0
"[0, 0, 0, 0, 0, 0, 0, 0, 0, 0, 0, 0, 0, 0, 0, 0, 0, 0, 0, 0, 1, 0, 0]",1.6122755013281125,1.682356253284656,0.6735519766575162,0.6847558237941425,1.0691435377418168,1.674365364111222,1.6331484464519042,0.977398205674292,0.8577264528149829,19.692995034979475
"[0, 0, 1, 0, 0, 1, 0, 0, 0, 0, 0, 0, 0, 0, 0, 0, 0, 0, 0, 0, 0, 1, 1]",2.190735661529105,2.1486076798031872,8.565787229089853,-793.9964480263073,1.4660542534739054,1.0797634302634092,1.0541062435901438,1.222870994663813,2.238360566079811,-152.30464514704988
"[0, 0, 0, 0, 0, 1, 0, 0, 0, 0, 0, 0, 0, 0, 0, 0, 0, 0, 0, 0, 0, 1, 1]",0.35451251317922083,6.071101928190711,7.1534224418103785,-778.5983153888543,0.0,2.124916865324733,-0.3052013760031862,-1.081857491262241,2.727616151119902,7.7070520518154275
"[0, 0, 0, 1, 0, 0, 0, 0, 0, 0, 0, 0, 0, 0, 0, 0, 0, 0, 0, 0, 0, 1, 1]",-789.6109073165353,-156.06966050218978,-780.9637377020857,4.568175608607624,4.318826645571231,3.8159487251975337,-154.21549457360413,2.9160965639298766,4.6204302916894715,2.188825528042325
"[0, 0, 0, 1, 0, 0, 0, 0, 0, 0, 1, 0, 0, 1, 0, 0, 1, 0, 0, 0, 0, 1, 1]",-0.8,3.7914747101429063,0.0,6.587640035725477,0.0,0.0,0.0,3.2797482028294107,0.0,0.0
"[0, 0, 0, 0, 1, 0, 0, 0, 0, 0, 0, 0, 0, 0, 0, 0, 0, 0, 0, 0, 0, 1, 1]",-0.8,3.6289928628026686,4.647457061195948,1.4858148513528902,-0.8,1.3591541456011984,3.727556100284808,-0.8136494906104992,1.5995344195192882,0.0
"[0, 1, 0, 0, 1, 0, 0, 0, 0, 0, 0, 0, 0, 0, 0, 0, 0, 0, 0, 0, 1, 1, 1]",4.823892771101861,4.520344644924998,7.348928199813276,3.952045275280411,2.870551975634129,3.523689215574535,4.788533277267104,0.0,3.7679433449968203,0.8
"[0, 0, 1, 0, 0, 0, 0, 0, 1, 0, 0, 0, 0, 0, 0, 0, 0, 0, 0, 0, 0, 1, 1]",-0.7483656786018018,-1.170777031989323,4.9256620845848955,-0.7095829763307417,-4.6494487090034236,-0.7878636374753387,-0.583561485411787,-24.054462311025787,-797.8534095587707,-1.1225647906105656
"[0, 0, 1, 0, 0, 1, 0, 0, 1, 0, 1, 0, 0, 1, 0, 0, 1, 0, 0, 0, 0, 1, 1]",-1.6726103632256923,-1.749378280193854,-793.9482765492072,-798.000866975972,-98.52838864542167,3.7653891621253486,-839.3934848,-792.451534470099,-190.53260139502743,-130.37224099535672
"[0, 0, 1, 0, 0, 1, 0, 0, 0, 0, 1, 0, 0, 1, 0, 0, 0, 0, 0, 0, 0, 0, 1]",-1.4720000000000002,-1.4720000000000002,-1.4720000000000002,-1.6064,-0.992,-2.580078946481015,-811.9595414708801,-0.9951211501083286,-800.8,-1.4720000000000002
"[0, 0, 1, 0, 0, 1, 0, 0, 0, 0, 1, 0, 0, 1, 0, 0, 0, 0, 0, 0, 1, 0, 1]",-0.8892948911744745,-0.8,-0.96,-0.8,-0.8,-0.7291003830960758,-799.6416045444812,-0.8,-0.8,0.2879999999999999
"[1, 0, 0, 0, 0, 0, 1, 0, 0, 0, 0, 0, 0, 0, 0, 0, 0, 0, 0, 0, 1, 1, 1]",6.193155457031484,48.58173256769464,4.365540588164894,3.989357694637518,3.3702182311802855,4.045936022226666,4.410542862821431,4.551657313204686,1.6497884488571692,5.057497217104381
"[0, 0, 0, 0, 0, 0, 0, 0, 1, 0, 0, 0, 0, 0, 0, 0, 0, 0, 0, 0, 0, 1, 1]",0.9124481630610117,8.197072527161838,0.0,0.7993236020408541,0.0,0.9385024228083259,1.03594918596511,6.574627379900579,-0.13039794078444844,1.111102406228689
"[0, 0, 0, 0, 0, 0, 1, 0, 0, 0, 0, 0, 0, 0, 0, 0, 0, 0, 0, 0, 0, 1, 1]",1.7374103081991663,-155.30466126091005,1.2923844743116613,1.9089854483257969,2.2844317507363305,-122.875129743569,-21.421601836588792,5.462218726763653,-0.16757188780207022,1.1779190537204158
"[0, 0, 0, 0, 0, 0, 0, 1, 0, 0, 0, 0, 0, 0, 0, 0, 0, 0, 0, 0, 1, 1, 1]",5.088410297307714,4.87257070229267,35.48769122543545,5.704631357925831,3.2318377094976136,4.55913303360774,0.0,4.030519875918828,2.9165780305296574,4.391142871499706
"[0, 0, 1, 0, 0, 0, 0, 0, 1, 0, 0, 0, 0, 1, 0, 0, 0, 0, 0, 0, 0, 1, 1]",-0.8,-0.8,13.682659819234278,-0.8,0.0,0.0,0.0,0.0,0.0,0.0
"[0, 0, 0, 0, 0, 0, 0, 0, 1, 0, 0, 0, 0, 0, 0, 0, 0, 0, 0, 0, 1, 1, 1]",4.09549540622894,50.441083950954464,4.351834701414964,4.116853150509208,4.101965766145481,3.1489821729127367,4.832391185979452,4.0224125152035235,4.698514661360461,2.256078023793287
"[0, 0, 0, 0, 0, 0, 1, 0, 0, 0, 0, 0, 0, 0, 0, 0, 0, 0, 0, 0, 1, 1, 1]",5.228962149994353,18.072786254639247,3.898386365051527,6.063215613283875,5.065640621340492,4.366198012647637,0.12206063344384077,5.993299793406247,5.117874891407262,3.545202178983564
"[0, 0, 0, 0, 0, 0, 0, 0, 0, 0, 0, 0, 0, 0, 0, 1, 1, 1, 0, 0, 1, 1, 1]",-0.8,6.746059661373598,-799.2,0.0,0.0,1.4564114982798833,0.0,1.318693901980465,-0.8,0.0
"[0, 0, 0, 0, 0, 0, 0, 0, 0, 0, 0, 1, 0, 0, 0, 0, 0, 0, 0, 0, 0, 0, 1]",-0.8,0.8,0.0,0.0,0.0,0.0,0.0,0.0,0.0,0.0
"[0, 0, 0, 0, 0, 0, 0, 0, 0, 1, 0, 1, 0, 0, 0, 0, 0, 0, 0, 0, 0, 0, 1]",-0.8,-798.5300844544,-0.8,-0.8,-0.8,0.2924407988976256,-960.072864088992,0.0,0.0,0.0
"[0, 0, 0, 0, 0, 0, 0, 1, 0, 0, 0, 0, 0, 0, 0, 0, 0, 0, 0, 0, 0, 1, 1]",1.598141638843241,-384.70594620691975,7.727939069475378,0.0,-798.523625006194,2.232031188882066,1.3865240313566862,0.4605190212204959,1.2177985434825953,1.2013346923814894
"[0, 0, 0, 0, 0, 0, 0, 0, 0, 0, 0, 0, 0, 1, 0, 0, 0, 0, 0, 0, 0, 1, 1]",2.3330327171978533,-154.82937065669523,6.528583365788101,0.0,0.0,-12.851810594446945,-11.214973370108595,3.827565426849099,0.0,0.0
"[0, 0, 0, 0, 0, 0, 0, 0, 0, 0, 0, 0, 0, 0, 0, 0, 0, 0, 0, 0, 1, 1, 0]",2.458536852523437,108.40955406560116,1428.3612845631935,1.790986945303932,1.9104675424586408,1.9947310738623256,2.171725610450533,2.117636324887466,2.1343291582748445,2.1616502821047434
"[0, 0, 0, 0, 0, 1, 0, 0, 0, 0, 0, 0, 0, 0, 0, 0, 0, 0, 0, 0, 0, 0, 1]",-0.8,34.02619176495534,0.0,0.0,0.0,0.0,0.0,0.0,-0.8,0.0
"[0, 0, 0, 1, 0, 0, 0, 0, 0, 0, 0, 0, 0, 0, 0, 0, 0, 0, 0, 0, 0, 0, 1]",-0.8,43.57623099896295,0.0,1.5374705056261684,0.37579908341635804,0.0,0.0,0.0,1.6352784631529873,0.0
"[0, 0, 0, 0, 1, 0, 0, 0, 0, 0, 0, 0, 0, 0, 0, 0, 0, 0, 0, 0, 0, 0, 1]",0.10988482202181038,44.619696400820786,0.17800644449069103,0.6892332907082533,0.0,-0.96,0.0,0.0,0.0,0.15639706840363377
"[0, 0, 0, 0, 0, 0, 0, 0, 0, 0, 0, 0, 0, 1, 0, 0, 0, 0, 0, 0, 0, 1, 0]",-527.4541943696831,0.0,0.0,0.0,-0.8,0.0,0.0,635.3281955626909,0.0,0.0
"[0, 0, 0, 0, 0, 0, 0, 0, 0, 1, 0, 0, 1, 1, 1, 0, 0, 0, 0, 0, 0, 0, 1]",-2.9089402880000006,-799.5136,-802.2992281991096,-802.13145714688,-800.792064,0.8890288523594705,-800.9830092524232,-798.7884328919343,-802.908940288,-2.9089402880000006
"[0, 0, 0, 0, 0, 0, 0, 0, 0, 0, 1, 0, 1, 1, 1, 0, 0, 0, 0, 0, 0, 0, 1]",-0.8,-0.684616119379593,-0.48422391038607365,-0.8,-1.153630683136,0.06905823204990424,-800.8,0.0,0.0,0.0
"[0, 0, 0, 0, 0, 0, 0, 0, 0, 1, 1, 1, 1, 0, 0, 1, 0, 0, 0, 0, 0, 1, 1]",-801.472,7.851007311122466,-798.9718776314958,-799.9819333647837,-808.2342076902223,-800.288,-799.5540741172463,-807.4262900886562,-800.7532274010655,-801.472
"[0, 1, 0, 0, 1, 0, 0, 1, 0, 0, 0, 0, 0, 0, 0, 0, 0, 0, 0, 0, 1, 1, 1]",2.9243192973050087,3.9322354669423203,-781.8607199678999,-146.34747686680407,3.3245099706477674,3.541035584703496,3.1939500420116245,5.792849477958059,3.1452796599139177,1.0561898706656514
"[0, 1, 0, 0, 0, 0, 0, 1, 0, 0, 0, 0, 0, 0, 0, 0, 0, 0, 0, 0, 1, 1, 1]",4.925994906207763,97.33985827557635,4.635847271394581,4.018466158047294,4.1528736191201165,5.319264011997554,4.734046288724649,5.282082380133238,4.673179919134443,2.7446926072532256
"[0, 0, 0, 0, 0, 0, 0, 0, 0, 1, 0, 0, 1, 0, 0, 1, 0, 0, 0, 0, 0, 1, 1]",-802.5106432,-953.0659329440851,-795.831675381683,-683.19624967587,-799.3429662276212,-799.6759216617126,-798.6671525036176,-801.2993009440164,-799.8920286097658,-800.8
"[0, 0, 1, 0, 0, 1, 0, 0, 0, 0, 1, 0, 0, 1, 0, 0, 1, 0, 0, 0, 0, 1, 1]",-793.3625417882591,11.455972852497315,2.036386831996195,-153.9461906847573,-800.8,1.4903403136682178,-800.8,0.7113104025158083,-781.6327927337178,0.0
"[0, 0, 0, 0, 0, 0, 0, 0, 0, 0, 1, 0, 0, 1, 0, 0, 0, 0, 0, 0, 1, 1, 1]",-0.8,41.02987081206784,0.0,0.0,0.0,0.0,0.0,0.0,0.0,0.0
"[0, 0, 1, 0, 0, 1, 0, 0, 0, 0, 1, 0, 0, 1, 0, 0, 1, 0, 0, 0, 1, 1, 1]",14.719166768283209,0.0,18.13648127884562,14.776495148348886,0.0,12.97344527970903,-800.8,0.0,-800.8,0.0
"[0, 0, 0, 0, 0, 0, 0, 0, 0, 0, 0, 0, 0, 0, 0, 0, 0, 0, 0, 0, 0, 0, 0]",-2.409480132309586,-129.13583077577138,1.6000807288533867,-2.234164674584635,-33.156589208830624,323.7300460899377,6.881528791442264,0.5143548230770791,-67.46933519322806,-9.344115810152225
"[0, 1, 0, 0, 1, 0, 0, 1, 0, 0, 0, 0, 0, 0, 0, 1, 1, 1, 0, 0, 0, 1, 1]",-801.4204466375805,-959.5679582020509,-30.55856976693036,-962.3255129288805,8.404355874253739,-30.409042915234522,-799.6473320136183,-789.1794707250473,-161.42375295406225,1.8857696931459067
"[0, 0, 0, 0, 0, 0, 0, 0, 0, 1, 0, 0, 1, 0, 0, 1, 1, 0, 0, 0, 0, 1, 0]",-750.0456865403361,-1.4720000000000002,-263.5167096463973,-1.4720000000000002,-1.696740868546164,2.881617458569682,-802.2500238007365,-161.17573369651268,-2.036204003930129,-1.4720000000000002
"[0, 1, 0, 0, 1, 0, 0, 0, 0, 0, 0, 0, 0, 0, 0, 0, 0, 0, 0, 0, 0, 1, 1]",1.7361218616027172,1.4582269765846354,8.827649906774692,1.7059886659098276,0.5158619357025493,-0.6239881474684581,0.0,0.4568435294631814,-0.17125049542945048,0.6644234383439196
"[0, 0, 0, 0, 0, 0, 0, 1, 0, 1, 1, 0, 0, 0, 0, 0, 0, 0, 0, 0, 0, 1, 1]",-0.8,0.8,0.0,0.0,0.0,0.0,0.0,0.0,0.0,0.0
"[0, 0, 0, 0, 0, 0, 0, 0, 0, 0, 1, 0, 0, 0, 0, 0, 0, 0, 0, 0, 0, 1, 1]",-0.8,-794.0876602784568,-797.9025826736486,-794.3029583641952,-0.8,-786.8552606039804,0.0,0.0,0.0,0.0
"[0, 0, 0, 0, 0, 0, 0, 0, 0, 0, 0, 0, 0, 0, 0, 0, 0, 0, 0, 0, 0, 1, 0]",-30.672809907163128,-2.492937156477319,-776.9356941860118,1368.9608381858686,-157.76101780453632,-2.3700177991598825,-798.0514006224751,-2.498925906374918,-5.687427385259177,-2.3372535105388543
"[0, 0, 1, 0, 0, 1, 0, 0, 1, 0, 0, 0, 1, 1, 1, 0, 0, 0, 0, 0, 0, 1, 1]",0.02793156389018947,2.1093390039582314,12.376112585372155,-0.4206567345661487,0.0,-797.4017520587041,0.0,-0.40533614719485206,0.0,0.0
"[0, 0, 0, 0, 0, 0, 0, 0, 0, 0, 0, 0, 1, 1, 1, 0, 0, 0, 0, 0, 0, 1, 1]",-0.8,-28.086591838949744,6.976952022978523,-796.740630236494,-0.365504998055471,-800.8,-0.6791819415195639,0.0,0.0,-0.48422698004223874
"[0, 0, 0, 0, 0, 0, 0, 0, 0, 0, 0, 0, 1, 1, 1, 0, 0, 0, 0, 0, 1, 1, 1]",-0.31882303897599995,2.007689560064,0.0,0.0,-0.1856,0.0,0.0,-799.2,0.0,4.476783436556099
"[0, 0, 1, 0, 0, 1, 0, 0, 1, 0, 0, 0, 1, 1, 1, 0, 0, 0, 0, 0, 1, 1, 1]",-0.8,-0.8,5.299849309501084,0.0,0.0,0.0,0.0,0.0,0.0,0.0
"[0, 0, 0, 0, 0, 0, 0, 0, 0, 0, 0, 1, 0, 0, 0, 0, 0, 1, 0, 0, 0, 1, 1]",-0.5290357684988762,2.2239111781847325,-956.6336020370426,0.0,0.0,0.0,0.0,0.0,-0.18630638677489098,0.0
"[0, 0, 0, 0, 0, 0, 0, 0, 0, 1, 0, 0, 0, 0, 0, 1, 0, 0, 0, 0, 1, 1, 1]",0.0,0.0,0.0,0.0,0.0,0.0,0.0,0.0,0.0,0.0
"[0, 0, 0, 0, 0, 0, 0, 0, 0, 1, 0, 1, 0, 0, 0, 0, 0, 1, 0, 0, 0, 1, 1]",-802.3718175745988,-790.4341222861237,-798.8889207095634,-799.2480643585567,-801.472,-800.8,-801.472,-10.296200697668802,-798.2106250550437,-2.03648
"[0, 0, 0, 0, 0, 0, 0, 0, 0, 1, 1, 1, 0, 0, 0, 1, 0, 0, 0, 0, 0, 1, 1]",-793.3816661279891,-798.7877494517496,-797.2910072369525,-832.4095793381794,-788.0841985844094,-802.5106432,-160.8959409601324,-799.0163979627673,-799.6646301746173,-786.3801785166262
"[0, 0, 1, 0, 0, 0, 0, 0, 1, 1, 1, 1, 0, 0, 0, 0, 1, 0, 0, 0, 0, 1, 1]",-0.8,-0.8,-795.9936152223133,-0.8,-0.5097715046046756,-0.8,-0.1755952976792548,4.630314102261536,-159.22499687740526,0.0
"[0, 0, 0, 0, 0, 0, 0, 0, 0, 0, 0, 0, 0, 0, 1, 0, 0, 0, 0, 0, 0, 1, 1]",-0.8,6.071123421188216,0.0,7.774706387070132,0.0,0.0,7.59464331688304,0.0,7.473722167052639,4.249459241074893
"[0, 0, 0, 0, 0, 0, 0, 0, 0, 0, 0, 0, 1, 0, 0, 0, 0, 0, 0, 0, 0, 1, 1]",-0.8,10.658709267859102,0.0,0.0,0.0,0.0,0.0,0.0,11.934759980212469,0.0
"[0, 0, 0, 0, 0, 0, 0, 0, 0, 1, 0, 0, 1, 0, 0, 0, 0, 0, 0, 0, 1, 1, 1]",0.0,0.0,0.0,0.0,0.0,0.0,0.0,0.0,0.0,0.0
"[0, 0, 0, 0, 0, 1, 0, 0, 0, 0, 1, 0, 0, 1, 0, 0, 0, 0, 0, 0, 1, 1, 1]",-0.8,26.838251998196274,0.0,0.0,0.0,0.0,0.0,0.0,0.0,0.0
"[0, 0, 1, 0, 0, 0, 0, 0, 1, 1, 0, 0, 1, 0, 0, 1, 0, 0, 0, 0, 0, 1, 1]",-800.96,-800.8,-799.035964137239,-0.8,-800.4474912077582,-800.288,-799.036704405125,7.696091846704353,0.0,0.0
"[0, 0, 0, 0, 0, 0, 0, 0, 0, 1, 1, 0, 1, 0, 0, 1, 0, 0, 0, 0, 0, 1, 0]",-2.9089402880000006,-2.9089402880000006,-799.2,-722.6176820447721,-20.81234806366747,-801.472,-799.6169003767437,-2.9089402880000006,-798.6133612781448,-802.908940288
"[0, 0, 0, 0, 0, 0, 0, 0, 0, 0, 0, 0, 1, 1, 0, 0, 0, 0, 0, 0, 0, 1, 0]",-0.8,-0.8,37.530260339299986,0.0,0.0,0.0,0.0,0.0,-792.1845812050422,0.0
"[0, 0, 0, 0, 0, 0, 0, 0, 0, 1, 1, 1, 0, 0, 1, 0, 0, 0, 0, 0, 1, 0, 1]",0.0,0.0,0.0,0.0,0.0,0.0,0.0,0.0,0.0,0.0
"[0, 1, 0, 0, 1, 0, 0, 0, 0, 0, 0, 0, 0, 0, 0, 0, 0, 0, 0, 0, 1, 0, 1]",1.7625606914379623,3.419942195759335,3.761625274559283,0.6716315002262363,0.0,0.0,1.1131060714136545,0.0,3.4500155890549076,2.6130754516437604
"[0, 0, 1, 0, 0, 1, 0, 0, 1, 1, 1, 1, 0, 1, 0, 0, 1, 0, 0, 0, 0, 1, 1]",-162.77152140024543,-147.5966202063022,-795.0781555459558,-802.5106432,-799.77665536,-2.2085975247529768,-800.0949727958296,-802.5106432,-2.5970573554322183,-2.5106432000000005
"[0, 0, 1, 0, 0, 1, 0, 0, 0, 0, 1, 0, 1, 1, 1, 0, 0, 0, 0, 0, 0, 0, 1]",-801.472,-3.6247520657794783,-3.6407406325804277,-3.649596945114043,-960.8371199999999,-961.0259792554912,-834.6903911878028,-2.7043798894598177,-800.96,-800.8
"[0, 0, 1, 0, 0, 1, 0, 0, 0, 0, 1, 0, 1, 1, 1, 0, 0, 0, 0, 0, 1, 0, 1]",-0.8,-0.8,-0.8,-0.8,-800.8,-800.8,-800.8,-1.1788610165191136,-0.8,-0.7933014903126825
"[0, 0, 1, 0, 0, 0, 0, 0, 0, 0, 0, 0, 0, 0, 0, 0, 0, 0, 0, 0, 1, 0, 1]",-0.8,0.0,-0.2453426553533432,0.0,0.3381063847101906,0.0,2.553151885290208,0.0,-0.2453426553533432,1.6213417375327943
"[0, 0, 0, 0, 0, 1, 0, 0, 0, 0, 1, 0, 0, 1, 0, 0, 0, 0, 0, 0, 0, 1, 1]",-0.8,5.185215910962009,0.0,0.0,3.207963119983096,0.5819065310342485,0.0,0.0,0.0,0.0
"[0, 0, 1, 0, 0, 1, 0, 0, 1, 0, 1, 0, 1, 1, 1, 0, 1, 0, 0, 0, 0, 1, 1]",-797.725035462319,-3.4063722099396845,-795.4776374922025,-24.493935272420828,-801.304803328,-829.822022663636,-800.3151855248731,-3.283411268588402,-800.8632770882347,-3.351937336877954
"[0, 0, 1, 0, 0, 1, 0, 0, 0, 0, 0, 0, 1, 1, 1, 0, 0, 0, 0, 0, 0, 0, 1]",-162.0626889280677,-2.715807445500025,-3.427750399636863,-3.4621606070689164,-157.5815166934525,-32.775903996979594,-789.814726367433,-802.2503602600905,-801.2383335449761,-3.463293202030605
"[0, 0, 1, 0, 0, 1, 0, 0, 0, 0, 0, 0, 1, 1, 1, 0, 0, 0, 0, 0, 1, 0, 1]",-0.8,-0.8,-0.8,-0.8,-0.8576,-960.9599999999999,-0.8,-0.8,-0.8,-0.8642116611406628
"[0, 0, 0, 0, 0, 0, 0, 0, 0, 0, 0, 0, 0, 1, 0, 0, 0, 0, 0, 0, 1, 1, 0]",-0.8,-0.8,25.403552624997452,0.0,0.0,0.0,0.0,0.0,0.0,0.0
"[0, 0, 0, 0, 0, 0, 0, 0, 0, 0, 1, 0, 0, 1, 0, 0, 0, 0, 0, 0, 0, 0, 1]",-0.8,3.009906680719342,-0.8,0.0,0.0,0.0,0.0,0.0,0.0,0.0
"[0, 0, 0, 0, 0, 0, 0, 0, 0, 0, 1, 0, 1, 1, 1, 0, 1, 0, 0, 0, 0, 1, 1]",0.8248894775467275,-115.80052993183028,7.433176826261558,20.45002368017046,0.0,0.0,0.0,1.0762587545324869,-799.6416045444812,0.0
"[0, 0, 0, 0, 0, 0, 0, 0, 0, 0, 1, 0, 1, 1, 1, 0, 1, 0, 0, 0, 1, 1, 1]",-0.8,-796.3503826028349,1.042732779946472,0.0,0.0,0.0,0.0,0.0,0.0,0.0
"[0, 0, 0, 0, 0, 1, 0, 0, 1, 0, 0, 0, 0, 0, 0, 0, 0, 0, 0, 0, 0, 1, 1]",-0.8,1.609637318936802,4.327024934749011,0.0,0.0,0.0,0.0,0.0,0.0,1.166786061664035
"[0, 0, 0, 1, 0, 0, 1, 0, 0, 0, 0, 0, 0, 0, 0, 0, 0, 0, 0, 0, 0, 1, 1]",-0.8,8.781586811802764,0.0,0.0,1.1950855438581265,0.0,0.0,0.0,0.0,0.0
"[0, 0, 0, 0, 1, 0, 0, 1, 0, 0, 0, 0, 0, 0, 0, 0, 0, 0, 0, 0, 0, 1, 1]",-0.8,4.417246103587079,0.0,0.0,0.0,0.0,0.0,-98.90007654275085,0.0,0.6051398374986191
"[0, 0, 0, 0, 0, 0, 0, 0, 0, 1, 1, 0, 0, 0, 0, 0, 0, 0, 0, 0, 0, 1, 1]",-801.472,8.149373854251571,-795.3499010288583,-798.0235212557418,-902.8870796613727,-801.472,-800.8,-799.04,-798.2802434736622,-801.472
"[0, 1, 0, 0, 1, 0, 0, 1, 0, 0, 0, 0, 0, 0, 0, 0, 0, 0, 0, 0, 0, 1, 1]",-3.389087590805078,-146.34036990459936,-151.24475990311385,-794.8057805431754,4.7187978882065345,-30.38423380119488,-18.54041644479537,-157.25653143498198,-794.7589059543534,-2.6590749676521233
"[0, 0, 0, 0, 0, 0, 0, 0, 0, 1, 1, 1, 0, 1, 0, 0, 1, 0, 0, 0, 0, 1, 1]",-0.8,-312.69566194244624,-798.38467747083,1.0685629930764968,-19.384073708382118,-0.8,-0.7622443567248637,-802.8470840228408,-0.8,-800.8
"[0, 0, 0, 0, 0, 0, 0, 0, 0, 1, 1, 1, 0, 0, 0, 0, 0, 0, 0, 0, 0, 1, 1]",-1274.2906051427303,-1313.5481714726175,-950.0692313412607,-1199.0252669351726,-800.3103697963617,-807.6864096540547,-799.5438876237887,-798.8391365336811,-800.634985348989,-1200.2540979056573
"[0, 1, 0, 0, 1, 0, 0, 0, 0, 0, 0, 0, 0, 0, 0, 0, 0, 0, 0, 0, 0, 0, 1]",0.4152616274427623,1.1397995821825522,0.0,0.6577329134649723,0.0,0.7862606841174747,-0.5773451102154448,9.075695424309504,0.0,0.6631961537839579
"[0, 1, 0, 0, 1, 0, 0, 1, 0, 0, 0, 1, 0, 0, 1, 1, 1, 1, 0, 0, 0, 1, 1]",-0.8,-796.9122827220799,-799.2,-798.9827593089494,-0.8,-797.7029399494819,0.0,0.0,0.0,-0.1856
"[0, 0, 0, 0, 0, 0, 0, 0, 0, 1, 0, 0, 1, 0, 0, 1, 1, 1, 0, 0, 0, 1, 1]",-161.47199999999998,-776.1253289008116,-153.02363308130282,-156.41084305934714,-798.6772841789974,-21.562924396208217,-789.8506938037043,-760.9211451021474,-161.49469182498763,-802.309217469952
"[0, 0, 1, 0, 0, 1, 0, 0, 1, 1, 1, 1, 0, 0, 0, 0, 0, 0, 0, 0, 0, 1, 1]",-0.8,-0.8,-0.4936940868535894,-800.8,-799.5786737592259,2.3729825025192746,0.0,-0.8,0.0,-799.3343136304564
"[0, 0, 0, 0, 0, 1, 0, 0, 0, 0, 1, 0, 0, 1, 0, 0, 1, 0, 0, 0, 0, 1, 1]",-0.8,5.082699959864665,0.0,0.0,0.0,0.0,0.0,0.0,0.0,0.0
"[0, 0, 0, 0, 1, 0, 0, 1, 0, 0, 0, 0, 0, 0, 0, 0, 0, 0, 0, 0, 1, 1, 1]",-0.8,38.939537976688015,3.633775016769206,3.205116138149,2.449426319870332,2.869859555846883,0.0,0.0,0.0,2.899544682692446
"[0, 0, 1, 0, 0, 1, 0, 0, 0, 1, 0, 0, 1, 0, 0, 0, 0, 0, 0, 0, 0, 0, 1]",-0.8,-0.8,-0.8,-960.9599999999999,-800.0706790012359,-1.233268651976688,1.2322506373920052,-0.8,-0.8,-0.8479688631232156
"[0, 0, 1, 0, 0, 0, 0, 0, 1, 0, 1, 0, 0, 1, 0, 0, 1, 0, 0, 0, 0, 1, 1]",-0.8,-0.8,-799.04,0.7264996690131293,-1.47672636874107,-0.8,-0.13290667874674877,18.53786124868312,0.0,0.0
"[0, 0, 1, 0, 0, 1, 0, 0, 1, 0, 1, 0, 0, 1, 0, 1, 1, 1, 0, 0, 0, 1, 1]",-162.2755986834353,-1.323971338592548,-958.9757110216294,-2.9198629900751487,-28.621181860854477,-794.6744897497116,-792.2678293853128,-801.8933811376032,-800.3266825024589,-802.8329295481549
"[0, 0, 1, 0, 0, 1, 0, 0, 1, 0, 1, 0, 0, 1, 0, 1, 1, 1, 0, 0, 1, 1, 1]",-0.6222620971643466,-0.8,-159.00006399999995,-0.8,-960.095875072,-0.1148415961892919,-799.5555896351567,-0.8,-0.8,0.0
"[0, 0, 1, 0, 0, 1, 0, 0, 1, 1, 1, 1, 0, 1, 0, 0, 1, 0, 0, 0, 1, 1, 1]",-0.8,0.0,0.0,-0.8,0.0,0.0,0.0,0.0,0.0,0.0
"[0, 0, 0, 0, 0, 1, 0, 0, 1, 0, 0, 0, 0, 0, 0, 0, 0, 0, 0, 0, 1, 1, 1]",2.5452611158509173,4.668194823277644,0.0,0.0,0.0,0.0,0.0,0.0,0.0,0.0
"[0, 0, 0, 1, 0, 0, 1, 0, 0, 0, 0, 0, 0, 0, 0, 0, 0, 0, 0, 0, 1, 1, 1]",3.778271982120536,62.77433052181538,2.166145103725849,0.0,0.0,0.0,0.0,0.0,0.0,0.0
"[0, 0, 1, 0, 0, 1, 0, 0, 1, 0, 1, 0, 0, 0, 0, 0, 0, 0, 0, 0, 0, 1, 1]",-0.8,-0.8,11.55267705551595,0.0,0.0,0.0,0.0,0.0,0.0,-0.8
"[0, 0, 1, 0, 0, 1, 0, 0, 0, 0, 0, 0, 0, 1, 0, 0, 0, 0, 0, 0, 0, 0, 1]",-0.8,-0.8,-0.8,-0.5570445822467693,-0.8,-0.2879999999999999,20.960354305232897,0.0,0.0,0.0
"[0, 0, 1, 0, 0, 1, 0, 0, 0, 0, 0, 0, 0, 1, 0, 0, 0, 0, 0, 0, 1, 0, 1]",-0.8,-0.8,-0.8,-0.8,0.0,0.0,0.0,0.0,0.0,0.0
"[0, 0, 0, 0, 0, 0, 0, 0, 0, 1, 0, 0, 1, 1, 1, 0, 0, 0, 0, 0, 1, 0, 1]",-0.8,-798.982408192,-0.8,-0.8,0.0,0.0,0.0,0.0,0.0,0.0
"[0, 0, 1, 0, 0, 1, 0, 0, 0, 0, 1, 0, 0, 0, 0, 0, 0, 0, 0, 0, 0, 1, 1]",-0.8,0.0,5.073153139962855,0.0,0.0,0.0,0.0,0.0,0.0,0.0
"[0, 0, 0, 0, 0, 1, 0, 0, 0, 0, 0, 0, 0, 1, 0, 0, 0, 0, 0, 0, 0, 1, 1]",3.627753104706424,6.636862981188002,0.0,0.0,0.0,0.0,0.0,0.0,0.0,0.0
"[0, 0, 0, 0, 0, 0, 0, 0, 0, 0, 1, 0, 0, 0, 0, 0, 0, 0, 0, 0, 0, 1, 0]",-0.8,0.0,60.07617666121712,0.0,0.0,0.0,0.0,0.0,0.0,0.0
"[0, 0, 0, 0, 0, 0, 0, 0, 0, 0, 0, 0, 1, 1, 0, 0, 0, 0, 0, 0, 0, 1, 1]",-0.96,-152.00567677292486,-797.0179270040528,2.7601080434255065,-800.1748107616808,0.0,2.453112537639254,0.0,0.0,0.0
"[0, 0, 0, 0, 0, 0, 0, 0, 0, 0, 0, 0, 1, 1, 0, 0, 0, 0, 0, 0, 1, 1, 1]",-0.8,3.052833521276387,0.0,1.779255518917335,0.0,0.0,0.0,0.0,0.0,0.0
"[0, 0, 1, 0, 0, 1, 0, 0, 1, 0, 1, 0, 0, 1, 0, 0, 1, 0, 0, 0, 1, 1, 1]",-0.8,-0.8,1.7574483621706498,0.0,0.0,1.4686102960633585,-800.8,1.0321926213930774,-799.6416045444812,3.9080408111047626
"[0, 0, 1, 0, 0, 1, 0, 0, 1, 0, 1, 0, 1, 1, 1, 0, 1, 0, 0, 0, 1, 1, 1]",-0.8,-0.8,4.323312205759393,0.0,0.0,0.0,0.0,0.0,0.0,1.3229845059996737
"[0, 0, 1, 0, 0, 0, 0, 0, 1, 1, 1, 1, 1, 0, 0, 1, 0, 0, 0, 0, 0, 1, 1]",-0.8,-0.8,0.96,0.0,0.0,0.0,0.0,0.0,0.0,0.0
"[0, 0, 1, 0, 0, 1, 0, 0, 1, 1, 0, 0, 1, 1, 1, 1, 0, 0, 0, 0, 0, 1, 1]",-800.8,-960.9599999999999,-158.4519443222987,-800.8,-799.2333564091184,-800.192049152,-800.631627566002,-803.2722466016248,-798.2602274268883,-802.03648
"[0, 0, 0, 0, 0, 0, 0, 0, 0, 0, 1, 0, 0, 1, 0, 1, 1, 1, 0, 0, 0, 1, 1]",51.14968907443502,-27.73194065255035,-990.2395035420003,-155.30016691474043,-797.5811782175897,-465.38638975022207,-1055.340946438248,-752.2880776720451,-831.9352223409794,-3.6992000638928717
"[0, 0, 1, 0, 0, 0, 0, 0, 1, 0, 0, 0, 0, 0, 0, 1, 1, 1, 0, 0, 0, 1, 1]",-0.8,-0.8,-799.2,-0.8,-0.1856,-793.352595557285,3.2162250566022133,0.0,0.0,-0.8
"[0, 0, 1, 0, 0, 1, 0, 0, 1, 1, 1, 1, 0, 0, 0, 0, 0, 0, 0, 0, 1, 1, 1]",0.0,0.0,0.0,0.0,0.0,0.0,0.0,0.0,0.0,0.0
"[0, 0, 0, 0, 0, 0, 0, 0, 0, 0, 0, 1, 1, 1, 1, 0, 0, 0, 0, 0, 0, 0, 1]",-3.2321545346891787,-799.2,-1.5093447286147446,-160.7414168258996,-32.81475994214158,-852.9077068661591,-31.251293560515407,-513.2041086755574,-802.4401327835478,-801.960613888
"[0, 0, 1, 0, 0, 1, 0, 0, 0, 1, 0, 0, 1, 1, 1, 0, 0, 0, 0, 0, 0, 0, 1]",-804.3829484649136,-800.8,-803.8610174516402,-802.5106432,-801.472,-147.8919191469301,-21.68677596909295,-803.4291312031978,-802.03648,-801.472
"[0, 0, 1, 0, 0, 1, 0, 0, 0, 1, 0, 0, 1, 1, 1, 0, 0, 0, 0, 0, 1, 0, 1]",-0.8,-0.8,0.0,0.0,0.0,0.0,-0.8,0.0,0.0,0.0
"[0, 0, 0, 0, 0, 0, 0, 0, 0, 1, 0, 0, 1, 1, 1, 1, 0, 0, 0, 0, 0, 1, 1]",-802.908940288,-954.5745618752037,-465.7119129961379,-799.6925730548113,-799.3489648922945,-1301.3102084484362,-800.9456358233468,-157.88405354464226,-795.6943724341329,-162.2633472
"[0, 0, 0, 0, 0, 0, 0, 0, 0, 0, 0, 1, 1, 1, 1, 0, 0, 1, 0, 0, 0, 1, 1]",-1.4720000000000002,-31.00799999999998,-157.84130700587764,-956.7583880302136,4.162588342287884,-800.8,-22.996510892975095,-784.6022028453182,-798.5553194314822,-801.472
"[0, 0, 0, 0, 0, 0, 0, 0, 0, 1, 1, 1, 1, 1, 1, 0, 0, 0, 0, 0, 0, 0, 1]",-0.8,0.8,0.0,0.0,0.0,0.0,0.0,0.0,0.0,0.0
"[0, 0, 0, 0, 0, 0, 0, 0, 0, 0, 1, 0, 1, 1, 1, 0, 0, 0, 0, 0, 1, 0, 1]",-0.8,-798.9362689049761,-0.8,-0.8,0.0,0.0,0.0,0.0,0.0,0.0
"[0, 0, 0, 0, 0, 0, 0, 0, 0, 0, 0, 0, 1, 1, 1, 0, 0, 0, 0, 0, 0, 0, 1]",-0.8256300577373458,-740.4135898299589,-0.8,-801.2522745799394,-0.8,-483.5815402920341,-800.0864755953193,-179.32170157964572,-0.8,-0.8
"[0, 0, 0, 0, 0, 0, 0, 0, 0, 0, 0, 0, 1, 1, 0, 0, 0, 0, 0, 0, 0, 0, 1]",-800.8,60.147639253117724,0.0,0.0,0.0,0.0,0.0,0.0,0.0,0.0
"[0, 1, 0, 0, 0, 0, 0, 1, 0, 0, 0, 0, 0, 0, 0, 0, 0, 0, 0, 0, 0, 1, 1]",2.0524542321542203,8.007357754383593,1.9525426972922233,4.351853610791522,0.7947120381171033,2.3896441056437223,1.2952772703159159,0.6189294166797041,2.0054229260846688,0.42689075004411436
"[0, 0, 1, 0, 0, 1, 0, 0, 0, 1, 1, 1, 1, 0, 0, 0, 0, 0, 0, 0, 1, 0, 1]",0.0,0.0,0.0,0.0,0.0,0.0,0.0,0.0,0.0,0.0
"[0, 0, 0, 0, 0, 0, 0, 0, 0, 1, 1, 1, 0, 0, 0, 0, 0, 0, 0, 0, 1, 0, 1]",0.0,0.0,0.0,0.0,0.0,0.0,0.0,0.0,0.0,0.0
"[0, 0, 1, 0, 0, 1, 0, 0, 1, 0, 0, 0, 0, 1, 0, 0, 0, 0, 0, 0, 0, 1, 1]",-0.8,-0.8,-0.9639447950208888,-0.8,4.665185494033686,0.0,-955.744400733279,0.0,10.101263613891595,3.419615159337722
"[0, 0, 1, 0, 0, 1, 0, 0, 1, 0, 0, 0, 0, 1, 0, 0, 0, 0, 0, 0, 1, 1, 1]",-0.8,-0.8,2.570554789258297,0.0,0.0,0.0,0.0,0.0,0.0,0.0
"[0, 0, 0, 0, 0, 0, 0, 0, 0, 1, 0, 0, 1, 0, 0, 1, 0, 0, 0, 0, 0, 1, 0]",-801.4317183365907,-97.05624240155782,-159.17608889067037,-635.360016215852,1.196876988511025,-0.96,-159.5026641997099,-1.4720000000000002,-796.8624996861356,-799.3159440534387
"[0, 0, 0, 0, 0, 0, 0, 0, 1, 1, 0, 0, 1, 0, 0, 1, 0, 0, 0, 0, 0, 1, 1]",-0.8,5.040588023408672,0.0,0.0,0.0,0.0,0.0,0.0,0.0,0.0
"[0, 0, 0, 0, 0, 0, 1, 0, 0, 0, 1, 0, 0, 1, 0, 0, 1, 0, 0, 0, 0, 1, 1]",0.5436419334713096,-795.222425852975,-0.8,6.813328967117425,0.0,0.0,0.0,0.0,0.0,0.0
"[0, 0, 0, 0, 0, 0, 0, 0, 0, 1, 0, 1, 1, 0, 1, 1, 1, 1, 0, 0, 0, 1, 1]",-0.8,-798.4028272446955,0.0,0.0,0.0,0.0,0.0,0.0,0.0,0.0
"[0, 0, 0, 0, 0, 0, 0, 0, 0, 1, 0, 0, 1, 0, 0, 1, 1, 1, 0, 0, 1, 1, 1]",-0.8,1.0877952000000002,0.0,0.0,0.0,0.0,0.0,0.0,0.0,0.0
"[0, 0, 0, 0, 0, 0, 0, 0, 0, 1, 0, 0, 1, 0, 0, 1, 0, 0, 0, 0, 1, 1, 1]",-0.8,1.8099928992481011,0.0,0.0,0.0,0.0,0.0,0.0,0.0,0.0
"[0, 0, 1, 0, 0, 1, 0, 0, 0, 1, 1, 1, 0, 1, 0, 0, 1, 0, 0, 0, 0, 1, 1]",-0.8,-800.8,0.0,0.0,0.0,0.0,0.0,0.0,0.0,0.0
"[0, 0, 0, 0, 0, 0, 0, 0, 0, 1, 1, 0, 0, 0, 0, 1, 0, 0, 0, 0, 0, 1, 0]",0.0,0.0,0.0,0.0,0.0,0.0,0.0,0.0,7.868268494251255,0.0
"[0, 0, 0, 0, 0, 0, 0, 0, 0, 0, 0, 1, 0, 0, 1, 0, 0, 0, 0, 0, 0, 1, 1]",8.947236851640287,-799.04,8.965787647016695,12.541365089096573,0.0,0.0,1.5394595716219286,0.0,0.0,0.0
"[0, 0, 0, 0, 0, 0, 0, 0, 0, 0, 0, 1, 0, 0, 1, 0, 0, 0, 0, 0, 1, 1, 1]",-0.8,-799.04,-799.2,0.8,0.0,0.0,0.0,0.0,-794.2953663540184,10.455180869500227
"[0, 0, 0, 0, 0, 0, 0, 0, 0, 1, 0, 0, 1, 0, 0, 0, 0, 0, 0, 0, 1, 1, 0]",0.0,0.0,0.0,0.0,0.0,0.0,0.0,0.0,0.0,0.0
"[0, 0, 1, 0, 0, 0, 0, 0, 1, 0, 1, 0, 0, 0, 0, 1, 1, 1, 0, 0, 0, 1, 1]",-0.8,-0.96,-798.966860169216,1.9738984847681247,-800.288,-0.8,-0.2879999999999999,2.720325948825155,0.0,-0.8
"[0, 0, 1, 0, 0, 0, 0, 0, 1, 0, 0, 0, 0, 0, 0, 1, 1, 1, 0, 0, 1, 1, 1]",-0.8,-0.8,0.0,0.0,0.0,0.0,0.0,0.0,0.0,0.0
"[0, 0, 1, 0, 0, 0, 0, 0, 0, 0, 0, 0, 0, 0, 0, 0, 0, 0, 0, 0, 1, 1, 1]",-0.8,-0.8,11.786767011157814,0.0,0.0,0.0,0.0,0.0,0.0,0.0
"[0, 0, 0, 0, 0, 0, 0, 0, 0, 0, 0, 0, 0, 0, 0, 1, 1, 0, 0, 0, 0, 1, 0]",-0.96,-0.8,-563.890214384901,-0.8,2.5259032546571905,0.23015772969966086,1.5823956289761805,0.0,-19.27875599682771,0.0
"[0, 0, 0, 0, 0, 0, 0, 0, 0, 0, 1, 0, 0, 0, 0, 0, 0, 0, 0, 0, 1, 1, 1]",-0.8,0.0,0.0,0.0,0.0,0.0,0.0,0.0,0.0,0.0
"[0, 0, 0, 0, 0, 0, 0, 0, 0, 0, 1, 0, 0, 0, 0, 0, 0, 0, 0, 0, 1, 0, 1]",-0.8,3.476102411441187,0.0,0.0,0.0,0.0,0.0,0.0,0.0,0.0
"[0, 0, 1, 0, 0, 0, 0, 0, 1, 1, 0, 0, 1, 0, 0, 1, 1, 1, 0, 0, 0, 1, 1]",-800.8,-0.8,-1.0368546668438774,-0.8,-799.9811479765018,2.6977904964394632,0.0,0.0,0.0,0.0
"[0, 0, 1, 0, 0, 1, 0, 0, 1, 0, 0, 0, 0, 0, 0, 1, 1, 0, 0, 0, 0, 1, 1]",-0.8,-0.8,-797.7757018845507,-0.8,-799.9076826151684,3.1002376077007536,0.0,0.0,-0.04462088145686743,-0.8
"[0, 0, 1, 0, 0, 1, 0, 0, 1, 1, 1, 0, 0, 0, 0, 0, 0, 0, 0, 0, 0, 1, 1]",-800.8,-0.8,-798.8344789004402,-0.8,-511.9268712057393,0.0,0.0,-0.6989286049494636,0.0,0.0
"[0, 0, 0, 0, 0, 0, 0, 0, 0, 0, 0, 1, 0, 0, 1, 0, 0, 0, 0, 0, 0, 0, 1]",-0.8,-698.4689123124377,-0.8,-800.8,-799.8054044088799,-0.9655930175523622,-0.47262974331587804,-6.940522657509246,-0.95,-0.9095
"[0, 0, 1, 0, 0, 1, 0, 0, 0, 1, 1, 1, 0, 0, 0, 0, 0, 0, 0, 0, 1, 0, 1]",-0.8,-0.8,0.0,0.0,0.0,0.0,0.0,0.0,0.0,0.0
"[0, 0, 0, 0, 0, 0, 0, 0, 0, 0, 1, 0, 0, 1, 0, 0, 1, 0, 0, 0, 0, 1, 0]",-1.551779986379168,-1.709287003548715,-798.9159838774664,-2.03648,-890.0769739748025,-765.2695795743348,-817.4516354914539,1.1989232455400374,-194.03641772598758,-1.4720000000000002
"[0, 0, 0, 0, 0, 0, 0, 0, 0, 0, 1, 0, 0, 1, 0, 0, 0, 0, 0, 0, 0, 1, 0]",136.324199562383,182.46586742621304,0.0,0.0,0.0,0.0,0.0,-0.8,0.0,0.0
"[0, 0, 1, 0, 0, 0, 0, 0, 1, 0, 0, 0, 0, 0, 0, 1, 1, 0, 0, 0, 0, 1, 1]",-0.8,-0.8,-799.2,-0.8,4.148002121111421,0.0,0.0,0.0,0.0,-0.8
"[0, 0, 1, 0, 0, 0, 0, 0, 1, 0, 1, 0, 1, 1, 1, 0, 1, 0, 0, 0, 0, 1, 1]",-0.8,-0.8,0.6477545199844083,-0.8,0.0,0.0,0.0,0.0,0.0,0.0
"[0, 0, 1, 0, 0, 1, 0, 0, 0, 0, 0, 0, 1, 1, 1, 0, 0, 0, 0, 0, 0, 1, 1]",-0.8,-0.8,0.0,0.0,0.0,0.0,0.0,0.0,-0.8,0.0
"[0, 0, 1, 0, 0, 1, 0, 0, 0, 0, 0, 0, 1, 1, 1, 0, 0, 0, 0, 0, 1, 1, 1]",-0.8,-0.8,0.0,0.0,0.0,0.0,0.0,0.0,0.0,0.0
"[0, 0, 1, 0, 0, 1, 0, 0, 1, 0, 0, 0, 0, 0, 0, 1, 1, 0, 0, 0, 1, 1, 1]",-0.8,-0.8,0.8,0.0,0.0,0.0,0.0,0.0,0.0,0.0
"[0, 0, 0, 0, 0, 0, 0, 0, 0, 1, 1, 0, 0, 0, 0, 0, 0, 0, 0, 0, 0, 1, 0]",-0.8,-799.9515254268955,-730.5488463625013,-0.8,-0.5512719708003884,62.03360455425451,0.0,0.0,0.0,0.0
"[0, 0, 0, 0, 0, 0, 0, 0, 0, 1, 1, 0, 0, 0, 0, 0, 0, 0, 0, 0, 1, 1, 0]",-0.8,-0.8,3.1311139170585824,0.0,0.0,0.0,0.0,0.0,0.0,0.0
"[0, 0, 1, 0, 0, 1, 0, 0, 1, 1, 1, 1, 1, 0, 0, 1, 0, 0, 0, 0, 0, 1, 1]",-802.2262666657792,-803.7606205444588,-799.2057573774459,-802.8205161193982,-105.0219646863145,-901.6893806902156,-960.8498701694376,-800.8,-800.575233395215,-803.24350984192
"[0, 0, 0, 0, 0, 0, 0, 0, 0, 1, 0, 0, 0, 0, 0, 1, 0, 0, 0, 0, 0, 1, 1]",-0.96,-799.2,-100.37752649146056,4.895186530371045,0.0,-0.96,0.8688023281974996,0.0,0.0,0.0
"[0, 0, 1, 0, 0, 0, 0, 0, 1, 0, 1, 0, 0, 0, 0, 0, 1, 0, 0, 0, 0, 1, 1]",-800.8,-0.8,6.009412199283285,0.0,0.0,0.0,0.0,0.0,0.0,0.0
"[0, 0, 0, 0, 0, 0, 0, 0, 0, 0, 0, 1, 0, 0, 1, 1, 0, 1, 0, 0, 0, 1, 1]",-0.8,-796.6817408171072,0.0,0.0,0.0,-3.027549348210806,0.0,0.0,0.0,2.620669361890364
"[0, 0, 1, 0, 0, 1, 0, 0, 1, 0, 0, 0, 1, 1, 0, 0, 0, 0, 0, 0, 0, 1, 1]",-0.8,-0.8,-798.5810322966228,-0.8,-795.7369220188117,0.5353693168576641,0.0,0.0,0.0,-0.4449549090281961
"[0, 0, 1, 0, 0, 0, 0, 0, 1, 1, 1, 1, 0, 0, 0, 0, 0, 0, 0, 0, 0, 1, 1]",-0.8,-0.8,-794.6821820795855,-0.8,4.156425427194818,0.0,0.0,0.0,0.0,0.0
"[0, 0, 0, 0, 0, 0, 0, 0, 0, 1, 1, 0, 0, 0, 0, 0, 0, 0, 0, 0, 1, 1, 1]",0.0,0.0,0.0,0.0,0.0,0.0,0.0,0.0,0.0,0.0
"[0, 0, 0, 0, 0, 0, 0, 0, 0, 0, 1, 0, 0, 1, 0, 0, 1, 0, 0, 0, 0, 1, 1]",-0.8,3.194368523550991,2.535172860270599,2.022223665908992,-799.6416045444812,-797.5359882223931,-0.2879999999999999,20.531671543269944,0.0,0.0
"[0, 0, 0, 0, 0, 0, 0, 0, 0, 0, 1, 0, 0, 1, 0, 0, 1, 0, 0, 0, 1, 1, 1]",-0.8,-753.8958825725591,0.0,0.0,0.0,0.0,0.0,0.0,0.0,21.939945890491373
"[0, 0, 0, 0, 0, 0, 0, 0, 0, 0, 0, 0, 0, 0, 0, 1, 1, 0, 0, 0, 0, 1, 1]",1.4538658689360247,-771.8777878216914,0.8,0.8,0.7918416291119568,0.0,17.025721610232097,0.21417361836009086,0.0,0.27433360928217854
"[0, 0, 0, 0, 0, 0, 0, 0, 0, 0, 0, 0, 0, 0, 0, 0, 1, 0, 0, 0, 0, 1, 1]",-0.8,10.812386409655094,0.0,0.0,0.0,2.819850842530961,0.0,0.0,1.299081997187507,0.0
"[0, 0, 1, 0, 0, 0, 0, 0, 1, 1, 1, 1, 0, 1, 0, 0, 1, 0, 0, 0, 0, 1, 1]",-0.8,-0.8,-799.712,-0.8,-20.14219164085065,-0.8,0.0,0.0,0.0,0.0
"[0, 0, 0, 0, 0, 0, 0, 0, 0, 1, 0, 0, 1, 0, 0, 0, 0, 0, 0, 0, 0, 0, 1]",-770.478877597453,-704.3339298654806,-800.8,0.0,0.0,0.0,0.0,0.0,0.0,0.0
"[1, 0, 0, 0, 0, 0, 1, 0, 0, 0, 0, 0, 0, 0, 0, 0, 0, 0, 0, 0, 0, 1, 1]",-0.29525376733033837,-782.0426778970628,-0.8,-155.82532478571522,-797.9854051099811,-0.5883264410680336,-0.13864021556864414,11.536581512957348,-0.36264796842164326,0.0
"[0, 1, 0, 0, 0, 0, 0, 1, 0, 1, 1, 1, 0, 0, 0, 0, 0, 0, 0, 0, 0, 1, 1]",-0.8,-325.4404692956239,7.742667410814579,0.0,0.0,0.0,0.0,0.0,0.0,0.0
"[0, 0, 0, 0, 0, 0, 0, 0, 0, 1, 0, 0, 0, 0, 0, 1, 1, 1, 0, 0, 0, 1, 1]",-0.8,-799.04,0.8,0.0,0.0,-0.8,0.0,13.316309046118489,0.0,0.0
"[0, 0, 0, 0, 0, 0, 0, 0, 0, 1, 0, 0, 1, 0, 0, 0, 0, 0, 0, 0, 0, 1, 1]",-800.8,-787.7520955719651,22.10359384678047,0.0,0.0,0.0,0.0,0.0,0.0,0.0
"[0, 0, 0, 0, 0, 0, 0, 0, 0, 0, 0, 0, 0, 0, 0, 0, 1, 0, 0, 0, 0, 1, 0]",-0.8,-0.44748156868995426,848.1894330277835,0.0,0.0,0.0,-785.1759997756969,0.0,0.0,0.0
"[0, 0, 0, 0, 0, 0, 0, 0, 0, 1, 0, 0, 0, 0, 0, 1, 1, 0, 0, 0, 0, 1, 0]",-800.8,-0.8,-799.2,-0.8,0.01273729313621691,-0.8,-0.8,-0.8,-799.2,-0.8
"[0, 0, 0, 0, 0, 0, 0, 0, 0, 0, 0, 1, 0, 0, 0, 1, 1, 1, 0, 0, 0, 1, 1]",-1.0592914702542842,-799.0016,-798.6973321587444,-1135.3825352220797,-1.3197632479433414,-1.0030688109417496,-0.8739431968371469,-799.2,-510.74857056720896,-0.8
"[0, 0, 0, 0, 0, 0, 0, 0, 0, 0, 0, 1, 0, 0, 0, 1, 1, 1, 0, 0, 1, 1, 1]",-0.8,-799.04,0.8,0.0,0.0,0.0,0.0,0.0,0.0,0.0
"[0, 0, 0, 0, 0, 0, 0, 0, 0, 1, 0, 0, 0, 0, 0, 1, 1, 0, 0, 0, 1, 1, 0]",0.0,0.0,0.0,0.0,0.0,0.0,0.0,0.0,0.0,0.0
"[0, 0, 0, 0, 0, 1, 0, 0, 0, 0, 0, 0, 0, 0, 0, 0, 1, 0, 0, 0, 0, 1, 1]",-0.8,5.420095634985509,0.0,0.0,0.0,0.0,0.0,0.0,0.0,0.0
"[0, 0, 0, 0, 0, 0, 0, 0, 0, 0, 1, 0, 0, 1, 0, 0, 0, 0, 0, 0, 1, 1, 0]",0.0,0.0,0.0,0.0,-800.8,0.0,0.0,0.0,0.0,0.0
"[0, 0, 0, 0, 0, 0, 0, 0, 0, 0, 1, 0, 0, 1, 0, 0, 0, 0, 0, 0, 0, 1, 1]",-0.8,-798.3593538414297,2.1152126067064296,0.0,0.0,1.6265438144914601,-0.8,0.0,-795.266077801459,0.0
"[0, 0, 1, 0, 0, 1, 0, 0, 0, 0, 0, 0, 1, 1, 0, 0, 0, 0, 0, 0, 0, 0, 1]",-0.8,-0.8,-0.8,-0.8,-0.2772432961701327,-0.8,-902.3544123560079,-0.8,-0.8,-0.8
"[0, 0, 1, 0, 0, 1, 0, 0, 0, 0, 0, 0, 1, 1, 0, 0, 0, 0, 0, 0, 1, 0, 1]",-0.8,-0.8,-0.8,-0.8,0.0,0.0,0.0,0.0,0.0,0.0
"[0, 0, 0, 0, 1, 0, 0, 0, 0, 0, 0, 1, 0, 0, 1, 0, 0, 1, 0, 0, 0, 1, 1]",-0.8,-799.5938463687411,-1.1741236018254813,-101.13804386524295,3.6272305211609654,0.0,0.0,0.0,0.0,0.0
"[0, 1, 0, 0, 1, 0, 0, 0, 0, 0, 0, 0, 0, 1, 0, 0, 0, 0, 0, 0, 0, 1, 1]",-0.8,4.467344674012225,0.0,0.0,0.0,0.0,0.0,0.0,0.0,0.0
"[0, 0, 0, 0, 0, 0, 0, 0, 0, 1, 1, 0, 0, 1, 0, 0, 1, 0, 0, 0, 0, 1, 0]",-0.8,-0.8,801.0181030606141,0.0,0.0,-1.3021353479874556,0.0,0.0,-790.4624396514253,0.0
"[0, 0, 0, 0, 0, 0, 0, 0, 0, 0, 1, 0, 1, 1, 0, 0, 1, 0, 0, 0, 0, 1, 0]",-0.8,-0.8,-651.4202329136851,-0.8,-1.5964767329431164,0.0,-799.6255986069158,0.0,0.0,0.0
"[0, 0, 0, 0, 0, 0, 0, 0, 0, 1, 0, 0, 1, 1, 1, 1, 0, 0, 0, 0, 1, 1, 1]",0.0,0.0,0.0,0.0,0.0,0.0,0.0,0.0,0.0,0.0
"[0, 0, 0, 0, 0, 0, 0, 0, 0, 0, 0, 1, 1, 0, 1, 0, 0, 1, 0, 0, 0, 1, 1]",-0.8,-797.4226057872036,-0.059615155370368766,-798.0416045444812,-0.8,-0.6190761771069959,-1.3120000000000003,-100.0141464191267,2.5073922808907305,0.0
"[0, 0, 0, 0, 0, 0, 0, 0, 0, 1, 1, 1, 0, 0, 0, 0, 0, 1, 0, 0, 0, 1, 1]",-0.8,-798.68479766528,-797.1930702859487,-799.5896414161632,-20.609727539924044,-0.8,-0.8,0.8,0.0,-0.59730157568
"[0, 0, 1, 0, 0, 0, 0, 0, 1, 1, 1, 1, 0, 0, 0, 1, 0, 0, 0, 0, 0, 1, 1]",-0.78180630528,-0.8,-798.983424,-0.8,0.14714285279639316,-0.10695679999999995,0.0,-799.2,0.0,0.0
"[1, 0, 0, 0, 0, 0, 1, 0, 0, 1, 1, 1, 0, 0, 0, 0, 1, 0, 0, 0, 0, 1, 1]",0.0,0.0,0.0,0.0,0.0,0.0,0.0,0.0,0.0,0.0
"[0, 0, 0, 0, 0, 1, 0, 0, 0, 0, 1, 0, 0, 0, 0, 0, 0, 0, 0, 0, 0, 1, 1]",-0.8,0.0,0.0,0.0,0.0,0.0,0.0,0.0,1.1682770505782312,0.0
"[0, 0, 0, 1, 0, 0, 0, 0, 0, 0, 1, 0, 0, 1, 0, 0, 0, 0, 0, 0, 0, 1, 1]",-0.8,6.825620949162429,0.0,0.0,0.0,0.0,0.0,0.0,0.0,0.0
"[0, 0, 1, 0, 0, 1, 0, 0, 1, 0, 0, 0, 0, 0, 0, 0, 1, 0, 0, 0, 0, 1, 1]",-0.7085475751564578,-0.3027801510419379,-799.0000977739376,-0.8,-0.020587298318150538,-0.5948421567037048,6.014538801990048,0.0,0.0,0.0
"[0, 0, 0, 0, 0, 1, 0, 0, 0, 0, 0, 0, 0, 1, 0, 0, 0, 0, 0, 0, 1, 1, 1]",-0.8,40.954056549222905,0.0,0.0,0.0,0.0,0.0,0.0,0.0,0.0
"[0, 0, 0, 0, 0, 0, 0, 0, 0, 1, 0, 0, 1, 0, 0, 0, 0, 0, 0, 0, 1, 0, 1]",-0.8,0.8,0.0,0.0,0.0,0.0,0.0,0.0,0.0,0.0
"[0, 0, 0, 0, 0, 0, 0, 0, 0, 0, 0, 1, 0, 0, 1, 0, 0, 0, 0, 0, 1, 0, 1]",-0.8,-799.0016,-0.8,-0.8,2.4346349592028753,0.0,0.0,0.0,0.0,0.0
"[0, 0, 1, 0, 0, 1, 0, 0, 0, 1, 0, 0, 1, 0, 0, 0, 0, 0, 0, 0, 1, 0, 1]",-0.8,0.0,0.0,0.0,0.0,0.0,0.0,0.0,0.0,0.0
"[0, 0, 0, 0, 0, 0, 0, 0, 0, 0, 0, 0, 1, 0, 1, 0, 0, 0, 0, 0, 0, 1, 1]",-0.8,-797.8534389338796,22.459990273765204,0.0,0.0,0.0,0.0,0.0,0.0,0.0
"[0, 0, 0, 0, 0, 0, 0, 0, 0, 1, 1, 1, 0, 0, 0, 0, 0, 0, 0, 0, 1, 1, 1]",-0.8,0.0,0.0,0.0,0.0,0.0,0.0,0.0,0.0,0.0
"[0, 1, 0, 0, 1, 0, 0, 0, 0, 0, 0, 0, 0, 0, 0, 1, 1, 1, 0, 0, 0, 1, 1]",-0.8,-798.716570015368,0.8,0.0,0.0,0.0,0.0,0.0,0.0,0.0
"[0, 0, 0, 0, 0, 1, 0, 0, 0, 1, 0, 0, 1, 0, 0, 0, 0, 0, 0, 0, 0, 1, 1]",-800.8,9.124088142674783,0.0,0.0,0.0,0.0,0.0,0.0,0.0,0.0
"[0, 0, 1, 0, 0, 1, 0, 0, 0, 1, 0, 0, 1, 0, 0, 1, 0, 0, 0, 0, 1, 1, 1]",0.0,0.0,0.0,0.0,0.0,0.0,0.0,0.0,0.0,0.0
"[0, 0, 0, 0, 0, 0, 0, 0, 0, 1, 0, 1, 1, 1, 1, 1, 0, 1, 0, 0, 0, 1, 1]",0.0,0.0,0.0,0.0,0.0,0.0,0.0,-799.2,0.0,0.0
"[0, 0, 1, 0, 0, 0, 0, 0, 1, 1, 1, 1, 0, 1, 0, 0, 1, 0, 0, 0, 1, 1, 1]",0.0,0.0,0.0,0.0,0.0,0.0,0.0,0.0,0.0,0.0
"[0, 0, 0, 0, 0, 0, 0, 0, 0, 0, 0, 1, 1, 1, 1, 0, 0, 1, 0, 0, 1, 1, 1]",-0.8,-799.2,13.587723534492984,0.0,0.0,0.0,0.0,0.0,0.0,0.0
"[0, 0, 1, 0, 0, 1, 0, 0, 0, 1, 0, 0, 1, 0, 0, 1, 0, 0, 0, 0, 0, 1, 1]",-0.8,-0.8,6.438443515639119,0.0,0.0,0.0,0.0,0.0,0.0,0.0
"[0, 0, 0, 0, 0, 0, 0, 0, 0, 1, 1, 1, 0, 0, 1, 0, 0, 1, 0, 0, 0, 1, 1]",-979.2357706431387,-896.572473574214,30.05728149577253,-799.008,-801.1436964893838,-800.7271037469718,-832.1517809544539,-804.053859561059,-800.575773730254,-981.2050226933455
"[0, 0, 0, 0, 0, 1, 0, 0, 0, 1, 0, 0, 1, 0, 0, 0, 0, 0, 0, 0, 1, 1, 1]",0.0,0.0,0.0,0.0,0.0,0.0,0.0,0.0,0.0,0.0
"[0, 0, 0, 0, 0, 0, 0, 0, 0, 1, 1, 1, 0, 0, 1, 0, 0, 1, 0, 0, 1, 1, 1]",-0.8,0.0,0.0,0.0,0.0,0.0,0.0,0.0,0.0,0.0
"[0, 0, 0, 0, 0, 0, 0, 0, 1, 0, 0, 0, 0, 1, 0, 0, 0, 0, 0, 0, 0, 1, 1]",-0.8,10.889118560907752,0.0,0.0,0.0,0.0,0.0,0.0,0.0,0.0
"[0, 0, 1, 0, 0, 1, 0, 0, 0, 0, 0, 0, 1, 1, 0, 0, 0, 0, 0, 0, 0, 1, 1]",-0.8,-0.8,13.375445564104812,0.0,0.0,0.0,0.0,0.0,0.0,0.0
"[0, 0, 0, 0, 0, 0, 0, 0, 0, 0, 0, 0, 0, 1, 0, 0, 0, 0, 0, 0, 0, 0, 0]",-0.8,799.2,0.0,0.0,0.0,0.0,0.0,0.0,0.0,0.0
"[0, 0, 0, 0, 0, 0, 0, 0, 0, 1, 1, 1, 0, 0, 0, 0, 1, 0, 0, 0, 0, 1, 1]",-0.8,-797.9164777358633,-786.761049949211,19.578300373753226,-799.0736623207601,0.0,-798.2137134944041,-100.51096515392082,0.0,0.0
"[0, 0, 1, 0, 0, 1, 0, 0, 1, 0, 0, 0, 0, 0, 0, 0, 1, 0, 0, 0, 1, 1, 1]",-0.8,-0.8,1.0,0.0,0.3301683200000001,0.0,0.0,0.0,0.0,0.0
"[0, 0, 0, 0, 0, 0, 0, 0, 0, 0, 0, 0, 0, 0, 1, 0, 0, 0, 0, 0, 1, 1, 1]",0.0,0.0,0.0,24.37405247934929,0.0,0.0,0.0,0.0,0.0,0.0
"[0, 0, 0, 0, 0, 0, 0, 0, 0, 1, 1, 0, 0, 0, 0, 0, 1, 0, 0, 0, 0, 1, 0]",-0.8,-0.8,-765.3083255749127,-0.8,-0.4308882208218847,-800.8,-504.0439833471509,0.0,-782.6698016657019,-0.6207694460393687
"[0, 0, 0, 0, 0, 0, 0, 0, 0, 0, 1, 0, 0, 1, 0, 0, 1, 0, 0, 0, 1, 1, 0]",-0.8,-0.8,1.2298752,0.0,0.0,0.0,0.0,0.0,0.0,0.0
"[0, 0, 0, 0, 0, 0, 0, 1, 0, 0, 0, 1, 0, 0, 1, 0, 0, 1, 0, 0, 0, 1, 1]",-0.8,-0.9647933984214454,0.0,0.0,0.0,0.0,0.0,0.0,0.0,-0.1279999999999999
"[0, 0, 0, 1, 0, 0, 0, 0, 0, 0, 0, 0, 1, 1, 1, 0, 0, 0, 0, 0, 0, 1, 1]",-0.8,0.0,17.041662205518705,0.0,0.0,0.0,0.0,0.0,0.0,0.0
"[0, 0, 0, 0, 1, 0, 0, 0, 0, 0, 0, 0, 1, 1, 0, 0, 0, 0, 0, 0, 0, 1, 1]",-0.8,16.132512556022768,0.0,0.0,0.0,0.0,0.0,0.0,0.0,0.0
"[0, 0, 0, 0, 0, 0, 0, 0, 0, 0, 0, 0, 1, 1, 0, 0, 0, 0, 0, 0, 1, 0, 1]",-0.8,0.96,0.0,0.0,0.0,0.0,0.0,0.0,0.0,0.0
"[0, 0, 1, 0, 0, 0, 0, 0, 1, 0, 1, 0, 0, 1, 0, 1, 1, 1, 0, 0, 0, 1, 1]",-0.8,1.0493357193517583,-799.2,-0.8,-799.3329836402719,3.4631364901312582,0.0,0.0,0.0,0.0
"[0, 0, 1, 0, 0, 1, 0, 0, 1, 0, 1, 0, 0, 0, 0, 0, 0, 0, 0, 0, 1, 1, 1]",-0.8,-0.8,0.8,0.0,0.0,0.0,0.0,0.0,0.0,0.0
"[0, 0, 0, 0, 0, 0, 0, 0, 0, 0, 1, 0, 0, 1, 0, 0, 0, 0, 0, 0, 1, 0, 1]",0.0,0.0,0.0,0.0,0.0,0.0,0.0,0.0,0.0,0.0
"[0, 0, 0, 0, 0, 0, 0, 0, 0, 1, 0, 0, 1, 0, 0, 1, 0, 0, 0, 0, 1, 1, 0]",-0.8,-0.8,0.0,0.0,0.0,0.0,0.0,0.0,0.0,0.0
"[0, 0, 0, 0, 0, 0, 0, 0, 0, 1, 0, 0, 1, 1, 0, 1, 0, 0, 0, 0, 0, 1, 0]",-800.8,-800.8,0.613411908329899,0.0,0.0,0.0,0.0,0.0,0.0,0.0
"[0, 0, 0, 0, 0, 0, 0, 0, 0, 0, 1, 0, 0, 1, 0, 0, 0, 0, 0, 0, 0, 0, 0]",-0.8,-0.8,-0.8,-0.8,107.45327790288022,0.0,0.0,0.0,64.96542821237483,0.0
"[0, 0, 0, 0, 0, 0, 0, 0, 0, 0, 1, 0, 0, 1, 0, 0, 0, 0, 0, 0, 1, 0, 0]",-0.8,-0.8,-0.8,-0.8,-0.8,0.0,0.0,0.0,0.0,0.0
"[0, 0, 0, 0, 0, 0, 0, 0, 0, 1, 1, 0, 1, 0, 0, 0, 0, 0, 0, 0, 0, 0, 0]",-802.47830068991,-965.3279949648465,-248.96710342492725,-764.2687679816781,-13.64264627601276,-726.1588900542977,-166.30481068205484,-800.1559487859217,-804.2654148391829,-801.472
"[0, 0, 0, 0, 0, 0, 0, 1, 0, 1, 1, 1, 0, 0, 0, 0, 0, 0, 0, 0, 0, 1, 1]",-0.8,0.760262746342599,0.0,0.0,0.0,0.0,0.0,0.0,0.0,0.0
"[0, 0, 0, 0, 0, 0, 0, 0, 0, 0, 1, 0, 0, 1, 0, 1, 1, 0, 0, 0, 0, 1, 0]",-1.0903040000000002,-800.8,-799.008,-800.931905504926,-960.1937142014251,3.020584066560045,-799.6416045444812,-0.8,-18.90635216102431,-799.5883624626715
"[0, 0, 0, 0, 0, 0, 0, 0, 1, 0, 1, 0, 0, 0, 0, 0, 0, 0, 0, 0, 0, 1, 1]",0.0,0.0,0.0,0.0,22.895305300777956,0.0,0.0,0.0,0.0,0.0
"[0, 0, 0, 0, 0, 0, 0, 0, 0, 1, 0, 1, 0, 0, 1, 0, 0, 1, 0, 0, 0, 1, 1]",-0.8,-501.8634957823474,0.9291858739200001,0.0,-750.2197288111317,0.0,0.0,0.0,0.0,0.0
"[0, 1, 0, 0, 0, 0, 0, 1, 0, 0, 0, 1, 0, 0, 0, 0, 0, 1, 0, 0, 0, 1, 1]",-0.8,8.656949607243696,0.0,0.0,0.0,0.0,0.0,0.0,0.0,0.0
"[0, 0, 0, 0, 0, 0, 0, 0, 0, 0, 0, 0, 1, 1, 1, 0, 0, 0, 0, 0, 1, 0, 1]",-0.8,0.8080417547167009,0.0,0.0,0.0,0.0,-0.8,0.0,0.0,0.0
"[0, 0, 0, 0, 1, 0, 0, 1, 0, 0, 0, 0, 0, 0, 0, 0, 1, 0, 0, 0, 1, 1, 1]",0.0,0.0,0.0,0.0,-0.8,0.0,0.0,0.0,0.0,0.0
"[0, 0, 0, 1, 0, 0, 1, 0, 0, 0, 0, 0, 0, 0, 0, 1, 1, 0, 0, 0, 1, 1, 1]",-0.8,0.96,0.0,0.0,0.0,0.0,0.0,0.0,0.0,0.0
"[0, 1, 0, 0, 1, 0, 0, 1, 0, 0, 0, 0, 0, 1, 0, 0, 0, 0, 0, 0, 0, 1, 1]",0.0,0.0,0.0,0.0,0.0,0.0,0.0,0.0,0.0,0.0
"[0, 0, 1, 0, 0, 1, 0, 0, 0, 0, 0, 0, 0, 1, 0, 0, 0, 0, 0, 0, 0, 1, 1]",-0.8,-0.8,23.116619875911418,0.0,0.0,0.0,0.0,0.0,0.0,0.0
"[0, 1, 0, 0, 1, 0, 0, 1, 0, 0, 1, 0, 0, 1, 0, 0, 1, 0, 0, 0, 0, 1, 1]",-0.96,-767.8321558993856,2.286143345344774,0.0,-0.6812693321803689,-0.8,-797.8381710374022,0.0,0.0,-0.9288331996973469
"[0, 0, 0, 0, 1, 0, 0, 0, 0, 0, 0, 1, 0, 0, 1, 0, 0, 1, 0, 0, 1, 1, 1]",-0.8,-799.04,7.755170340661257,0.0,0.0,0.0,0.0,0.0,0.0,0.0
"[0, 0, 0, 0, 1, 0, 0, 1, 0, 1, 1, 0, 0, 0, 0, 0, 0, 0, 0, 0, 0, 1, 1]",-0.8,56.228813248615246,0.0,0.0,0.0,0.0,0.0,0.0,0.0,0.0
"[0, 0, 0, 0, 0, 0, 0, 0, 0, 0, 0, 0, 0, 1, 0, 0, 0, 0, 0, 0, 0, 0, 1]",-0.8,543.1884037210862,0.0,0.0,0.0,0.0,0.0,3.19238091787701,0.0,0.0
"[0, 0, 1, 0, 0, 1, 0, 0, 1, 0, 0, 0, 0, 0, 0, 1, 1, 1, 0, 0, 0, 1, 1]",-0.8,-0.8,-796.6551352743529,0.39086498997338515,-0.8,-0.10154355606857257,13.59610796644121,0.0,0.0,-0.96
"[0, 1, 0, 0, 0, 0, 0, 1, 0, 1, 1, 0, 0, 0, 0, 0, 0, 0, 0, 0, 0, 1, 1]",-0.8,12.397762649723047,0.0,0.0,0.0,0.0,0.0,0.0,0.0,0.0
"[0, 1, 0, 0, 0, 0, 0, 1, 0, 0, 0, 0, 0, 0, 0, 1, 1, 1, 0, 0, 0, 1, 1]",-800.784144163603,-797.8110850476484,-798.997717794071,-146.55748834023075,0.0,0.0,0.0,0.0,0.0,-0.5691892147289063
"[0, 0, 0, 0, 0, 0, 0, 0, 0, 0, 1, 0, 0, 0, 0, 0, 0, 0, 0, 0, 0, 0, 1]",-0.8,2.466480847493944,0.0,0.0,0.0,0.0,0.0,0.0,0.0,0.0
"[0, 0, 0, 0, 0, 0, 0, 0, 0, 0, 0, 0, 0, 0, 0, 1, 0, 1, 0, 0, 0, 1, 1]",-0.45203749222173584,-797.8901427761244,3.3870123679865505,0.0,0.0,0.0,0.0,0.0,0.0,0.2924407988976256
"[0, 0, 0, 0, 0, 0, 0, 0, 0, 0, 0, 0, 0, 0, 0, 1, 0, 0, 0, 0, 0, 1, 1]",0.0,0.0,0.0,0.0,0.0,3.7879772781000733,0.0,0.0,0.0,0.0
"[0, 0, 0, 0, 0, 0, 0, 0, 0, 0, 0, 0, 0, 0, 0, 1, 0, 0, 0, 0, 1, 1, 1]",-0.8,0.992,0.0,0.0,0.0,0.0,0.0,0.0,0.0,0.0
"[0, 1, 0, 0, 1, 0, 0, 0, 0, 0, 0, 1, 0, 0, 1, 1, 1, 1, 0, 0, 0, 1, 1]",-0.8,9.927501001344837,0.0,0.0,0.0,0.0,0.0,0.0,0.0,0.0
"[0, 0, 0, 0, 0, 0, 0, 0, 0, 0, 0, 0, 1, 0, 0, 0, 0, 0, 0, 0, 0, 1, 0]",-0.8,-0.8,24.76097219237627,0.0,0.0,0.0,0.0,0.0,0.0,0.0
"[0, 0, 0, 0, 0, 0, 0, 0, 0, 1, 1, 0, 0, 1, 0, 0, 0, 0, 0, 0, 0, 0, 0]",-161.6063999999999,-1.4720000000000002,-1.4720000000000002,-800.8,-800.8,-800.1856,2.5900049232148046,-1.4720000000000002,-682.9717790202342,-1.4720000000000002
"[0, 0, 1, 0, 0, 0, 0, 0, 1, 1, 0, 0, 0, 0, 0, 1, 0, 0, 0, 0, 0, 1, 1]",-0.8,-0.8,-799.1664349063257,-0.8,-160.14628223298848,-0.8,-800.1524436046324,0.0,-0.7179646839408842,0.0
"[0, 0, 0, 1, 0, 0, 0, 0, 0, 0, 1, 0, 0, 1, 0, 1, 1, 1, 0, 0, 0, 1, 1]",-0.8,0.8,0.0,0.0,0.0,0.0,0.0,0.0,0.0,0.0
"[0, 0, 0, 0, 1, 0, 0, 0, 0, 0, 0, 0, 0, 0, 0, 1, 1, 1, 0, 0, 0, 1, 1]",-0.8,-956.2829922165599,-508.2450731064138,-794.832192522041,3.641523639553565,0.0,0.0,0.0,0.0,0.0
"[0, 0, 0, 0, 0, 0, 0, 0, 0, 1, 0, 0, 1, 0, 0, 0, 0, 0, 0, 0, 0, 0, 0]",0.7539568925515236,-1.4720000000000002,-1.4720000000000002,-754.1214518583981,-378.4048201317626,-800.8,-798.7773766275475,-1.4720000000000002,-749.0614964457383,-780.4483752346041
"[0, 0, 0, 0, 0, 0, 0, 0, 0, 0, 0, 0, 0, 0, 0, 0, 1, 0, 0, 0, 1, 1, 1]",-0.8,2.457005335541167,0.0,0.0,-0.8,0.0,0.0,0.0,0.0,0.0
"[1, 0, 0, 0, 0, 0, 1, 0, 0, 0, 0, 0, 0, 0, 0, 1, 1, 1, 0, 0, 0, 1, 1]",-0.8,3.1554395058184355,0.0,0.0,0.0,0.0,0.0,0.0,0.0,0.0
"[0, 1, 0, 0, 1, 0, 0, 1, 0, 0, 0, 0, 1, 1, 1, 0, 0, 0, 0, 0, 0, 1, 1]",5.112664049772918,-794.7235422877369,-153.76513143720308,6.140878165510859,0.0,-797.9859059506599,0.0,-500.7175965020313,-799.7994998824664,0.0
"[0, 1, 0, 0, 1, 0, 0, 0, 0, 0, 0, 0, 1, 1, 1, 0, 0, 0, 0, 0, 0, 0, 1]",-0.8,-0.8068116480000005,-0.8,-0.8,-0.8,-800.8,-800.8,0.0,0.0,0.0
"[0, 0, 1, 0, 0, 0, 0, 0, 1, 1, 1, 1, 0, 0, 0, 0, 0, 1, 0, 0, 0, 1, 1]",-0.8,-0.8,1.4720000000000002,0.0,0.0,0.0,0.0,0.0,0.0,0.0
"[0, 0, 1, 0, 0, 1, 0, 0, 1, 0, 0, 1, 1, 1, 1, 0, 0, 1, 0, 0, 0, 1, 1]",-800.8,-0.8,1.7731946835179555,0.0,0.0,0.0,0.0,0.0,0.0,0.0
"[0, 1, 0, 0, 1, 0, 0, 1, 0, 1, 1, 1, 0, 0, 0, 0, 0, 0, 0, 0, 0, 1, 1]",-0.8,-796.9565706894666,-796.7491633081441,-796.9739113996122,-800.8,-0.12348470513731682,-0.8,-0.7940828873253831,0.0,0.0
"[0, 0, 1, 0, 0, 1, 0, 0, 0, 1, 0, 0, 1, 1, 1, 1, 0, 0, 0, 0, 0, 1, 1]",-0.8,-0.8,0.8,0.0,0.0,0.0,0.0,0.0,0.0,0.0
"[0, 0, 0, 0, 0, 1, 0, 0, 0, 1, 0, 0, 1, 0, 0, 1, 0, 0, 0, 0, 0, 1, 1]",-800.8,6.093609499131802,0.0,0.0,0.0,0.0,0.0,0.0,0.0,0.0
"[0, 0, 0, 0, 0, 0, 0, 0, 0, 0, 1, 0, 0, 0, 0, 1, 1, 1, 0, 0, 0, 1, 1]",-0.8,39.37883106003844,0.0,0.0,0.0,0.0,0.0,0.0,-102.17556123767224,0.0
"[0, 1, 0, 0, 1, 0, 0, 1, 0, 0, 0, 1, 0, 0, 1, 0, 0, 1, 0, 0, 0, 1, 1]",-0.8,-799.3088698501787,3.618944968023023,0.0,0.0,0.0,0.0,0.0,0.0,0.0
"[0, 0, 0, 0, 0, 0, 0, 0, 0, 0, 1, 0, 0, 0, 0, 0, 1, 0, 0, 0, 0, 1, 1]",-0.8,0.0,0.0,1.2941488622452284,0.0,-0.8,0.0,0.0,0.0,13.383151830066037
"[0, 0, 0, 0, 0, 0, 0, 0, 0, 0, 0, 1, 0, 0, 0, 0, 0, 1, 0, 0, 1, 1, 1]",-0.8,-799.2,15.109666054988447,0.0,0.0,0.0,0.0,0.0,0.0,0.0
"[0, 0, 0, 0, 0, 0, 0, 1, 0, 0, 0, 0, 0, 0, 0, 1, 1, 1, 0, 0, 0, 1, 1]",-0.8,10.801570269931947,0.0,0.0,0.0,0.0,0.0,0.0,0.0,0.0
"[0, 0, 0, 0, 0, 0, 0, 0, 0, 1, 1, 1, 1, 0, 0, 0, 0, 0, 0, 0, 0, 0, 1]",-1.4720000000000002,-158.52800000000002,-0.9582218667102655,-161.51589984470343,-1.2648656130546314,-159.78919932568112,67.21975364553904,-799.2012393889836,-795.8258262797185,-1.3167711149124557
"[0, 0, 1, 0, 0, 1, 0, 0, 0, 1, 1, 1, 0, 1, 0, 0, 0, 0, 0, 0, 0, 0, 1]",-1.1219376367833833,-801.1454708963993,-0.8,-0.8,52.790366723225766,-1.3120000000000003,-809.0515593483686,-0.8,-0.8,-800.8
"[0, 0, 1, 0, 0, 1, 0, 0, 1, 0, 0, 0, 0, 0, 0, 1, 1, 1, 0, 0, 1, 1, 1]",-0.8,-0.8,-799.008,-0.8,-0.7427554905739461,4.262257059041821,0.0,0.0,0.0,0.0
"[0, 0, 0, 0, 0, 0, 0, 0, 0, 0, 0, 0, 0, 0, 1, 0, 0, 0, 0, 0, 1, 0, 1]",-0.8,0.0,0.0,0.0,0.0,0.0,0.0,0.0,0.0,0.0
"[0, 0, 0, 0, 0, 0, 0, 0, 0, 0, 0, 0, 0, 0, 0, 1, 1, 0, 0, 0, 1, 1, 0]",-0.8,-0.8,0.0,-0.8,0.0,0.0,0.0,0.0,0.0,0.0
"[0, 1, 0, 0, 1, 0, 0, 0, 0, 0, 1, 0, 0, 1, 0, 0, 1, 0, 0, 0, 0, 1, 1]",-0.8,5.015998975877162,0.0,0.0,0.0,0.0,0.0,0.0,0.0,0.0
"[0, 1, 0, 0, 1, 0, 0, 0, 0, 0, 1, 0, 0, 0, 0, 0, 1, 0, 0, 0, 1, 1, 1]",-0.8,8.211400786139782,0.0,0.0,0.0,0.0,0.0,0.0,0.0,0.0
"[0, 0, 0, 0, 0, 0, 0, 0, 0, 0, 0, 0, 0, 0, 0, 0, 1, 0, 0, 0, 1, 1, 0]",-0.8,0.0,0.0,0.0,0.0,0.0,0.0,0.0,0.0,0.0
"[0, 0, 0, 0, 0, 0, 0, 0, 1, 0, 1, 0, 0, 1, 0, 0, 1, 0, 0, 0, 0, 1, 1]",-0.8,7.2356649372470505,0.0,0.0,0.0,0.0,0.0,0.0,-12.656378649649525,0.0
"[0, 0, 0, 0, 0, 0, 0, 0, 0, 0, 1, 0, 0, 0, 0, 0, 1, 0, 0, 0, 0, 1, 0]",-0.8,-0.8,380.90259802149103,0.0,0.0,0.0,0.0,0.0,-507.43457866884614,0.0
"[0, 0, 0, 1, 0, 0, 0, 0, 0, 0, 0, 1, 0, 0, 1, 0, 0, 1, 0, 0, 0, 1, 1]",-0.8,0.96,0.0,0.0,0.0,0.0,0.0,0.0,0.0,0.0
"[0, 0, 0, 0, 1, 0, 0, 0, 0, 1, 0, 0, 1, 0, 0, 1, 0, 0, 0, 0, 0, 1, 1]",-0.8,-716.6999893301271,6.632196308227278,0.0,0.0,0.0,0.0,0.0,0.0,0.0
"[0, 0, 0, 0, 1, 0, 0, 0, 0, 1, 1, 1, 0, 0, 1, 0, 0, 0, 0, 0, 0, 0, 1]",-0.8,-797.9508406765607,-0.8,-0.8,-0.8,0.0,0.0,0.0,0.0,-0.96
"[0, 0, 0, 0, 0, 0, 0, 0, 0, 1, 1, 1, 0, 1, 0, 0, 0, 0, 0, 0, 0, 0, 1]",-0.8,-158.13904549752567,-0.8,-800.8,-793.397641800021,-772.4533105349842,0.2969675903661809,-794.9285442734122,-0.8,-0.8
"[0, 0, 1, 0, 0, 1, 0, 0, 0, 1, 1, 1, 0, 0, 0, 0, 0, 0, 0, 0, 0, 0, 1]",-800.8,-800.8,-1.4720000000000002,-1.6064,3.4547375032034093,-799.6091350100266,-1.7177929103587184,-1.4720000000000002,-160.8726837803174,-800.8
"[1, 0, 0, 0, 0, 0, 1, 0, 0, 0, 1, 0, 0, 0, 0, 0, 1, 0, 0, 0, 0, 1, 1]",-0.8,24.183350677003638,0.0,0.0,0.0,0.0,0.0,0.0,0.0,0.0
"[0, 0, 0, 0, 0, 0, 0, 0, 0, 1, 1, 0, 1, 1, 0, 0, 0, 0, 0, 0, 0, 0, 0]",-0.8,-800.8,0.0,0.0,0.0,0.0,0.0,0.0,0.0,0.0
"[0, 0, 0, 0, 0, 0, 0, 0, 0, 1, 0, 0, 0, 0, 0, 1, 0, 0, 0, 0, 0, 1, 0]",-0.8,-0.8,-796.514715738083,-0.8,-797.7383962373408,0.0,0.0,-0.8,0.0,0.0
"[0, 1, 0, 0, 1, 0, 0, 0, 0, 1, 1, 1, 0, 0, 0, 0, 0, 0, 0, 0, 0, 1, 1]",-0.8,15.508450135039883,0.0,0.0,0.0,0.0,0.0,0.0,0.0,0.0
"[0, 0, 1, 0, 0, 1, 0, 0, 0, 1, 1, 1, 0, 1, 0, 0, 0, 0, 0, 0, 1, 0, 1]",0.0,0.0,0.0,0.0,0.0,0.0,0.0,0.0,0.0,0.0
"[0, 0, 0, 0, 0, 0, 0, 0, 0, 1, 0, 1, 1, 0, 1, 1, 0, 1, 0, 0, 0, 1, 1]",-0.8,0.0,0.0,0.0,0.0,0.0,0.0,0.0,0.0,0.0
"[0, 0, 1, 0, 0, 1, 0, 0, 0, 1, 1, 0, 0, 0, 0, 0, 0, 0, 0, 0, 0, 0, 1]",-0.8,-800.8,0.0,-0.43686958302256035,-17.453311877001884,0.0,0.0,0.0,0.0,0.0
"[0, 0, 0, 0, 0, 0, 0, 0, 0, 0, 0, 0, 1, 0, 0, 0, 0, 0, 0, 0, 0, 0, 1]",-0.8,8.849070038198093,22.766160884998012,0.0,0.0,0.0,0.0,2.7801008039559516,0.0,0.0
"[0, 0, 1, 0, 0, 1, 0, 0, 0, 0, 1, 0, 0, 0, 0, 0, 0, 0, 0, 0, 0, 0, 1]",-800.8,-0.8,-0.8,-0.8,-0.6694179206539483,-800.1729689256753,12.620577288185679,-0.8,-800.8,-0.8
"[0, 1, 0, 0, 1, 0, 0, 0, 0, 0, 1, 0, 0, 1, 0, 0, 0, 0, 0, 0, 0, 0, 1]",-0.8,3.6486652363121648,0.0,0.0,-799.6777125990689,0.0,0.0,0.0,0.0,0.995058859455954
"[0, 0, 0, 0, 0, 0, 0, 0, 0, 1, 1, 1, 0, 1, 0, 0, 1, 0, 0, 0, 1, 1, 1]",0.0,0.0,0.0,0.0,0.0,0.0,0.0,0.0,0.0,0.0
"[0, 0, 1, 0, 0, 0, 0, 0, 0, 0, 0, 0, 0, 0, 0, 0, 0, 0, 0, 0, 0, 0, 1]",-0.8,-0.8,-0.6793208791315178,-0.8365261175564571,-0.350915748195322,-0.3218151308198034,-12.579419306646521,13.064759366245159,0.0,-0.6885798250158391
"[0, 0, 0, 0, 0, 1, 0, 0, 1, 1, 1, 1, 0, 1, 0, 0, 1, 0, 0, 0, 0, 1, 1]",-0.8,0.8,0.0,0.0,0.0,0.0,0.0,0.0,0.0,0.0
"[0, 0, 0, 1, 0, 0, 1, 0, 0, 1, 1, 1, 0, 0, 0, 0, 0, 0, 0, 0, 0, 1, 1]",-0.8,-799.2,-0.8,0.8,0.0,0.0,0.0,0.0,0.0,0.0
"[0, 0, 0, 0, 1, 0, 0, 1, 0, 1, 1, 1, 0, 0, 0, 0, 0, 0, 0, 0, 0, 1, 1]",0.0,0.0,0.0,0.0,0.0,0.0,0.0,0.0,0.0,0.0
"[0, 1, 0, 0, 0, 0, 0, 0, 0, 0, 0, 0, 1, 1, 0, 0, 0, 0, 0, 0, 0, 0, 1]",-0.8,0.0,0.0,0.0,0.0,35.18644047911376,0.0,0.0,0.0,0.0
"[0, 0, 0, 0, 1, 0, 0, 1, 0, 1, 1, 0, 0, 1, 0, 0, 0, 0, 0, 0, 0, 1, 1]",-0.8,0.0,0.0,0.0,0.0,0.0,0.0,0.0,0.0,0.0
"[0, 0, 0, 0, 1, 0, 0, 1, 0, 0, 0, 0, 0, 1, 0, 0, 0, 0, 0, 0, 1, 1, 1]",-0.8,3.9852210593022943,0.0,5.641699585488849,0.0,0.0,0.0,0.0,0.0,0.0
"[0, 0, 0, 0, 0, 0, 0, 0, 0, 1, 1, 0, 0, 0, 0, 0, 0, 0, 0, 0, 0, 0, 1]",-0.8,-799.2,-0.8,-0.8,-1.3120000000000003,-0.0046120429980117455,-1.4113322141091211,9.109400605017266,0.0,0.0
"[0, 0, 0, 1, 0, 0, 0, 0, 0, 0, 0, 0, 1, 1, 0, 0, 0, 0, 0, 0, 0, 1, 1]",-0.8,0.8,0.0,0.0,0.0,0.0,0.0,0.0,0.0,0.0
"[0, 0, 0, 0, 1, 0, 0, 0, 0, 0, 0, 0, 0, 1, 0, 0, 0, 0, 0, 0, 0, 1, 1]",-0.8,0.0,0.0,0.0,0.0,0.0,0.0,0.0,0.0,0.0
"[0, 0, 0, 0, 1, 0, 0, 0, 0, 0, 0, 0, 0, 1, 0, 0, 0, 0, 0, 0, 1, 1, 1]",-0.8,4.1338275319293585,0.0,0.0,0.0,0.0,0.0,0.0,0.0,0.0
"[0, 0, 0, 0, 0, 0, 0, 0, 0, 0, 0, 0, 1, 0, 0, 0, 0, 0, 0, 0, 1, 1, 0]",-0.8,-0.8,0.0,0.0,0.0,0.0,0.0,0.0,0.0,0.0
"[0, 1, 0, 0, 0, 0, 0, 1, 0, 0, 0, 1, 0, 0, 1, 1, 1, 1, 0, 0, 0, 1, 1]",-0.8,-798.6558417962962,0.0,0.0,0.0,0.0,0.0,0.0,0.0,0.0
"[0, 0, 0, 0, 0, 0, 0, 0, 0, 0, 0, 0, 0, 1, 0, 0, 0, 0, 0, 0, 1, 1, 1]",-0.8,5.554332407294105,0.0,0.0,0.0,0.0,0.0,0.0,0.0,0.0
"[0, 0, 1, 0, 0, 1, 0, 0, 0, 0, 1, 0, 0, 0, 0, 0, 0, 0, 0, 0, 1, 0, 1]",-0.8,-0.8,0.0,0.0,0.0,0.0,0.0,0.0,0.0,0.0
"[0, 0, 0, 0, 0, 0, 0, 0, 0, 0, 0, 0, 0, 0, 0, 1, 1, 0, 0, 0, 1, 1, 1]",-0.8,1.7999999999999998,0.0,0.0,0.0,0.0,0.0,0.0,-800.8,0.0
"[0, 1, 0, 0, 1, 0, 0, 0, 0, 1, 0, 0, 1, 0, 0, 1, 0, 0, 0, 0, 0, 1, 1]",-0.8,22.66778039327337,0.0,0.0,0.0,0.0,0.0,0.0,0.0,0.0
"[0, 1, 0, 0, 1, 0, 0, 0, 0, 0, 0, 1, 0, 0, 1, 0, 0, 1, 0, 0, 0, 1, 1]",-0.8,-16.032803857488524,5.313217504531004,0.0,0.0,0.0,0.0,0.0,0.0,0.0
"[0, 0, 0, 0, 0, 0, 0, 1, 0, 0, 0, 0, 1, 1, 1, 0, 0, 0, 0, 0, 0, 1, 1]",-0.8,1.8341201801344686,0.0,0.0,0.0,0.0,-15.561292624278568,0.0,0.0,0.0
"[0, 0, 1, 0, 0, 1, 0, 0, 1, 1, 1, 1, 0, 1, 0, 1, 1, 1, 0, 0, 0, 1, 1]",-0.8,0.0,0.0,0.0,0.0,0.0,0.0,0.0,0.0,0.0
"[0, 0, 0, 0, 1, 0, 0, 1, 0, 0, 0, 0, 0, 1, 0, 0, 0, 0, 0, 0, 0, 1, 1]",-0.8,3.055800373093771,0.0,0.0,0.0,0.0,0.0,0.0,0.0,0.0
"[0, 1, 0, 0, 0, 0, 0, 0, 0, 0, 0, 1, 0, 0, 1, 0, 0, 1, 0, 0, 0, 1, 1]",-0.8,10.254480188068095,0.0,0.0,0.0,0.0,0.0,0.0,0.0,0.0
"[0, 0, 0, 0, 1, 0, 0, 0, 0, 1, 1, 1, 0, 0, 1, 0, 0, 1, 0, 0, 0, 1, 1]",-0.8,-17.098055993916038,0.0,0.0,0.0,0.0,0.0,0.0,0.0,0.0
"[1, 0, 0, 0, 0, 0, 1, 0, 0, 1, 1, 1, 0, 0, 0, 0, 0, 0, 0, 0, 0, 1, 1]",-0.8,4.497846369508118,0.0,-791.8343535702209,0.0,0.0,0.0,0.0,0.4321760005525732,0.0
"[0, 1, 0, 0, 1, 0, 0, 1, 0, 0, 0, 0, 1, 1, 0, 0, 0, 0, 0, 0, 0, 1, 1]",-0.8,6.6955287724127635,0.0,0.0,0.0,0.0,0.0,0.0,0.0,0.0
"[0, 0, 1, 0, 0, 0, 0, 0, 1, 0, 0, 0, 0, 0, 0, 0, 1, 0, 0, 0, 0, 1, 1]",-0.33238951960949814,0.0,0.0,0.0,0.0,0.0,0.0,0.0,0.0,0.0
"[0, 0, 0, 0, 1, 0, 0, 0, 0, 0, 0, 0, 1, 1, 0, 0, 0, 0, 0, 0, 0, 0, 1]",-0.8,115.50965096337802,0.0,0.0,0.0,0.0,0.0,0.0,0.0,0.0
"[0, 0, 0, 0, 1, 0, 0, 1, 0, 0, 0, 0, 0, 0, 0, 1, 1, 1, 0, 0, 0, 1, 1]",-0.8,71.41409042112753,0.0,0.23509241694411287,0.0,0.0,0.0,0.0,0.0,0.0
"[0, 0, 0, 0, 0, 0, 0, 0, 0, 1, 0, 0, 1, 0, 0, 1, 0, 1, 0, 0, 0, 1, 1]",-0.8,28.053651487033573,0.0,0.0,0.0,0.0,0.0,0.0,0.0,0.0
"[0, 1, 0, 0, 1, 0, 0, 0, 0, 0, 0, 1, 0, 0, 0, 0, 0, 1, 0, 0, 1, 1, 1]",-0.8,0.0,0.0,0.0,0.0,-0.8,0.0,0.0,0.0,0.0
"[0, 1, 0, 0, 0, 0, 0, 1, 0, 0, 1, 0, 1, 1, 1, 0, 1, 0, 0, 0, 0, 1, 1]",-0.8,2.626389574533636,0.0,0.0,0.0,0.0,0.0,0.0,0.0,0.0
"[0, 0, 0, 0, 0, 1, 0, 0, 0, 0, 0, 0, 1, 1, 1, 0, 0, 0, 0, 0, 1, 1, 1]",0.0,0.0,0.0,0.0,0.0,0.0,0.0,0.0,0.0,0.8
"[0, 0, 0, 0, 0, 1, 0, 0, 0, 0, 0, 0, 1, 1, 1, 0, 0, 0, 0, 0, 0, 1, 1]",-0.8,6.08217083206355,0.0,0.0,0.0,0.0,0.0,0.0,0.0,0.0
"[0, 0, 0, 1, 0, 0, 0, 0, 0, 0, 1, 0, 1, 1, 1, 0, 0, 0, 0, 0, 0, 0, 1]",-0.8,2.235223825065546,0.0,0.0,0.0,0.0,0.0,0.0,0.0,0.0
"[0, 0, 0, 0, 1, 0, 0, 0, 0, 0, 0, 0, 1, 1, 1, 0, 0, 0, 0, 0, 0, 0, 1]",-0.8,1.3243360379110167,0.0,0.0,0.0,0.0,0.0,0.0,0.0,0.0
"[0, 0, 0, 1, 0, 0, 0, 0, 0, 0, 1, 0, 1, 1, 1, 0, 1, 0, 0, 0, 0, 1, 1]",-0.8,3.696914488673853,0.0,0.0,0.0,0.0,0.0,0.0,0.0,0.0
"[0, 0, 0, 0, 1, 0, 0, 0, 0, 0, 0, 0, 1, 1, 1, 0, 0, 0, 0, 0, 0, 1, 1]",-0.8,3.3466277713048824,0.0,0.0,0.0,0.0,0.0,0.0,0.0,1.0222196314153738
"[0, 0, 1, 0, 0, 0, 0, 0, 1, 0, 0, 0, 1, 1, 0, 0, 0, 0, 0, 0, 0, 1, 1]",-0.8,8.743605123738062,0.0,0.0,0.0,0.0,2.2381833343697877,0.0,0.0,0.0
"[0, 0, 1, 0, 0, 1, 0, 0, 1, 1, 0, 0, 1, 1, 1, 1, 0, 0, 0, 0, 1, 1, 1]",0.0,0.0,0.0,0.0,0.0,0.0,0.0,0.0,0.0,0.0
"[0, 0, 0, 0, 0, 0, 0, 0, 1, 0, 0, 0, 1, 1, 0, 0, 0, 0, 0, 0, 0, 1, 1]",-0.8,3.1990705761211293,0.0,0.0,0.0,0.0,0.0,0.0,0.0,-0.8
"[0, 0, 0, 0, 0, 0, 1, 0, 0, 0, 0, 0, 0, 1, 0, 0, 0, 0, 0, 0, 0, 1, 1]",3.918785805049369,0.0,0.0,0.0,0.0,0.0,0.0,0.0,0.0,0.0
"[0, 0, 0, 0, 0, 0, 0, 0, 0, 1, 0, 1, 0, 0, 0, 0, 0, 0, 0, 0, 0, 1, 1]",-0.8,-462.6816136783074,17.102448875323212,0.0,0.0,0.0,0.0,0.0,0.0,0.0
"[0, 0, 0, 0, 0, 0, 1, 0, 0, 1, 1, 1, 1, 0, 0, 1, 0, 0, 0, 0, 0, 1, 1]",-0.8,0.96,0.0,0.0,0.0,0.0,0.0,0.0,0.0,0.0
"[0, 0, 0, 0, 0, 0, 0, 1, 0, 1, 1, 1, 0, 1, 0, 0, 1, 0, 0, 0, 0, 1, 1]",-0.8,-799.01568,0.0,1.9662300710144398,0.0,0.0,0.0,0.0,0.0,0.0
"[0, 1, 0, 0, 1, 0, 0, 0, 0, 0, 0, 0, 1, 1, 1, 0, 0, 0, 0, 0, 0, 1, 1]",-0.8,6.0720755520712775,0.0,0.0,0.17185970682899523,0.0,0.0,0.0,0.0,0.0
"[0, 0, 0, 0, 1, 0, 0, 0, 0, 1, 1, 1, 0, 0, 0, 0, 0, 0, 0, 0, 0, 1, 1]",-0.8,3.5998672211755562,0.0,0.0,0.0,0.0,0.0,0.0,0.0,0.0
"[0, 0, 0, 0, 0, 0, 0, 0, 0, 0, 1, 1, 0, 1, 1, 0, 1, 1, 0, 0, 0, 1, 1]",158.07444986487627,0.0,0.0,0.0,0.0,0.0,0.0,0.0,0.0,0.0
"[0, 0, 0, 0, 0, 0, 0, 0, 0, 1, 0, 0, 1, 1, 0, 0, 0, 0, 0, 0, 0, 0, 0]",89.8684102123248,1131.3260440780803,0.0,0.0,1.1832659777746588,0.0,0.0,0.0,0.0,0.0
"[0, 0, 1, 0, 0, 0, 0, 0, 1, 1, 0, 0, 0, 0, 0, 1, 1, 1, 0, 0, 0, 1, 1]",-800.8,-0.592590791374376,-799.3081264923857,1.250074016075086,-0.48287440301394957,-0.8,-0.8,2.9155624520927117,-1.804294512140709,0.0
"[0, 0, 0, 0, 0, 0, 0, 0, 0, 0, 0, 0, 0, 0, 1, 0, 0, 0, 0, 0, 0, 0, 1]",-0.8,3.912733371359689,0.0,0.0,0.0,0.0,0.0,0.0,0.0,0.0
"[0, 1, 0, 0, 1, 0, 0, 0, 0, 1, 1, 1, 0, 0, 0, 0, 0, 0, 0, 0, 0, 0, 1]",-0.8,-1.4557108910161927,-0.8,-0.96,-800.8,-1.9041085560756223,0.0,0.0,0.0,0.0
"[0, 0, 0, 0, 0, 0, 0, 0, 0, 0, 0, 0, 1, 0, 0, 0, 0, 0, 0, 0, 1, 1, 1]",-0.8,0.0,0.0,0.0,0.0,0.0,0.0,0.0,0.0,17.523416210262862
"[0, 0, 1, 0, 0, 1, 0, 0, 0, 0, 0, 1, 0, 0, 1, 0, 0, 1, 0, 0, 0, 1, 1]",-0.8,-0.8,0.992,0.0,0.0,0.0,0.0,0.0,0.0,0.0
"[0, 0, 0, 0, 0, 1, 0, 0, 0, 0, 0, 1, 0, 0, 1, 0, 0, 0, 0, 0, 0, 1, 1]",-800.8,0.0,0.0,0.0,0.0,0.0,0.0,0.0,0.0,0.0
"[0, 0, 1, 0, 0, 1, 0, 0, 1, 0, 0, 1, 0, 0, 1, 0, 0, 1, 0, 0, 0, 1, 1]",0.0,0.0,0.0,0.0,0.0,0.0,0.0,0.0,5.513882439514104,0.0
"[0, 0, 0, 0, 0, 0, 0, 0, 0, 0, 0, 1, 1, 1, 1, 0, 0, 0, 0, 0, 1, 0, 1]",-0.8,-799.008,-0.8,-0.8,-0.30800226031324673,-0.8,-800.96,-799.2,-0.8,-0.17748384429512132
"[0, 0, 0, 0, 0, 1, 0, 0, 0, 0, 0, 0, 0, 0, 0, 1, 1, 1, 0, 0, 0, 1, 1]",-0.8,2.752337746592825,0.0,0.0,0.0,0.0,0.0,0.0,0.0,0.14208000000000018
"[0, 0, 0, 1, 0, 0, 0, 0, 0, 0, 0, 0, 0, 0, 0, 1, 1, 1, 0, 0, 0, 1, 1]",-0.8,1.1911754425978898,0.0,0.0,0.0,0.0,0.0,0.0,0.0,0.0
"[0, 1, 0, 0, 1, 0, 0, 0, 0, 1, 1, 1, 0, 0, 1, 0, 0, 0, 0, 0, 0, 0, 1]",-0.8,-798.044264010185,0.0,0.0,0.0,-0.8,0.0,0.0,0.0,0.0
"[0, 1, 0, 0, 1, 0, 0, 1, 0, 1, 0, 0, 1, 0, 0, 1, 1, 1, 0, 0, 0, 1, 1]",-0.8,-800.9971632848619,0.0,0.0,0.0,0.0,0.0,0.0,0.0,0.0
"[0, 0, 0, 0, 0, 0, 0, 0, 0, 1, 1, 0, 0, 0, 0, 0, 0, 0, 0, 0, 0, 0, 0]",-800.8,-0.8,-0.8,-0.8,96.90376685360395,0.0,0.0,0.0,0.0,0.0
"[0, 0, 1, 0, 0, 1, 0, 0, 1, 1, 1, 1, 1, 0, 0, 1, 1, 1, 0, 0, 0, 1, 1]",-0.8,0.0,0.0,0.0,0.0,0.0,0.0,0.0,0.0,0.0
"[0, 0, 0, 1, 0, 0, 0, 0, 0, 1, 1, 1, 0, 0, 0, 0, 0, 0, 0, 0, 0, 0, 1]",-800.8,-799.2,0.0,0.0,0.0,0.0,0.0,0.0,0.0,-0.8
"[0, 0, 0, 0, 0, 0, 0, 0, 0, 0, 1, 0, 0, 1, 0, 1, 1, 1, 0, 0, 1, 1, 1]",-0.8,-798.0200976557543,-799.2,-799.2,-800.095875072,44.990947772699116,0.0,0.0,0.0,0.0
"[0, 0, 1, 0, 0, 0, 0, 0, 1, 0, 1, 0, 0, 1, 0, 0, 1, 0, 0, 0, 1, 1, 1]",-0.8,-0.8,0.0,-0.8,0.0,0.0,0.0,0.0,0.0,0.0
"[0, 0, 0, 0, 0, 1, 0, 0, 0, 0, 0, 0, 1, 0, 0, 0, 0, 0, 0, 0, 0, 0, 1]",-0.8,0.8,0.0,0.0,0.0,0.0,0.0,0.0,0.0,0.0
"[0, 0, 0, 1, 0, 0, 0, 0, 0, 0, 0, 0, 0, 1, 0, 0, 0, 0, 0, 0, 0, 0, 1]",-0.8,4.462042512229043,0.0,0.0,0.0,0.0,0.0,0.0,0.0,0.0
"[0, 0, 0, 1, 0, 0, 0, 0, 0, 0, 0, 0, 0, 1, 0, 0, 0, 0, 0, 0, 1, 0, 1]",-0.8,0.0,0.0,0.0,0.0,0.0,0.0,0.0,0.0,0.0
"[0, 0, 0, 1, 0, 0, 0, 0, 0, 0, 0, 0, 1, 1, 1, 0, 0, 0, 0, 0, 0, 0, 1]",-0.8,0.8,0.0,0.0,0.0,0.0,0.0,0.0,0.0,0.0
"[0, 0, 0, 0, 1, 0, 0, 0, 0, 0, 0, 1, 1, 1, 1, 0, 0, 0, 0, 0, 0, 0, 1]",-0.8,-799.5681480387725,0.0,0.0,0.0,0.0,0.0,0.0,0.0,0.0
"[0, 0, 1, 0, 0, 0, 0, 0, 1, 1, 0, 0, 0, 0, 0, 1, 1, 1, 0, 0, 1, 1, 1]",0.0,0.0,0.0,0.0,0.0,0.0,0.0,0.0,0.0,0.0
"[0, 0, 1, 0, 0, 1, 0, 0, 1, 1, 1, 0, 1, 1, 0, 1, 1, 0, 0, 0, 0, 1, 1]",5.919513793423786,0.0,0.0,0.0,0.0,0.0,0.0,0.0,0.0,0.0
"[0, 0, 0, 0, 1, 0, 0, 0, 0, 0, 1, 0, 0, 1, 0, 0, 0, 0, 0, 0, 0, 1, 1]",-0.8,-795.2914998421835,0.0,0.0,0.0,0.0,0.0,0.0,0.0,0.0
"[0, 1, 0, 0, 1, 0, 0, 1, 0, 1, 1, 1, 0, 0, 1, 0, 0, 1, 0, 0, 0, 1, 1]",-0.8,0.2879999999999999,0.0,0.0,0.0,0.0,0.0,0.0,0.0,0.0
"[0, 0, 0, 0, 0, 0, 0, 0, 0, 0, 1, 0, 1, 1, 0, 0, 0, 0, 0, 0, 0, 0, 0]",0.0,0.0,0.0,0.0,0.0,0.0,-1.0645243695145516,0.0,0.0,0.0
"[0, 0, 1, 0, 0, 1, 0, 0, 0, 0, 0, 0, 0, 0, 0, 0, 1, 0, 0, 0, 0, 1, 1]",-0.8,2.753780903414527,0.0,0.0,0.0,0.0,0.0,0.0,0.0,0.0
"[0, 0, 0, 0, 0, 0, 0, 0, 0, 1, 0, 1, 1, 0, 0, 1, 0, 0, 0, 0, 0, 1, 1]",0.0,0.0,0.8,0.0,0.0,0.0,0.0,-0.15921119716587473,0.0,0.0
"[0, 0, 0, 0, 0, 0, 0, 0, 0, 1, 0, 0, 1, 0, 1, 0, 0, 0, 0, 0, 0, 0, 1]",-800.8,0.0,0.0,0.0,0.0,0.0,1.654608373286563,0.0,0.0,0.0
"[0, 1, 0, 0, 1, 0, 0, 0, 0, 0, 0, 1, 0, 0, 1, 0, 0, 0, 0, 0, 0, 0, 1]",-0.8,2.234283277226931,0.0,0.0,0.0,0.0,0.0,0.0,0.0,0.0
"[0, 0, 0, 0, 1, 0, 0, 0, 0, 1, 0, 0, 1, 0, 0, 1, 0, 0, 0, 0, 1, 1, 1]",-0.8,39.544293233195226,0.0,0.0,0.0,0.0,0.0,0.0,0.0,0.0
"[0, 1, 0, 0, 1, 0, 0, 0, 0, 0, 0, 0, 0, 1, 0, 0, 0, 0, 0, 0, 1, 1, 1]",-0.8,2.7681978420112636,0.0,0.0,0.0,0.0,0.0,0.0,0.0,0.0
"[0, 1, 0, 0, 0, 0, 0, 0, 0, 0, 0, 0, 0, 0, 0, 0, 0, 0, 0, 0, 1, 1, 1]",-0.5938987507210957,0.0,0.0,0.0,-0.5938987507210957,0.0,0.001921921862691356,0.0,3.66352378419074,0.0
"[0, 0, 0, 1, 0, 0, 0, 0, 0, 1, 0, 0, 1, 0, 0, 1, 1, 1, 0, 0, 0, 1, 1]",-800.8,0.0,0.0,0.0,0.0,0.0,0.0,0.0,0.0,0.0
"[0, 0, 1, 0, 0, 0, 0, 0, 1, 0, 1, 0, 1, 1, 1, 0, 1, 0, 0, 0, 1, 1, 1]",-0.8,-0.8,0.0,0.0,0.0,0.0,0.0,0.0,0.0,0.0
"[0, 1, 0, 0, 1, 0, 0, 1, 0, 1, 0, 0, 1, 0, 0, 0, 0, 0, 0, 0, 0, 1, 1]",-0.8,7.866147904355831,0.0,0.0,0.0,0.0,0.0,0.0,0.0,0.0
"[0, 1, 0, 0, 1, 0, 0, 1, 0, 1, 1, 1, 0, 0, 0, 0, 0, 0, 0, 0, 1, 1, 1]",0.0,0.0,0.0,0.0,0.0,0.0,0.0,0.0,0.0,0.0
"[0, 0, 0, 1, 0, 0, 0, 0, 0, 0, 0, 1, 0, 0, 1, 1, 1, 1, 0, 0, 0, 1, 1]",-0.8,0.992,0.0,0.0,0.0,0.0,0.0,0.0,0.0,0.0
"[0, 0, 0, 0, 1, 0, 0, 0, 0, 1, 0, 0, 1, 0, 0, 1, 1, 1, 0, 0, 0, 1, 1]",-0.8,-797.7391739550307,-19.775722169861183,97.36216920261316,0.0,0.0,0.0,0.0,0.0,0.0
"[0, 1, 0, 0, 0, 0, 0, 0, 0, 0, 0, 0, 0, 0, 0, 0, 0, 0, 0, 0, 1, 0, 1]",0.0,0.0,1.0448436972446484,0.0,0.0,0.0,2.6609087506082942,0.0,0.0,0.0
"[0, 1, 0, 0, 1, 0, 0, 1, 0, 0, 0, 1, 0, 0, 1, 1, 1, 1, 0, 0, 1, 1, 1]",-0.8,0.8,0.0,0.0,0.0,0.0,0.0,0.0,0.0,0.0
"[0, 0, 0, 0, 0, 0, 0, 0, 0, 1, 0, 0, 1, 0, 0, 1, 1, 0, 0, 0, 1, 1, 1]",0.0,0.0,0.0,0.0,0.0,0.0,0.0,0.0,0.0,0.0
"[0, 0, 0, 0, 0, 0, 0, 0, 0, 0, 1, 0, 0, 0, 0, 0, 1, 0, 0, 0, 1, 1, 1]",14.035059681956188,9.19435631007165,0.0,0.0,0.0,0.0,0.0,0.0,-799.6416045444812,0.0
"[0, 0, 0, 0, 0, 0, 0, 0, 0, 0, 1, 0, 0, 1, 0, 1, 1, 0, 0, 0, 1, 1, 0]",-0.8,-0.8,0.8,0.0,0.0,0.0,0.0,0.0,0.0,0.0
"[0, 0, 0, 0, 0, 0, 0, 1, 0, 1, 0, 0, 1, 0, 0, 1, 0, 0, 0, 0, 0, 1, 1]",-0.8,-776.5577310378866,0.8,0.0,0.0,0.0,-797.8818842298089,0.0,0.0,0.0
"[0, 0, 0, 0, 0, 0, 0, 1, 0, 0, 1, 0, 1, 1, 1, 0, 1, 0, 0, 0, 0, 1, 1]",-0.8,5.088437992426488,0.0,0.0,0.0,0.0,0.0,0.0,0.0,0.0
"[0, 0, 0, 0, 0, 0, 0, 0, 0, 1, 1, 1, 0, 0, 0, 0, 1, 0, 0, 0, 1, 1, 1]",-0.8,0.0,0.0,0.0,0.0,-0.8,0.0,0.0,0.0,0.0
"[0, 0, 0, 0, 0, 0, 0, 0, 0, 0, 1, 0, 0, 0, 0, 1, 1, 0, 0, 0, 0, 1, 0]",-0.8,-0.8,2.1133795288322728,0.0,0.0,0.0,0.0,0.0,0.0,0.0
"[0, 0, 0, 0, 0, 0, 0, 0, 0, 0, 0, 0, 0, 0, 0, 1, 0, 0, 0, 0, 0, 1, 0]",-0.8,-0.8,4.841094875639766,0.0,0.0,-1.931734082336351,0.0,0.0,0.0,0.0
"[0, 0, 1, 0, 0, 1, 0, 0, 1, 1, 1, 0, 1, 1, 0, 1, 1, 1, 0, 0, 0, 1, 1]",1.9592950308270176,0.0,0.0,0.0,0.0,0.0,0.0,0.0,0.0,0.0
"[0, 0, 0, 0, 0, 0, 0, 0, 0, 1, 1, 0, 0, 1, 0, 0, 1, 0, 0, 0, 1, 1, 0]",0.0,0.0,0.0,0.0,0.0,0.0,0.0,0.0,0.0,0.0
"[0, 1, 0, 0, 0, 0, 0, 1, 0, 0, 0, 0, 0, 0, 0, 0, 1, 0, 0, 0, 0, 1, 1]",-0.8,3.1358524499521114,0.0,0.0,0.0,0.0,0.0,0.0,0.0,0.0
"[0, 1, 0, 0, 0, 0, 0, 0, 0, 0, 0, 0, 0, 0, 0, 0, 0, 0, 0, 0, 0, 1, 1]",1.5580113096783395,8.523919666486217,1.3895608851314387,0.0,0.0,0.0,-0.8,0.0,0.0,0.0
"[0, 1, 0, 0, 1, 0, 0, 0, 0, 1, 1, 1, 0, 0, 1, 0, 0, 1, 0, 0, 0, 1, 1]",-0.8,-99.51861084930593,-799.2,-9.432518847209625,0.0,0.0,0.0,0.0,0.0,0.0
"[0, 0, 0, 0, 1, 0, 0, 0, 0, 0, 0, 1, 1, 1, 1, 0, 0, 1, 0, 0, 0, 1, 1]",0.0,0.0,0.0,0.0,0.0,0.0,0.0,0.0,0.0,0.0
"[0, 0, 0, 0, 0, 1, 0, 0, 0, 0, 0, 1, 0, 0, 1, 1, 1, 1, 0, 0, 0, 1, 1]",-0.8,-799.2,0.0,0.0,0.0,0.0,0.0,0.0,0.0,0.0
"[0, 1, 0, 0, 1, 0, 0, 0, 0, 1, 0, 0, 1, 1, 1, 1, 0, 0, 0, 0, 0, 1, 1]",-0.8,12.200811578392878,0.0,0.0,0.0,0.0,0.0,0.0,0.0,0.0
"[0, 0, 0, 0, 0, 0, 0, 0, 1, 0, 0, 0, 1, 1, 1, 0, 0, 0, 0, 0, 0, 1, 1]",-0.8,0.8,0.0,0.0,0.0,0.0,0.0,0.0,0.0,0.0
"[0, 0, 0, 0, 0, 0, 1, 0, 0, 0, 0, 0, 1, 1, 1, 0, 0, 0, 0, 0, 1, 1, 1]",-0.8,0.8,0.0,0.0,0.0,0.0,0.0,0.0,0.0,0.0
"[0, 0, 0, 0, 0, 0, 0, 1, 0, 0, 0, 0, 1, 1, 0, 0, 0, 0, 0, 0, 1, 1, 1]",0.0,0.0,0.0,0.0,0.0,0.0,0.0,0.0,0.0,0.0
"[0, 0, 0, 0, 0, 0, 0, 0, 1, 1, 0, 0, 0, 0, 0, 1, 0, 0, 0, 0, 0, 1, 1]",-0.8,2.8916680936493684,0.0,0.0,0.0,0.0,-799.96032,0.0,0.0,0.0
"[0, 0, 0, 0, 0, 0, 1, 0, 0, 0, 1, 0, 0, 0, 0, 0, 1, 0, 0, 0, 0, 1, 1]",-0.8,6.53490197453427,0.0,0.0,0.0,0.0,0.0,0.0,0.0,0.0
"[0, 1, 0, 0, 0, 0, 0, 1, 0, 0, 0, 0, 0, 0, 0, 0, 1, 0, 0, 0, 1, 1, 1]",-0.96,0.0,0.0,0.0,0.0,0.0,0.0,0.0,0.0,0.0
"[0, 0, 1, 0, 0, 0, 0, 0, 1, 0, 0, 0, 0, 0, 0, 0, 1, 0, 0, 0, 1, 1, 1]",-0.8,-0.8,1.3120000000000003,0.0,0.0,0.0,0.0,0.0,0.0,0.0
"[0, 0, 0, 0, 0, 0, 0, 0, 1, 1, 1, 1, 0, 0, 0, 0, 0, 0, 0, 0, 0, 1, 1]",-0.8,0.8,0.0,0.0,0.0,0.0,0.0,0.0,0.0,0.0
"[0, 0, 0, 0, 0, 0, 1, 0, 0, 1, 1, 1, 0, 0, 0, 0, 0, 0, 0, 0, 0, 1, 1]",-0.8,0.0,0.0,-799.2,0.0,0.0,0.0,0.0,0.0,0.0
"[0, 1, 0, 0, 0, 0, 0, 0, 0, 0, 0, 0, 1, 1, 0, 0, 0, 0, 0, 0, 0, 1, 1]",0.0,0.0,0.0,0.0,0.0,0.0,0.0,0.0,0.0,0.0
"[0, 0, 1, 0, 0, 1, 0, 0, 1, 0, 1, 0, 0, 1, 0, 0, 0, 0, 0, 0, 0, 1, 1]",-0.8,-0.8,0.96,0.0,0.0,0.0,0.0,0.0,0.0,0.0
"[0, 1, 0, 0, 1, 0, 0, 1, 0, 0, 0, 0, 0, 0, 0, 0, 1, 0, 0, 0, 1, 1, 1]",-0.8,-774.5044494804387,-795.1170327410798,-770.4971228314228,-0.8,4.307173640220976,0.0,0.0,0.0,0.0
"[0, 1, 0, 0, 1, 0, 0, 0, 0, 1, 1, 1, 0, 1, 1, 0, 0, 1, 0, 0, 0, 1, 1]",-0.8,-510.5047348229964,0.0,0.0,0.0,0.0,0.0,0.0,0.0,0.0
"[0, 1, 0, 0, 0, 0, 0, 0, 0, 0, 0, 0, 0, 0, 0, 0, 0, 0, 0, 0, 0, 0, 1]",-0.8,60.026792767311434,0.0,0.0,0.0,0.0,0.0,0.0,0.0,0.0
"[0, 1, 0, 0, 0, 0, 0, 0, 0, 0, 0, 0, 1, 1, 1, 0, 0, 0, 0, 0, 0, 0, 1]",-0.8,0.12827712001178357,0.0,0.0,0.0,0.0,0.0,0.0,0.0,0.0
"[0, 0, 0, 0, 0, 0, 0, 0, 0, 0, 0, 0, 0, 1, 0, 0, 0, 0, 0, 0, 1, 0, 1]",-0.96,12.433883548670536,0.0,0.0,0.0,0.0,0.0,0.0,0.0,0.0
"[0, 0, 0, 0, 0, 0, 0, 0, 0, 0, 0, 1, 0, 0, 0, 1, 0, 1, 0, 0, 0, 1, 1]",-0.8,0.0,0.0,0.0,0.0,0.0,0.0,0.0,0.0,0.0
"[0, 0, 0, 0, 0, 0, 0, 0, 0, 0, 0, 1, 1, 0, 1, 0, 0, 0, 0, 0, 0, 0, 1]",-0.8,0.09005022359584762,0.0,0.0,0.0,0.0,0.0,0.0,0.0,0.0
"[0, 0, 1, 0, 0, 0, 0, 0, 0, 1, 1, 1, 1, 0, 0, 0, 0, 0, 0, 0, 0, 0, 1]",-0.8,-800.8,-0.8,-0.8,-800.2329240334208,-800.8,0.0,0.0,-0.8,0.0
"[0, 0, 0, 0, 0, 0, 1, 0, 0, 0, 0, 0, 1, 1, 1, 0, 0, 0, 0, 0, 0, 1, 1]",-0.8,6.0099845764303,0.0,0.0,0.0,0.0,0.0,0.0,0.0,0.0
"[0, 0, 0, 0, 0, 0, 0, 0, 0, 0, 0, 0, 1, 1, 0, 0, 0, 0, 0, 0, 1, 1, 0]",-0.8,0.0,0.0,0.0,0.0,0.0,0.0,0.0,6.910070592389815,0.0
"[0, 0, 0, 0, 0, 0, 0, 0, 0, 0, 0, 1, 1, 0, 1, 0, 0, 1, 0, 0, 1, 1, 1]",0.0,0.0,0.0,0.0,0.0,0.0,0.0,0.0,6.056946203870977,0.0
"[0, 0, 0, 0, 0, 0, 0, 0, 0, 0, 1, 1, 1, 1, 1, 0, 0, 0, 0, 0, 0, 0, 1]",-0.1602048,-798.3352656705332,0.0,0.0,0.0,0.0,0.0,0.0,0.0,0.0
"[0, 0, 1, 0, 0, 1, 0, 0, 0, 0, 1, 0, 0, 1, 0, 1, 1, 1, 0, 0, 0, 1, 1]",-0.8,-0.8,0.8,-799.2,0.0,0.0,0.0,0.0,0.0,0.0
"[0, 0, 0, 0, 1, 0, 0, 0, 0, 0, 0, 0, 0, 1, 0, 0, 0, 0, 0, 0, 0, 0, 1]",-0.8,3.281259086588382,0.0,0.0,0.0,0.0,0.0,0.0,0.0,0.0
"[0, 0, 1, 0, 0, 1, 0, 0, 0, 1, 1, 1, 0, 0, 0, 0, 0, 0, 0, 0, 0, 1, 1]",-0.8,-0.8,-799.2,0.0,0.0,0.0,0.0,0.0,0.0,0.0
"[0, 0, 0, 0, 0, 1, 0, 0, 0, 0, 0, 0, 1, 1, 1, 0, 0, 0, 0, 0, 0, 0, 1]",0.0,0.0,0.0,0.0,0.0,0.0,0.0,0.0,0.0,0.0
"[0, 1, 0, 0, 1, 0, 0, 1, 0, 0, 1, 0, 0, 0, 0, 0, 0, 0, 0, 0, 1, 1, 1]",-0.8,4.346676608117376,0.0,0.0,0.0,0.0,0.0,0.0,0.0,0.0
"[0, 0, 1, 0, 0, 0, 0, 0, 0, 0, 1, 0, 0, 1, 0, 0, 0, 0, 0, 0, 0, 0, 1]",-0.8,-0.8,0.0,0.0,0.0,0.0,0.0,4.030962289709159,0.0,0.0
"[0, 0, 0, 0, 0, 1, 0, 0, 0, 1, 0, 0, 1, 0, 0, 0, 0, 0, 0, 0, 0, 0, 1]",-0.8,0.8,0.0,0.0,0.0,0.0,0.0,0.0,0.0,0.0
"[0, 0, 0, 1, 0, 0, 0, 0, 0, 0, 1, 0, 0, 1, 0, 0, 0, 0, 0, 0, 0, 0, 1]",-0.8,-733.5255807008418,0.0,0.0,0.0,0.0,0.0,0.0,0.0,0.0
"[0, 0, 0, 0, 0, 1, 0, 0, 1, 1, 0, 0, 1, 0, 0, 1, 1, 1, 0, 0, 0, 1, 1]",0.0,0.0,0.0,0.0,0.0,0.0,0.0,0.0,0.0,0.0
"[0, 0, 0, 0, 0, 0, 0, 0, 0, 0, 1, 1, 1, 1, 1, 0, 1, 1, 0, 0, 0, 1, 1]",-0.019442836186631764,0.0,0.0,0.0,0.0,0.0,0.0,0.0,0.0,0.0
"[0, 0, 0, 0, 1, 0, 0, 0, 0, 0, 1, 0, 0, 1, 0, 0, 1, 0, 0, 0, 0, 1, 1]",-0.8,7.271910775624676,0.0,0.0,0.0,0.0,0.0,0.0,0.0,0.0
"[0, 0, 0, 0, 0, 0, 0, 0, 0, 1, 0, 1, 0, 0, 0, 1, 0, 0, 0, 0, 0, 1, 1]",-0.8,2.0748952013016377,0.0,0.0,0.0,0.0,0.0,0.0,0.0,0.0
"[0, 0, 0, 0, 0, 0, 0, 0, 0, 0, 0, 0, 1, 0, 1, 0, 0, 0, 0, 0, 0, 0, 1]",-0.8,1.0375188079709303,0.0,0.0,0.0,0.0,0.0,0.0,0.0,0.0
"[0, 1, 0, 0, 0, 0, 0, 1, 0, 0, 1, 0, 0, 0, 0, 0, 0, 0, 0, 0, 1, 1, 1]",-0.8,10.159567107905437,0.0,0.0,0.0,0.0,0.0,0.0,0.0,0.0
"[0, 1, 0, 0, 0, 0, 0, 1, 0, 0, 1, 0, 0, 0, 0, 1, 1, 1, 0, 0, 0, 1, 1]",0.0,0.0,0.0,0.0,4.757713346161762,0.0,0.0,0.0,0.0,0.0
"[0, 0, 0, 0, 0, 0, 0, 0, 0, 0, 1, 0, 1, 1, 0, 0, 0, 0, 0, 0, 1, 0, 0]",0.0,0.0,0.0,0.0,0.0,0.0,0.0,0.0,0.0,0.0
"[0, 0, 0, 0, 0, 0, 0, 0, 0, 1, 0, 1, 1, 1, 1, 0, 0, 0, 0, 0, 0, 0, 1]",0.0,0.0,-0.7757062144000001,0.0,0.0,0.0,0.0,0.0,0.0,0.0
"[0, 0, 0, 0, 0, 0, 0, 0, 0, 1, 1, 1, 0, 1, 1, 0, 0, 0, 0, 0, 0, 0, 1]",-0.8,0.0,0.0,0.0,0.0,0.0,0.0,0.0,0.0,0.0
"[0, 0, 0, 0, 0, 0, 0, 0, 0, 1, 1, 0, 0, 1, 0, 0, 0, 0, 0, 0, 1, 0, 1]",-0.8,0.8,0.0,0.0,0.0,0.0,0.0,0.0,0.0,0.0
"[0, 0, 0, 0, 0, 0, 0, 0, 0, 0, 1, 0, 0, 0, 0, 0, 0, 0, 0, 0, 1, 0, 0]",0.0,0.0,0.0,0.0,0.0,0.0,0.0,0.0,0.0,0.0
"[1, 0, 0, 0, 0, 0, 1, 0, 0, 0, 1, 0, 0, 0, 0, 1, 1, 1, 0, 0, 0, 1, 1]",-0.8,1.4211415620436636,0.0,0.0,0.0,0.0,0.0,0.0,0.0,0.0
"[0, 0, 0, 0, 0, 0, 0, 0, 0, 0, 0, 0, 0, 0, 0, 0, 0, 1, 0, 0, 1, 1, 1]",-0.8,0.8,0.0,0.0,0.0,0.0,0.0,0.0,0.0,0.0
"[0, 0, 0, 0, 0, 0, 0, 0, 0, 0, 0, 0, 0, 0, 0, 1, 0, 1, 0, 0, 1, 1, 1]",-0.8,2.683249156029788,0.0,0.0,0.0,0.0,0.0,0.0,0.0,0.0
"[0, 0, 1, 0, 0, 0, 0, 0, 0, 0, 0, 0, 0, 0, 0, 0, 0, 0, 0, 0, 0, 1, 1]",-0.8,-0.8,2.568511813417511,0.0,0.0,0.0,0.0,0.0,0.0,0.0
"[0, 0, 1, 0, 0, 0, 0, 0, 0, 1, 1, 0, 0, 0, 0, 0, 0, 0, 0, 0, 0, 1, 1]",-0.8,-0.8,0.8,0.0,0.0,0.0,0.0,0.0,0.0,0.0
"[0, 0, 0, 0, 0, 1, 0, 0, 1, 0, 0, 0, 1, 1, 0, 0, 0, 0, 0, 0, 0, 1, 1]",-0.8,0.8,0.0,0.0,0.0,0.0,0.0,0.0,0.0,0.0
"[0, 0, 0, 1, 0, 0, 1, 0, 0, 0, 0, 0, 0, 1, 0, 0, 0, 0, 0, 0, 1, 1, 1]",-0.8,6.052060083445437,0.0,0.0,0.0,0.0,0.0,0.0,0.0,0.0
"[0, 0, 0, 0, 0, 1, 0, 0, 0, 0, 0, 1, 0, 0, 1, 0, 0, 1, 0, 0, 0, 1, 1]",-0.8,3.23359256278568,0.0,0.0,0.0,0.0,0.0,0.0,0.0,0.0
"[0, 0, 0, 1, 0, 0, 0, 0, 0, 1, 0, 0, 1, 0, 0, 1, 0, 0, 0, 0, 0, 1, 1]",-800.8,1.5104976758705249,0.0,0.0,0.0,0.0,0.0,0.0,0.0,0.0
"[0, 0, 0, 0, 0, 0, 0, 0, 1, 0, 1, 0, 1, 1, 1, 0, 1, 0, 0, 0, 0, 1, 1]",0.0,0.0,0.0,0.0,0.0,0.0,0.0,0.0,0.0,0.0
"[0, 1, 0, 0, 0, 0, 0, 1, 0, 1, 1, 1, 0, 0, 0, 1, 0, 0, 0, 0, 0, 1, 1]",-0.8,3.2704424696156105,0.0,0.0,0.0,0.0,0.0,-156.20191925089546,0.0,0.0
"[1, 0, 0, 0, 0, 0, 0, 0, 0, 0, 0, 0, 0, 0, 0, 0, 0, 0, 0, 0, 0, 1, 1]",0.0,0.0,0.0,0.0,0.0,0.0,0.0,0.0,0.0,0.0
"[1, 0, 0, 0, 0, 0, 0, 0, 0, 0, 1, 0, 0, 0, 0, 1, 1, 1, 0, 0, 0, 1, 1]",-0.8,0.0,0.0,0.0,0.0,0.0,0.0,0.0,0.0,0.0
"[1, 0, 0, 0, 0, 0, 0, 0, 0, 0, 1, 0, 0, 0, 0, 1, 1, 1, 0, 0, 1, 1, 1]",-0.8,0.8,0.0,0.0,0.0,0.0,0.0,0.0,0.0,0.0
"[0, 1, 0, 0, 0, 0, 0, 0, 0, 0, 0, 0, 0, 0, 0, 1, 1, 1, 0, 0, 1, 1, 1]",0.0,0.0,0.0,0.0,0.0,0.0,0.0,0.0,0.0,0.0
"[1, 0, 0, 0, 0, 0, 0, 0, 0, 0, 0, 0, 0, 0, 0, 0, 0, 0, 0, 0, 1, 1, 1]",-0.8,1.0061012492789043,0.0,0.0,0.0,0.0,0.0,0.0,0.0,0.0
"[0, 1, 0, 0, 0, 0, 0, 0, 0, 0, 1, 0, 0, 0, 0, 1, 1, 1, 0, 0, 1, 1, 1]",-0.8,2.683249156029788,0.0,0.0,0.0,0.0,0.0,0.0,0.0,0.0
"[0, 0, 0, 0, 0, 0, 0, 0, 1, 1, 1, 0, 0, 0, 0, 0, 0, 0, 0, 0, 0, 1, 1]",-0.8,0.8,0.0,0.0,0.0,0.0,0.0,0.0,0.0,0.0
"[0, 0, 0, 0, 0, 0, 1, 0, 0, 0, 1, 0, 0, 0, 0, 0, 0, 0, 0, 0, 0, 1, 1]",-0.8,4.352598316007078,0.0,0.0,0.0,0.0,0.0,0.0,0.0,0.0
"[0, 0, 1, 0, 0, 1, 0, 0, 0, 0, 0, 0, 0, 0, 0, 1, 1, 1, 0, 0, 1, 1, 1]",0.0,0.0,0.0,0.0,0.0,0.0,0.0,0.0,0.0,0.0
"[0, 0, 0, 0, 1, 0, 0, 0, 0, 0, 1, 1, 0, 1, 1, 0, 1, 1, 0, 0, 0, 1, 1]",-0.8,0.0,0.0,0.0,0.0,0.0,0.0,0.0,0.0,0.0
"[0, 0, 0, 0, 1, 0, 0, 0, 0, 0, 1, 0, 0, 1, 0, 0, 1, 0, 0, 0, 1, 1, 1]",-0.8,-791.9253905918589,6.181597493309009,0.0,0.0,0.0,0.0,0.0,0.0,0.0
"[0, 0, 0, 0, 1, 0, 0, 1, 0, 0, 0, 0, 0, 0, 0, 1, 1, 0, 0, 0, 0, 1, 1]",-0.8,4.252625845464521,0.0,0.0,-0.8,0.0,0.0,0.0,0.0,0.0
"[0, 0, 0, 1, 0, 0, 1, 0, 0, 0, 0, 0, 0, 0, 0, 1, 1, 1, 0, 0, 0, 1, 1]",-0.8,3.7815369819519713,0.0,0.0,0.0,0.0,0.0,0.0,0.0,0.0
"[0, 0, 0, 0, 0, 0, 0, 0, 0, 1, 0, 0, 1, 0, 0, 0, 0, 0, 0, 0, 0, 1, 0]",-0.8,-0.8,20.587035554278987,0.0,0.0,0.0,0.0,0.0,0.0,0.0
"[0, 0, 0, 0, 0, 0, 0, 0, 0, 0, 0, 1, 0, 0, 1, 1, 0, 1, 0, 0, 1, 1, 1]",-0.8,0.0,0.0,0.0,0.0,0.0,0.0,0.0,0.0,0.0
"[0, 0, 1, 0, 0, 1, 0, 0, 0, 0, 0, 0, 0, 1, 0, 0, 0, 0, 0, 0, 1, 1, 1]",-0.8,0.0,0.0,0.0,0.0,0.0,0.0,0.0,0.0,0.0
"[0, 0, 0, 0, 0, 0, 0, 0, 0, 0, 0, 0, 1, 1, 0, 0, 0, 0, 0, 0, 0, 0, 0]",-0.8,-800.8,0.0,0.0,0.0,0.0,0.0,0.0,0.0,0.0
"[0, 0, 1, 0, 0, 1, 0, 0, 0, 1, 1, 0, 0, 0, 0, 0, 0, 0, 0, 0, 1, 0, 1]",0.0,0.0,0.0,0.0,0.0,0.0,0.0,0.0,0.0,0.0
"[0, 0, 0, 0, 0, 0, 0, 0, 0, 1, 1, 1, 0, 1, 0, 0, 0, 0, 0, 0, 1, 0, 1]",0.0,0.0,0.0,0.0,0.0,0.0,0.0,0.0,0.0,0.0
"[0, 0, 0, 0, 0, 1, 0, 0, 0, 1, 1, 1, 0, 0, 0, 0, 0, 0, 0, 0, 0, 0, 1]",-0.8,0.8,0.0,0.0,0.0,0.0,0.0,0.0,0.0,0.0
"[0, 0, 0, 0, 1, 0, 0, 0, 0, 1, 1, 0, 0, 0, 0, 0, 0, 0, 0, 0, 0, 0, 1]",0.0,0.0,0.0,0.0,0.0,0.0,0.0,0.0,0.0,0.0
"[0, 0, 0, 0, 0, 1, 0, 0, 1, 0, 1, 0, 0, 1, 0, 1, 1, 1, 0, 0, 0, 1, 1]",-0.8,1.3120000000000003,0.0,0.0,0.0,0.0,0.0,0.0,0.0,0.0
"[0, 1, 0, 0, 0, 0, 0, 1, 0, 1, 0, 0, 1, 0, 0, 1, 1, 1, 0, 0, 0, 1, 1]",-0.8,1.5991782244199453,0.0,0.0,0.0,0.0,0.0,0.0,0.0,0.0
"[0, 0, 1, 0, 0, 1, 0, 0, 0, 1, 1, 1, 1, 0, 0, 1, 0, 0, 0, 0, 0, 1, 1]",-0.8,-0.8,0.8,0.0,0.0,0.0,0.0,0.0,0.0,0.0
"[0, 0, 0, 0, 0, 1, 0, 0, 0, 1, 0, 0, 1, 1, 1, 1, 0, 0, 0, 0, 0, 1, 1]",-0.8,2.5478210041584872,0.0,0.0,0.0,0.0,0.0,0.0,0.0,0.0
"[0, 0, 0, 0, 0, 0, 0, 1, 0, 0, 0, 1, 0, 0, 1, 0, 0, 1, 0, 0, 1, 1, 1]",-0.8,0.0,0.0,0.0,0.0,0.0,0.0,0.0,0.0,0.0
"[0, 1, 0, 0, 0, 0, 0, 1, 0, 0, 0, 1, 1, 1, 1, 0, 0, 1, 0, 0, 0, 1, 1]",-0.8,0.33396536529014437,0.0,0.0,0.0,0.0,0.0,0.0,0.0,0.0
"[0, 0, 0, 0, 0, 0, 0, 1, 0, 1, 1, 1, 0, 0, 0, 0, 0, 1, 0, 0, 0, 1, 1]",0.0,0.0,0.0,0.0,0.0,0.0,0.0,0.0,0.0,0.0
"[0, 0, 0, 0, 1, 0, 0, 1, 0, 0, 0, 1, 0, 0, 0, 0, 0, 1, 0, 0, 0, 1, 1]",-0.8,4.295469340821969,0.0,0.0,0.0,0.0,0.0,0.0,0.0,0.0
"[0, 0, 0, 0, 1, 0, 0, 0, 0, 0, 0, 0, 0, 0, 0, 1, 1, 0, 0, 0, 0, 1, 1]",-0.8,0.8,0.0,0.0,0.0,0.0,0.0,0.0,0.0,0.0
"[0, 0, 0, 0, 1, 0, 0, 0, 0, 0, 0, 0, 0, 0, 0, 1, 1, 0, 0, 0, 1, 1, 1]",-0.8,0.0,0.0,0.0,0.0,0.0,0.0,0.0,0.0,0.0
"[0, 0, 0, 0, 0, 0, 0, 1, 0, 0, 0, 1, 0, 0, 1, 0, 0, 0, 0, 0, 1, 1, 1]",0.0,0.0,0.0,0.0,0.0,0.0,0.0,0.0,0.0,0.0
"[0, 0, 0, 0, 1, 0, 0, 1, 0, 0, 0, 0, 1, 1, 0, 0, 0, 0, 0, 0, 0, 1, 1]",-0.8,3.1832347584098573,0.0,0.0,0.0,0.0,0.0,0.0,0.0,0.0
"[0, 0, 0, 0, 0, 1, 0, 0, 0, 0, 1, 1, 0, 1, 1, 1, 1, 1, 0, 0, 0, 1, 1]",-0.8,0.0,0.0,0.0,0.0,0.0,0.0,0.0,0.0,0.0
"[0, 0, 0, 0, 0, 1, 0, 0, 0, 0, 1, 0, 0, 1, 0, 0, 1, 0, 0, 0, 1, 1, 1]",-0.8,5.2578205563748055,0.0,0.0,0.0,0.0,0.0,0.0,0.0,0.0
"[0, 1, 0, 0, 0, 0, 0, 1, 0, 0, 1, 0, 0, 0, 0, 0, 1, 0, 0, 0, 0, 1, 1]",-0.8,-788.4469167359468,0.0,0.0,0.0,0.0,0.0,0.0,0.0,-0.8
"[0, 1, 0, 0, 1, 0, 0, 1, 0, 1, 0, 0, 1, 0, 0, 1, 0, 0, 0, 0, 0, 1, 1]",-0.8,32.44511410207794,0.0,0.0,0.0,0.0,0.0,0.0,0.0,0.0
"[0, 0, 0, 0, 1, 0, 0, 0, 0, 0, 0, 1, 0, 0, 1, 0, 0, 0, 0, 0, 0, 1, 1]",-0.8,0.0,0.0,0.0,0.0,0.0,0.0,0.0,0.0,0.0
"[0, 0, 0, 0, 1, 0, 0, 0, 0, 0, 0, 1, 0, 0, 1, 0, 0, 0, 0, 0, 1, 1, 1]",-0.8,0.8,0.0,0.0,0.0,0.0,0.0,0.0,0.0,0.0
"[0, 1, 0, 0, 0, 0, 0, 0, 0, 0, 0, 0, 0, 0, 0, 1, 1, 1, 0, 0, 0, 1, 1]",-0.8,-1.312734942568885,0.0,0.0,0.0,0.0,0.0,0.0,0.0,0.0
"[0, 0, 0, 0, 1, 0, 0, 0, 0, 1, 1, 1, 0, 0, 0, 0, 0, 0, 0, 0, 0, 0, 1]",-0.8,-508.9578824922752,-160.95999999999992,-0.8,0.0,0.0,0.0,3.0622752643768494,0.0,0.0
"[0, 0, 0, 0, 0, 0, 0, 0, 0, 0, 0, 0, 1, 0, 0, 0, 0, 0, 0, 0, 0, 0, 0]",-0.8,-0.96,-0.8,-0.8,7.048985628715656,0.0,-766.9613764946781,0.0,0.0,0.0
"[0, 0, 1, 0, 0, 0, 0, 0, 0, 1, 1, 1, 0, 0, 0, 0, 0, 0, 0, 0, 0, 0, 1]",-0.8,-0.8,-800.8,0.0,0.0,0.0,0.0,0.0,0.0,-0.8
"[0, 0, 0, 0, 0, 0, 0, 0, 0, 1, 1, 1, 1, 0, 0, 1, 0, 0, 0, 0, 1, 1, 1]",0.0,0.0,0.0,0.0,0.0,0.0,0.0,0.0,0.0,0.0
"[0, 1, 0, 0, 1, 0, 0, 0, 0, 0, 0, 1, 0, 0, 0, 0, 0, 1, 0, 0, 0, 1, 1]",-0.8,0.0,0.0,0.0,0.0,0.0,0.0,0.0,0.0,0.0
"[0, 1, 0, 0, 1, 0, 0, 1, 0, 0, 0, 0, 0, 0, 0, 0, 0, 1, 0, 0, 1, 1, 1]",0.0,0.0,0.0,0.0,0.0,0.0,0.0,0.0,0.0,0.0
"[0, 0, 0, 0, 0, 0, 0, 0, 0, 0, 0, 0, 0, 0, 0, 0, 0, 1, 0, 0, 0, 1, 1]",-0.8,2.821479545004669,0.0,0.0,0.0,0.0,0.0,0.0,0.0,0.0
"[0, 0, 1, 0, 0, 0, 0, 0, 0, 1, 0, 0, 1, 0, 0, 0, 0, 0, 0, 0, 0, 0, 1]",-0.8,-0.8,-0.8,-800.8,0.0,0.0,0.0,0.0,0.0,0.0
"[0, 0, 0, 0, 1, 0, 0, 1, 0, 1, 1, 1, 1, 0, 0, 1, 0, 0, 0, 0, 0, 1, 1]",-0.8,2.8268286443897455,0.0,0.0,0.0,0.0,0.0,0.0,0.0,0.0
"[0, 0, 1, 0, 0, 1, 0, 0, 0, 1, 1, 0, 1, 1, 1, 0, 0, 0, 0, 0, 0, 0, 1]",-0.8,0.0,0.0,0.0,0.0,0.0,0.0,0.0,0.0,0.0
"[0, 0, 0, 0, 0, 1, 0, 0, 0, 1, 1, 1, 0, 1, 0, 0, 1, 0, 0, 0, 0, 1, 1]",0.0,0.0,0.0,0.0,-820.5631122475345,0.0,0.0,0.0,0.0,0.0
"[0, 0, 0, 0, 0, 0, 0, 0, 0, 0, 0, 0, 1, 0, 1, 0, 0, 0, 0, 0, 1, 1, 1]",0.0,0.0,0.0,0.0,0.0,-0.8,0.0,0.0,1.6300171028569956,0.0
"[0, 0, 0, 1, 0, 0, 0, 0, 0, 0, 0, 0, 0, 1, 0, 0, 0, 0, 0, 0, 0, 1, 1]",-0.8,11.172665739790478,0.0,0.0,0.0,0.0,0.0,0.0,0.0,0.0
"[0, 0, 0, 0, 0, 0, 0, 0, 0, 1, 0, 1, 0, 0, 0, 0, 0, 0, 0, 0, 1, 1, 1]",0.0,0.0,0.0,0.0,0.0,0.0,0.0,0.0,0.0,0.0
"[0, 1, 0, 0, 0, 0, 0, 0, 0, 0, 0, 0, 0, 0, 0, 0, 1, 0, 0, 0, 1, 1, 1]",-0.8,0.0,0.0,0.0,0.0,0.0,0.0,0.0,0.0,0.0
"[0, 0, 1, 0, 0, 1, 0, 0, 1, 1, 1, 1, 1, 0, 0, 1, 0, 0, 0, 0, 1, 1, 1]",0.0,0.0,0.0,0.0,0.0,0.0,0.0,0.0,0.0,0.0
"[0, 0, 0, 0, 0, 0, 0, 0, 1, 0, 1, 0, 0, 1, 0, 1, 1, 1, 0, 0, 0, 1, 1]",-0.8,0.8,0.0,0.0,0.0,0.0,0.0,0.0,0.0,0.0
"[0, 0, 0, 0, 0, 0, 1, 0, 0, 0, 0, 0, 0, 0, 0, 1, 1, 0, 0, 0, 1, 1, 1]",-0.8,0.8,0.0,0.0,0.0,0.0,0.0,0.0,0.0,0.0
"[0, 0, 0, 0, 0, 0, 0, 1, 0, 0, 0, 0, 0, 0, 0, 0, 1, 0, 0, 0, 1, 1, 1]",-0.8,4.280997644679907,0.0,0.0,0.0,0.0,0.0,0.0,0.0,0.0
"[0, 0, 1, 0, 0, 0, 0, 0, 0, 1, 1, 0, 0, 0, 0, 0, 0, 0, 0, 0, 0, 0, 1]",-0.8,-0.8,-0.8,0.0,0.0,0.0,0.0,0.0,0.0,0.0
"[0, 0, 1, 0, 0, 0, 0, 0, 0, 0, 1, 0, 0, 0, 0, 0, 0, 0, 0, 0, 1, 0, 1]",-0.8,-0.8,0.0,0.0,0.0,0.0,0.0,0.0,0.0,0.0
"[0, 0, 0, 0, 0, 0, 0, 0, 0, 0, 1, 0, 0, 0, 0, 0, 0, 0, 0, 0, 0, 0, 0]",0.0,0.0,0.0,0.0,0.0,0.0,0.0,0.0,0.0,0.0
"[0, 1, 0, 0, 1, 0, 0, 0, 0, 0, 0, 0, 0, 1, 0, 0, 0, 0, 0, 0, 1, 0, 1]",0.0,0.0,0.0,0.0,0.0,0.0,0.0,0.0,0.0,0.0
"[0, 1, 0, 0, 0, 0, 0, 1, 0, 0, 0, 0, 1, 1, 1, 0, 0, 0, 0, 0, 0, 1, 1]",-0.8,0.3247601726714062,0.0,0.0,0.0,0.0,0.0,0.0,0.0,0.0
"[0, 1, 0, 0, 0, 0, 0, 1, 0, 0, 0, 0, 1, 1, 1, 0, 0, 0, 0, 0, 1, 1, 1]",0.0,0.0,0.0,0.0,0.0,-800.8,0.0,0.0,0.0,0.0
"[0, 0, 0, 0, 0, 0, 0, 1, 0, 1, 1, 1, 0, 0, 0, 0, 0, 0, 0, 0, 1, 1, 1]",0.0,0.0,0.0,0.0,0.0,0.0,0.0,0.0,0.0,0.0
"[0, 0, 0, 0, 0, 0, 0, 0, 0, 1, 1, 0, 1, 0, 0, 1, 1, 0, 0, 0, 0, 1, 0]",-0.8,0.0,0.0,0.0,0.0,0.0,0.0,0.0,0.0,0.0
"[0, 0, 0, 0, 0, 0, 1, 0, 0, 1, 1, 1, 0, 0, 1, 0, 0, 1, 0, 0, 0, 1, 1]",-0.8,0.8,0.0,0.0,0.0,0.0,0.0,0.0,0.0,0.0
"[0, 0, 0, 0, 0, 0, 0, 1, 0, 1, 1, 1, 1, 0, 0, 1, 0, 0, 0, 0, 0, 1, 1]",-0.8,-797.2560401976325,0.0,0.0,0.0,0.0,0.0,0.0,0.0,0.0
"[0, 1, 0, 0, 1, 0, 0, 0, 0, 0, 1, 0, 0, 1, 0, 1, 1, 1, 0, 0, 0, 1, 1]",-0.8,28.89635857968217,0.0,0.0,0.0,0.0,0.0,0.0,0.0,0.0
"[0, 0, 0, 0, 0, 0, 0, 0, 1, 0, 0, 0, 0, 0, 0, 1, 1, 1, 0, 0, 0, 1, 1]",-0.8,1.5660026476987774,0.0,0.0,0.0,0.0,0.0,0.0,0.0,0.0
"[0, 1, 0, 0, 1, 0, 0, 1, 0, 0, 0, 0, 0, 0, 0, 0, 1, 0, 0, 0, 0, 1, 1]",-0.8,0.5169696872236728,0.0,0.0,0.0,0.0,0.0,0.0,0.0,0.0
"[0, 1, 0, 0, 0, 0, 0, 1, 0, 1, 1, 1, 0, 0, 0, 0, 0, 1, 0, 0, 0, 1, 1]",-0.8,0.645517416445533,0.0,0.0,0.0,0.0,0.0,0.0,0.0,0.0
"[0, 1, 0, 0, 1, 0, 0, 1, 0, 0, 0, 1, 1, 1, 1, 0, 0, 1, 0, 0, 0, 1, 1]",-0.8,-83.59009010262557,0.0,0.0,0.0,0.0,0.0,0.0,0.0,0.0
"[0, 1, 0, 0, 0, 0, 0, 1, 0, 1, 1, 1, 1, 0, 0, 1, 0, 0, 0, 0, 0, 1, 1]",-0.8,2.7439598023674776,0.0,0.0,0.0,0.0,0.0,0.0,-0.8,0.0
"[1, 0, 0, 0, 0, 0, 1, 0, 0, 1, 0, 0, 0, 0, 0, 1, 0, 0, 0, 0, 0, 1, 1]",-0.96,2.695828933687449,0.0,0.0,0.0,0.0,0.0,0.0,0.0,0.0
"[0, 0, 0, 0, 0, 0, 0, 0, 0, 1, 1, 0, 1, 0, 0, 1, 1, 0, 0, 0, 0, 1, 1]",8.18243819645196,0.0,0.0,0.0,0.0,0.0,0.0,0.0,0.0,0.0
"[0, 0, 0, 0, 0, 0, 0, 0, 0, 1, 1, 1, 1, 0, 0, 0, 0, 0, 0, 0, 1, 0, 1]",0.0,0.0,0.0,0.0,0.0,0.0,0.0,0.0,0.0,0.0
"[0, 1, 0, 0, 0, 0, 0, 1, 0, 0, 1, 0, 0, 1, 0, 0, 1, 0, 0, 0, 0, 1, 1]",-0.8,2.4118771233675904,0.0,0.0,0.0,0.0,0.0,0.0,0.0,0.0
"[0, 0, 0, 0, 0, 0, 0, 1, 0, 0, 1, 0, 0, 1, 0, 0, 1, 0, 0, 0, 0, 1, 1]",-0.8,3.9925822748551614,0.0,0.0,0.0,0.0,0.0,0.0,0.0,0.0
"[0, 0, 0, 0, 1, 0, 0, 0, 0, 0, 0, 0, 0, 0, 0, 1, 0, 1, 0, 0, 0, 1, 1]",-0.8,0.0,0.0,0.0,0.0,0.0,0.0,0.0,0.0,0.0
"[0, 0, 0, 0, 1, 0, 0, 0, 0, 0, 0, 0, 0, 0, 0, 0, 0, 1, 0, 0, 1, 1, 1]",-0.8,0.0,0.0,0.0,0.0,0.0,0.0,0.0,0.0,0.0
"[0, 0, 0, 0, 0, 0, 0, 0, 0, 0, 1, 0, 0, 0, 0, 1, 1, 0, 0, 0, 0, 1, 1]",-0.1856,0.0,0.0,0.0,0.0,0.0,0.0,0.0,0.0,0.0
"[1, 0, 0, 0, 0, 0, 1, 0, 0, 1, 1, 1, 0, 0, 0, 0, 0, 1, 0, 0, 0, 1, 1]",-0.8,3.050265673705832,0.0,0.0,0.0,0.0,0.0,0.0,0.0,0.0
"[0, 1, 0, 0, 1, 0, 0, 1, 0, 1, 0, 0, 1, 1, 1, 1, 0, 0, 0, 0, 0, 1, 1]",-0.8,0.0,0.0,0.0,0.0,0.0,0.0,2.8993905832776514,0.0,0.0
"[0, 0, 0, 0, 0, 0, 0, 0, 0, 1, 1, 0, 1, 1, 0, 1, 1, 1, 0, 0, 0, 1, 1]",0.0,0.0,0.0,0.0,0.0,0.0,0.0,2.255677717694739,0.0,0.0
"[0, 1, 0, 0, 1, 0, 0, 1, 0, 0, 0, 0, 0, 1, 0, 0, 0, 0, 0, 0, 1, 1, 1]",0.0,0.0,0.0,0.0,0.0,0.0,0.0,0.0,0.0,0.0
"[0, 1, 0, 0, 0, 0, 0, 1, 0, 1, 0, 0, 1, 0, 0, 1, 0, 0, 0, 0, 0, 1, 1]",-0.8,8.22090382311116,0.0,0.0,0.0,0.0,0.0,0.0,0.0,0.0
"[0, 0, 0, 1, 0, 0, 0, 0, 0, 0, 0, 0, 1, 1, 0, 0, 0, 0, 0, 0, 1, 1, 1]",-0.8,3.44564962043479,0.0,0.0,0.0,0.0,0.0,0.0,0.0,0.0
"[0, 0, 0, 0, 0, 0, 0, 0, 0, 0, 1, 0, 0, 0, 0, 0, 1, 0, 0, 0, 1, 1, 0]",-0.8,-0.8,0.0,0.0,0.0,0.0,0.0,0.0,0.0,0.0
"[0, 0, 0, 0, 0, 1, 0, 0, 0, 0, 0, 0, 0, 0, 0, 1, 1, 0, 0, 0, 0, 1, 1]",-0.8,0.8,0.0,0.0,0.0,0.0,0.0,0.0,0.0,0.0
"[0, 0, 0, 1, 0, 0, 0, 0, 0, 0, 0, 0, 0, 0, 0, 0, 1, 0, 0, 0, 0, 1, 1]",-0.8,4.492748760829214,0.0,0.0,0.0,0.0,0.0,0.0,0.0,0.0
"[0, 1, 0, 0, 1, 0, 0, 1, 0, 1, 1, 1, 1, 0, 0, 1, 0, 0, 0, 0, 0, 1, 1]",-0.8,9.543776226524434,0.0,0.0,0.0,0.0,0.0,0.0,0.0,0.0
"[0, 1, 0, 0, 1, 0, 0, 0, 0, 1, 0, 0, 1, 1, 1, 0, 0, 0, 0, 0, 0, 0, 1]",-0.8,0.0,0.0,0.0,0.0,0.0,0.0,0.0,0.0,7.230321677692458
"[0, 0, 0, 0, 0, 0, 1, 0, 0, 0, 0, 0, 0, 0, 0, 1, 1, 0, 0, 0, 0, 1, 1]",-0.8,0.8,0.0,0.0,0.0,0.0,0.0,0.0,0.0,0.0
"[0, 1, 0, 0, 1, 0, 0, 1, 0, 0, 0, 1, 0, 0, 0, 0, 0, 1, 0, 0, 0, 1, 1]",-0.8,1.6274163842510447,0.0,0.0,0.0,0.0,0.0,0.0,0.0,0.0
"[0, 1, 0, 0, 0, 0, 0, 1, 0, 0, 0, 1, 0, 0, 1, 0, 0, 1, 0, 0, 0, 1, 1]",-0.8,-799.7981087891179,1.823846722803895,0.0,0.0,0.0,0.0,0.0,-0.8,0.0
"[0, 0, 0, 0, 1, 0, 0, 0, 0, 0, 0, 0, 0, 0, 0, 1, 1, 1, 0, 0, 1, 1, 1]",-0.8,1.9443568640000004,0.0,0.0,0.0,0.0,0.0,0.0,0.0,0.0
"[0, 1, 0, 0, 0, 0, 0, 1, 0, 0, 1, 0, 0, 0, 0, 0, 0, 0, 0, 0, 0, 1, 1]",-0.8,4.145096302920012,0.0,0.0,0.0,0.0,0.0,0.0,0.0,0.0
"[0, 0, 0, 1, 0, 0, 1, 0, 0, 0, 1, 0, 0, 1, 0, 1, 1, 1, 0, 0, 0, 1, 1]",-0.8,5.340739039068208,0.0,0.0,0.0,0.0,0.0,0.0,0.0,0.0
"[0, 0, 1, 0, 0, 0, 0, 0, 0, 1, 1, 1, 0, 1, 0, 0, 0, 0, 0, 0, 0, 0, 1]",-0.8,-0.8,-0.8,-800.8,0.0,0.0,0.0,0.0,0.0,0.0
"[0, 0, 0, 0, 0, 1, 0, 0, 0, 0, 1, 0, 0, 1, 0, 1, 1, 1, 0, 0, 0, 1, 1]",-0.8,1.5477225604645974,0.0,0.0,0.0,0.0,0.0,0.0,0.0,0.0
"[0, 0, 0, 1, 0, 0, 1, 0, 0, 0, 0, 0, 0, 0, 0, 1, 1, 0, 0, 0, 0, 1, 1]",-0.8,0.8,0.0,0.0,0.0,0.0,0.0,0.0,0.0,0.0
"[0, 0, 0, 0, 1, 0, 0, 1, 0, 0, 0, 0, 0, 0, 0, 0, 1, 0, 0, 0, 0, 1, 1]",-0.8,3.340854071542357,0.0,0.0,0.0,0.0,0.0,0.0,0.0,0.0
"[0, 0, 1, 0, 0, 1, 0, 0, 1, 0, 0, 0, 1, 1, 0, 0, 0, 0, 0, 0, 1, 1, 1]",-0.8,-0.8,0.0,0.0,0.0,0.0,0.0,0.0,0.0,0.0
"[0, 0, 1, 0, 0, 0, 0, 0, 1, 0, 1, 0, 0, 0, 0, 0, 0, 0, 0, 0, 0, 1, 1]",-0.8,-0.8,9.439491730231513,0.0,0.0,0.0,0.0,0.0,0.0,0.0
"[0, 0, 1, 0, 0, 0, 0, 0, 1, 1, 1, 0, 0, 0, 0, 0, 0, 0, 0, 0, 0, 1, 1]",0.0,0.0,-798.4400607256931,0.0,0.0,0.0,0.0,0.0,0.0,0.0
"[0, 0, 0, 0, 1, 0, 0, 0, 0, 1, 1, 1, 0, 1, 0, 0, 1, 0, 0, 0, 0, 1, 1]",-0.8,8.826391333576543,0.0,0.0,0.0,0.0,0.0,0.0,0.0,0.0
"[0, 1, 0, 0, 1, 0, 0, 0, 0, 1, 1, 1, 1, 0, 0, 0, 0, 0, 0, 0, 0, 0, 1]",-0.8,0.8,0.0,0.0,0.0,0.0,0.0,0.0,0.0,0.0
"[0, 0, 0, 0, 0, 1, 0, 0, 1, 0, 1, 0, 0, 1, 0, 0, 1, 0, 0, 0, 0, 1, 1]",-0.8,8.705320413991613,0.0,0.0,0.0,0.0,0.0,0.0,0.0,0.0
"[0, 1, 0, 0, 1, 0, 0, 1, 0, 0, 1, 0, 1, 1, 1, 0, 1, 0, 0, 0, 0, 1, 1]",-0.8,3.3090963252320713,0.0,0.0,0.0,0.0,0.0,0.0,0.0,0.0
"[0, 1, 0, 0, 1, 0, 0, 0, 0, 0, 1, 0, 0, 0, 0, 0, 0, 0, 0, 0, 0, 1, 1]",0.0,0.0,0.0,0.0,0.0,0.0,0.0,0.0,0.0,0.0
"[0, 0, 1, 0, 0, 1, 0, 0, 0, 0, 1, 0, 0, 0, 0, 0, 0, 0, 0, 0, 1, 1, 1]",0.0,0.0,0.0,0.0,0.0,0.0,0.0,0.0,0.0,0.0
"[0, 0, 0, 0, 0, 0, 0, 0, 0, 1, 1, 1, 0, 0, 0, 0, 0, 1, 0, 0, 1, 1, 1]",-0.8,0.8,0.0,0.0,0.0,0.0,0.0,0.0,0.0,0.0
"[0, 0, 0, 0, 0, 0, 0, 0, 0, 1, 1, 0, 0, 0, 0, 1, 0, 0, 0, 0, 1, 1, 0]",0.0,0.0,0.0,0.0,0.0,0.0,0.0,0.0,0.0,0.0
"[0, 0, 0, 0, 1, 0, 0, 0, 0, 0, 0, 1, 0, 0, 1, 1, 1, 1, 0, 0, 0, 1, 1]",-0.5,29.04767113836299,0.0,0.0,0.0,0.0,0.0,0.0,0.0,0.0
